data/fafb_sample/swc/720575940638730805.swc	optic_lobe_intrinsic
data/fafb_sample/swc/720575940632629551.swc	optic_lobe_intrinsic
data/fafb_sample/swc/720575940623745816.swc	optic_lobe_intrinsic
data/fafb_sample/swc/720575940605765408.swc	optic_lobe_intrinsic
data/fafb_sample/swc/720575940653456630.swc	optic_lobe_intrinsic
data/fafb_sample/swc/720575940635244133.swc	optic_lobe_intrinsic
data/fafb_sample/swc/720575940633391246.swc	optic_lobe_intrinsic
data/fafb_sample/swc/720575940615515039.swc	optic_lobe_intrinsic
data/fafb_sample/swc/720575940615555746.swc	optic_lobe_intrinsic
data/fafb_sample/swc/720575940617997115.swc	optic_lobe_intrinsic
data/fafb_sample/swc/720575940635722335.swc	optic_lobe_intrinsic
data/fafb_sample/swc/720575940611059012.swc	optic_lobe_intrinsic
data/fafb_sample/swc/720575940604992457.swc	optic_lobe_intrinsic
data/fafb_sample/swc/720575940631030124.swc	optic_lobe_intrinsic
data/fafb_sample/swc/720575940618802757.swc	optic_lobe_intrinsic
data/fafb_sample/swc/720575940630374871.swc	optic_lobe_intrinsic
data/fafb_sample/swc/720575940645252643.swc	optic_lobe_intrinsic
data/fafb_sample/swc/720575940621930273.swc	optic_lobe_intrinsic
data/fafb_sample/swc/720575940639820477.swc	optic_lobe_intrinsic
data/fafb_sample/swc/720575940612760306.swc	optic_lobe_intrinsic
data/fafb_sample/swc/720575940628682314.swc	optic_lobe_intrinsic
data/fafb_sample/swc/720575940623746282.swc	optic_lobe_intrinsic
data/fafb_sample/swc/720575940639680573.swc	optic_lobe_intrinsic
data/fafb_sample/swc/720575940630033767.swc	optic_lobe_intrinsic
data/fafb_sample/swc/720575940626610831.swc	optic_lobe_intrinsic
data/fafb_sample/swc/720575940615395990.swc	optic_lobe_intrinsic
data/fafb_sample/swc/720575940618892801.swc	optic_lobe_intrinsic
data/fafb_sample/swc/720575940626324005.swc	optic_lobe_intrinsic
data/fafb_sample/swc/720575940623686605.swc	optic_lobe_intrinsic
data/fafb_sample/swc/720575940623524393.swc	optic_lobe_intrinsic
data/fafb_sample/swc/720575940618730832.swc	optic_lobe_intrinsic
data/fafb_sample/swc/720575940624030600.swc	optic_lobe_intrinsic
data/fafb_sample/swc/720575940628602371.swc	optic_lobe_intrinsic
data/fafb_sample/swc/720575940607057794.swc	optic_lobe_intrinsic
data/fafb_sample/swc/720575940607520434.swc	optic_lobe_intrinsic
data/fafb_sample/swc/720575940628653568.swc	optic_lobe_intrinsic
data/fafb_sample/swc/720575940619348859.swc	optic_lobe_intrinsic
data/fafb_sample/swc/720575940611925873.swc	optic_lobe_intrinsic
data/fafb_sample/swc/720575940609032405.swc	optic_lobe_intrinsic
data/fafb_sample/swc/720575940615434750.swc	optic_lobe_intrinsic
data/fafb_sample/swc/720575940605772064.swc	optic_lobe_intrinsic
data/fafb_sample/swc/720575940642230005.swc	optic_lobe_intrinsic
data/fafb_sample/swc/720575940631303675.swc	optic_lobe_intrinsic
data/fafb_sample/swc/720575940637101157.swc	optic_lobe_intrinsic
data/fafb_sample/swc/720575940629148145.swc	optic_lobe_intrinsic
data/fafb_sample/swc/720575940620926657.swc	optic_lobe_intrinsic
data/fafb_sample/swc/720575940636266341.swc	optic_lobe_intrinsic
data/fafb_sample/swc/720575940631141164.swc	optic_lobe_intrinsic
data/fafb_sample/swc/720575940610077816.swc	optic_lobe_intrinsic
data/fafb_sample/swc/720575940633009453.swc	optic_lobe_intrinsic
data/fafb_sample/swc/720575940622222597.swc	optic_lobe_intrinsic
data/fafb_sample/swc/720575940622949117.swc	optic_lobe_intrinsic
data/fafb_sample/swc/720575940639158461.swc	optic_lobe_intrinsic
data/fafb_sample/swc/720575940605898016.swc	optic_lobe_intrinsic
data/fafb_sample/swc/720575940620935360.swc	optic_lobe_intrinsic
data/fafb_sample/swc/720575940635308479.swc	optic_lobe_intrinsic
data/fafb_sample/swc/720575940632998957.swc	optic_lobe_intrinsic
data/fafb_sample/swc/720575940617692811.swc	optic_lobe_intrinsic
data/fafb_sample/swc/720575940628719592.swc	optic_lobe_intrinsic
data/fafb_sample/swc/720575940635696052.swc	optic_lobe_intrinsic
data/fafb_sample/swc/720575940617102716.swc	optic_lobe_intrinsic
data/fafb_sample/swc/720575940629508081.swc	optic_lobe_intrinsic
data/fafb_sample/swc/720575940624085395.swc	optic_lobe_intrinsic
data/fafb_sample/swc/720575940634015969.swc	optic_lobe_intrinsic
data/fafb_sample/swc/720575940634164832.swc	optic_lobe_intrinsic
data/fafb_sample/swc/720575940617307275.swc	optic_lobe_intrinsic
data/fafb_sample/swc/720575940613570326.swc	optic_lobe_intrinsic
data/fafb_sample/swc/720575940610077635.swc	optic_lobe_intrinsic
data/fafb_sample/swc/720575940613550376.swc	optic_lobe_intrinsic
data/fafb_sample/swc/720575940613474710.swc	optic_lobe_intrinsic
data/fafb_sample/swc/720575940637539806.swc	optic_lobe_intrinsic
data/fafb_sample/swc/720575940628452369.swc	optic_lobe_intrinsic
data/fafb_sample/swc/720575940623907533.swc	optic_lobe_intrinsic
data/fafb_sample/swc/720575940620443725.swc	optic_lobe_intrinsic
data/fafb_sample/swc/720575940627263400.swc	optic_lobe_intrinsic
data/fafb_sample/swc/720575940635735903.swc	optic_lobe_intrinsic
data/fafb_sample/swc/720575940640073560.swc	optic_lobe_intrinsic
data/fafb_sample/swc/720575940617906589.swc	optic_lobe_intrinsic
data/fafb_sample/swc/720575940624446442.swc	optic_lobe_intrinsic
data/fafb_sample/swc/720575940613497573.swc	optic_lobe_intrinsic
data/fafb_sample/swc/720575940638553828.swc	optic_lobe_intrinsic
data/fafb_sample/swc/720575940608462857.swc	optic_lobe_intrinsic
data/fafb_sample/swc/720575940624955406.swc	optic_lobe_intrinsic
data/fafb_sample/swc/720575940606515814.swc	optic_lobe_intrinsic
data/fafb_sample/swc/720575940621905946.swc	optic_lobe_intrinsic
data/fafb_sample/swc/720575940639040445.swc	optic_lobe_intrinsic
data/fafb_sample/swc/720575940617976523.swc	optic_lobe_intrinsic
data/fafb_sample/swc/720575940613568790.swc	optic_lobe_intrinsic
data/fafb_sample/swc/720575940627725072.swc	optic_lobe_intrinsic
data/fafb_sample/swc/720575940613818134.swc	optic_lobe_intrinsic
data/fafb_sample/swc/720575940609099787.swc	optic_lobe_intrinsic
data/fafb_sample/swc/720575940624992100.swc	optic_lobe_intrinsic
data/fafb_sample/swc/720575940610427050.swc	optic_lobe_intrinsic
data/fafb_sample/swc/720575940640255104.swc	optic_lobe_intrinsic
data/fafb_sample/swc/720575940620915565.swc	optic_lobe_intrinsic
data/fafb_sample/swc/720575940625625324.swc	optic_lobe_intrinsic
data/fafb_sample/swc/720575940614547879.swc	optic_lobe_intrinsic
data/fafb_sample/swc/720575940635755768.swc	optic_lobe_intrinsic
data/fafb_sample/swc/720575940611913938.swc	optic_lobe_intrinsic
data/fafb_sample/swc/720575940612107362.swc	optic_lobe_intrinsic
data/fafb_sample/swc/720575940609758403.swc	optic_lobe_intrinsic
data/fafb_sample/swc/720575940639675480.swc	optic_lobe_intrinsic
data/fafb_sample/swc/720575940623408764.swc	optic_lobe_intrinsic
data/fafb_sample/swc/720575940611113625.swc	optic_lobe_intrinsic
data/fafb_sample/swc/720575940627629464.swc	optic_lobe_intrinsic
data/fafb_sample/swc/720575940632308025.swc	optic_lobe_intrinsic
data/fafb_sample/swc/720575940640620376.swc	optic_lobe_intrinsic
data/fafb_sample/swc/720575940633820130.swc	optic_lobe_intrinsic
data/fafb_sample/swc/720575940630176211.swc	optic_lobe_intrinsic
data/fafb_sample/swc/720575940617223867.swc	optic_lobe_intrinsic
data/fafb_sample/swc/720575940616875532.swc	optic_lobe_intrinsic
data/fafb_sample/swc/720575940611235534.swc	optic_lobe_intrinsic
data/fafb_sample/swc/720575940617608377.swc	optic_lobe_intrinsic
data/fafb_sample/swc/720575940612616883.swc	optic_lobe_intrinsic
data/fafb_sample/swc/720575940637005801.swc	optic_lobe_intrinsic
data/fafb_sample/swc/720575940609544917.swc	optic_lobe_intrinsic
data/fafb_sample/swc/720575940620152144.swc	optic_lobe_intrinsic
data/fafb_sample/swc/720575940621354155.swc	optic_lobe_intrinsic
data/fafb_sample/swc/720575940639645859.swc	optic_lobe_intrinsic
data/fafb_sample/swc/720575940632872670.swc	optic_lobe_intrinsic
data/fafb_sample/swc/720575940637633758.swc	optic_lobe_intrinsic
data/fafb_sample/swc/720575940615204862.swc	optic_lobe_intrinsic
data/fafb_sample/swc/720575940634054355.swc	optic_lobe_intrinsic
data/fafb_sample/swc/720575940622320874.swc	optic_lobe_intrinsic
data/fafb_sample/swc/720575940614587538.swc	optic_lobe_intrinsic
data/fafb_sample/swc/720575940646544675.swc	optic_lobe_intrinsic
data/fafb_sample/swc/720575940636838062.swc	optic_lobe_intrinsic
data/fafb_sample/swc/720575940633458084.swc	optic_lobe_intrinsic
data/fafb_sample/swc/720575940611928037.swc	optic_lobe_intrinsic
data/fafb_sample/swc/720575940607019906.swc	optic_lobe_intrinsic
data/fafb_sample/swc/720575940634153497.swc	optic_lobe_intrinsic
data/fafb_sample/swc/720575940630173228.swc	optic_lobe_intrinsic
data/fafb_sample/swc/720575940640947408.swc	optic_lobe_intrinsic
data/fafb_sample/swc/720575940618370260.swc	optic_lobe_intrinsic
data/fafb_sample/swc/720575940618448017.swc	optic_lobe_intrinsic
data/fafb_sample/swc/720575940619863120.swc	optic_lobe_intrinsic
data/fafb_sample/swc/720575940624293895.swc	optic_lobe_intrinsic
data/fafb_sample/swc/720575940631528466.swc	optic_lobe_intrinsic
data/fafb_sample/swc/720575940628874039.swc	optic_lobe_intrinsic
data/fafb_sample/swc/720575940624051348.swc	optic_lobe_intrinsic
data/fafb_sample/swc/720575940613413874.swc	optic_lobe_intrinsic
data/fafb_sample/swc/720575940633195437.swc	optic_lobe_intrinsic
data/fafb_sample/swc/720575940614051326.swc	optic_lobe_intrinsic
data/fafb_sample/swc/720575940617459156.swc	optic_lobe_intrinsic
data/fafb_sample/swc/720575940616143922.swc	optic_lobe_intrinsic
data/fafb_sample/swc/720575940630152492.swc	optic_lobe_intrinsic
data/fafb_sample/swc/720575940613073901.swc	optic_lobe_intrinsic
data/fafb_sample/swc/720575940624965012.swc	optic_lobe_intrinsic
data/fafb_sample/swc/720575940615573131.swc	optic_lobe_intrinsic
data/fafb_sample/swc/720575940632978402.swc	optic_lobe_intrinsic
data/fafb_sample/swc/720575940639509565.swc	optic_lobe_intrinsic
data/fafb_sample/swc/720575940626969752.swc	optic_lobe_intrinsic
data/fafb_sample/swc/720575940632138051.swc	optic_lobe_intrinsic
data/fafb_sample/swc/720575940629956652.swc	optic_lobe_intrinsic
data/fafb_sample/swc/720575940615458060.swc	optic_lobe_intrinsic
data/fafb_sample/swc/720575940614747559.swc	optic_lobe_intrinsic
data/fafb_sample/swc/720575940624173459.swc	optic_lobe_intrinsic
data/fafb_sample/swc/720575940612878193.swc	optic_lobe_intrinsic
data/fafb_sample/swc/720575940635534328.swc	optic_lobe_intrinsic
data/fafb_sample/swc/720575940626816912.swc	optic_lobe_intrinsic
data/fafb_sample/swc/720575940630378583.swc	optic_lobe_intrinsic
data/fafb_sample/swc/720575940631701608.swc	optic_lobe_intrinsic
data/fafb_sample/swc/720575940630237239.swc	optic_lobe_intrinsic
data/fafb_sample/swc/720575940626949894.swc	optic_lobe_intrinsic
data/fafb_sample/swc/720575940626569085.swc	optic_lobe_intrinsic
data/fafb_sample/swc/720575940621173158.swc	optic_lobe_intrinsic
data/fafb_sample/swc/720575940618536350.swc	optic_lobe_intrinsic
data/fafb_sample/swc/720575940622944588.swc	optic_lobe_intrinsic
data/fafb_sample/swc/720575940635157600.swc	optic_lobe_intrinsic
data/fafb_sample/swc/720575940620842516.swc	optic_lobe_intrinsic
data/fafb_sample/swc/720575940627295930.swc	optic_lobe_intrinsic
data/fafb_sample/swc/720575940626287408.swc	optic_lobe_intrinsic
data/fafb_sample/swc/720575940645375511.swc	optic_lobe_intrinsic
data/fafb_sample/swc/720575940626704058.swc	optic_lobe_intrinsic
data/fafb_sample/swc/720575940618068409.swc	optic_lobe_intrinsic
data/fafb_sample/swc/720575940613337829.swc	optic_lobe_intrinsic
data/fafb_sample/swc/720575940616322098.swc	optic_lobe_intrinsic
data/fafb_sample/swc/720575940627047468.swc	optic_lobe_intrinsic
data/fafb_sample/swc/720575940623313740.swc	optic_lobe_intrinsic
data/fafb_sample/swc/720575940634960319.swc	optic_lobe_intrinsic
data/fafb_sample/swc/720575940636777700.swc	optic_lobe_intrinsic
data/fafb_sample/swc/720575940606039980.swc	optic_lobe_intrinsic
data/fafb_sample/swc/720575940612345713.swc	optic_lobe_intrinsic
data/fafb_sample/swc/720575940616353247.swc	optic_lobe_intrinsic
data/fafb_sample/swc/720575940630598487.swc	optic_lobe_intrinsic
data/fafb_sample/swc/720575940633124252.swc	optic_lobe_intrinsic
data/fafb_sample/swc/720575940624940019.swc	optic_lobe_intrinsic
data/fafb_sample/swc/720575940646662947.swc	optic_lobe_intrinsic
data/fafb_sample/swc/720575940617259835.swc	optic_lobe_intrinsic
data/fafb_sample/swc/720575940633946720.swc	optic_lobe_intrinsic
data/fafb_sample/swc/720575940624812780.swc	optic_lobe_intrinsic
data/fafb_sample/swc/720575940615676226.swc	optic_lobe_intrinsic
data/fafb_sample/swc/720575940631476311.swc	optic_lobe_intrinsic
data/fafb_sample/swc/720575940630289408.swc	optic_lobe_intrinsic
data/fafb_sample/swc/720575940611290005.swc	optic_lobe_intrinsic
data/fafb_sample/swc/720575940616364289.swc	optic_lobe_intrinsic
data/fafb_sample/swc/720575940629976594.swc	optic_lobe_intrinsic
data/fafb_sample/swc/720575940630085676.swc	optic_lobe_intrinsic
data/fafb_sample/swc/720575940628030724.swc	optic_lobe_intrinsic
data/fafb_sample/swc/720575940613843570.swc	optic_lobe_intrinsic
data/fafb_sample/swc/720575940633829459.swc	optic_lobe_intrinsic
data/fafb_sample/swc/720575940622301162.swc	optic_lobe_intrinsic
data/fafb_sample/swc/720575940605630944.swc	optic_lobe_intrinsic
data/fafb_sample/swc/720575940628736873.swc	optic_lobe_intrinsic
data/fafb_sample/swc/720575940630784962.swc	optic_lobe_intrinsic
data/fafb_sample/swc/720575940608585993.swc	optic_lobe_intrinsic
data/fafb_sample/swc/720575940616879158.swc	optic_lobe_intrinsic
data/fafb_sample/swc/720575940610760312.swc	optic_lobe_intrinsic
data/fafb_sample/swc/720575940627702012.swc	optic_lobe_intrinsic
data/fafb_sample/swc/720575940624933813.swc	optic_lobe_intrinsic
data/fafb_sample/swc/720575940633267620.swc	optic_lobe_intrinsic
data/fafb_sample/swc/720575940628623176.swc	optic_lobe_intrinsic
data/fafb_sample/swc/720575940631665426.swc	optic_lobe_intrinsic
data/fafb_sample/swc/720575940615368702.swc	optic_lobe_intrinsic
data/fafb_sample/swc/720575940626943269.swc	optic_lobe_intrinsic
data/fafb_sample/swc/720575940626746969.swc	optic_lobe_intrinsic
data/fafb_sample/swc/720575940624041924.swc	optic_lobe_intrinsic
data/fafb_sample/swc/720575940625943340.swc	optic_lobe_intrinsic
data/fafb_sample/swc/720575940626453762.swc	optic_lobe_intrinsic
data/fafb_sample/swc/720575940624971653.swc	optic_lobe_intrinsic
data/fafb_sample/swc/720575940622636312.swc	optic_lobe_intrinsic
data/fafb_sample/swc/720575940615124222.swc	optic_lobe_intrinsic
data/fafb_sample/swc/720575940617557177.swc	optic_lobe_intrinsic
data/fafb_sample/swc/720575940631199020.swc	optic_lobe_intrinsic
data/fafb_sample/swc/720575940633925472.swc	optic_lobe_intrinsic
data/fafb_sample/swc/720575940629986832.swc	optic_lobe_intrinsic
data/fafb_sample/swc/720575940619472344.swc	optic_lobe_intrinsic
data/fafb_sample/swc/720575940627521669.swc	optic_lobe_intrinsic
data/fafb_sample/swc/720575940626395394.swc	optic_lobe_intrinsic
data/fafb_sample/swc/720575940634537953.swc	optic_lobe_intrinsic
data/fafb_sample/swc/720575940637271664.swc	optic_lobe_intrinsic
data/fafb_sample/swc/720575940614221474.swc	optic_lobe_intrinsic
data/fafb_sample/swc/720575940630269399.swc	optic_lobe_intrinsic
data/fafb_sample/swc/720575940621651694.swc	optic_lobe_intrinsic
data/fafb_sample/swc/720575940632361803.swc	optic_lobe_intrinsic
data/fafb_sample/swc/720575940616955478.swc	optic_lobe_intrinsic
data/fafb_sample/swc/720575940630609858.swc	optic_lobe_intrinsic
data/fafb_sample/swc/720575940632593735.swc	optic_lobe_intrinsic
data/fafb_sample/swc/720575940640745587.swc	optic_lobe_intrinsic
data/fafb_sample/swc/720575940640020814.swc	optic_lobe_intrinsic
data/fafb_sample/swc/720575940623238441.swc	optic_lobe_intrinsic
data/fafb_sample/swc/720575940629370677.swc	optic_lobe_intrinsic
data/fafb_sample/swc/720575940632182087.swc	optic_lobe_intrinsic
data/fafb_sample/swc/720575940629451515.swc	optic_lobe_intrinsic
data/fafb_sample/swc/720575940632330344.swc	optic_lobe_intrinsic
data/fafb_sample/swc/720575940634264601.swc	optic_lobe_intrinsic
data/fafb_sample/swc/720575940627510012.swc	optic_lobe_intrinsic
data/fafb_sample/swc/720575940626091326.swc	optic_lobe_intrinsic
data/fafb_sample/swc/720575940620751051.swc	optic_lobe_intrinsic
data/fafb_sample/swc/720575940625399795.swc	optic_lobe_intrinsic
data/fafb_sample/swc/720575940623420395.swc	optic_lobe_intrinsic
data/fafb_sample/swc/720575940636844974.swc	optic_lobe_intrinsic
data/fafb_sample/swc/720575940605073376.swc	optic_lobe_intrinsic
data/fafb_sample/swc/720575940615451646.swc	optic_lobe_intrinsic
data/fafb_sample/swc/720575940615599958.swc	optic_lobe_intrinsic
data/fafb_sample/swc/720575940609352540.swc	optic_lobe_intrinsic
data/fafb_sample/swc/720575940633295571.swc	optic_lobe_intrinsic
data/fafb_sample/swc/720575940627799317.swc	optic_lobe_intrinsic
data/fafb_sample/swc/720575940634158050.swc	optic_lobe_intrinsic
data/fafb_sample/swc/720575940609614601.swc	optic_lobe_intrinsic
data/fafb_sample/swc/720575940608670532.swc	optic_lobe_intrinsic
data/fafb_sample/swc/720575940639703229.swc	optic_lobe_intrinsic
data/fafb_sample/swc/720575940620390127.swc	optic_lobe_intrinsic
data/fafb_sample/swc/720575940630568310.swc	optic_lobe_intrinsic
data/fafb_sample/swc/720575940634172883.swc	optic_lobe_intrinsic
data/fafb_sample/swc/720575940628159119.swc	optic_lobe_intrinsic
data/fafb_sample/swc/720575940629935042.swc	optic_lobe_intrinsic
data/fafb_sample/swc/720575940647649412.swc	optic_lobe_intrinsic
data/fafb_sample/swc/720575940631394129.swc	optic_lobe_intrinsic
data/fafb_sample/swc/720575940622138136.swc	optic_lobe_intrinsic
data/fafb_sample/swc/720575940622624332.swc	optic_lobe_intrinsic
data/fafb_sample/swc/720575940611685398.swc	optic_lobe_intrinsic
data/fafb_sample/swc/720575940622117040.swc	optic_lobe_intrinsic
data/fafb_sample/swc/720575940625022183.swc	optic_lobe_intrinsic
data/fafb_sample/swc/720575940642703501.swc	optic_lobe_intrinsic
data/fafb_sample/swc/720575940627502725.swc	optic_lobe_intrinsic
data/fafb_sample/swc/720575940624566456.swc	optic_lobe_intrinsic
data/fafb_sample/swc/720575940622756596.swc	optic_lobe_intrinsic
data/fafb_sample/swc/720575940612893359.swc	optic_lobe_intrinsic
data/fafb_sample/swc/720575940631882514.swc	optic_lobe_intrinsic
data/fafb_sample/swc/720575940633352275.swc	optic_lobe_intrinsic
data/fafb_sample/swc/720575940613453539.swc	optic_lobe_intrinsic
data/fafb_sample/swc/720575940622386721.swc	optic_lobe_intrinsic
data/fafb_sample/swc/720575940627034457.swc	optic_lobe_intrinsic
data/fafb_sample/swc/720575940632396640.swc	optic_lobe_intrinsic
data/fafb_sample/swc/720575940620912225.swc	optic_lobe_intrinsic
data/fafb_sample/swc/720575940609453763.swc	optic_lobe_intrinsic
data/fafb_sample/swc/720575940616011882.swc	optic_lobe_intrinsic
data/fafb_sample/swc/720575940638842745.swc	optic_lobe_intrinsic
data/fafb_sample/swc/720575940640863064.swc	optic_lobe_intrinsic
data/fafb_sample/swc/720575940630383836.swc	optic_lobe_intrinsic
data/fafb_sample/swc/720575940620930507.swc	optic_lobe_intrinsic
data/fafb_sample/swc/720575940624647349.swc	optic_lobe_intrinsic
data/fafb_sample/swc/720575940614357138.swc	optic_lobe_intrinsic
data/fafb_sample/swc/720575940636207096.swc	optic_lobe_intrinsic
data/fafb_sample/swc/720575940628714492.swc	optic_lobe_intrinsic
data/fafb_sample/swc/720575940616906508.swc	optic_lobe_intrinsic
data/fafb_sample/swc/720575940620884133.swc	optic_lobe_intrinsic
data/fafb_sample/swc/720575940641552117.swc	optic_lobe_intrinsic
data/fafb_sample/swc/720575940632180299.swc	optic_lobe_intrinsic
data/fafb_sample/swc/720575940619838001.swc	optic_lobe_intrinsic
data/fafb_sample/swc/720575940616478294.swc	optic_lobe_intrinsic
data/fafb_sample/swc/720575940628870474.swc	optic_lobe_intrinsic
data/fafb_sample/swc/720575940637255781.swc	optic_lobe_intrinsic
data/fafb_sample/swc/720575940630596716.swc	optic_lobe_intrinsic
data/fafb_sample/swc/720575940652614390.swc	optic_lobe_intrinsic
data/fafb_sample/swc/720575940622399002.swc	optic_lobe_intrinsic
data/fafb_sample/swc/720575940612645269.swc	optic_lobe_intrinsic
data/fafb_sample/swc/720575940614248367.swc	optic_lobe_intrinsic
data/fafb_sample/swc/720575940630868215.swc	optic_lobe_intrinsic
data/fafb_sample/swc/720575940627161662.swc	optic_lobe_intrinsic
data/fafb_sample/swc/720575940625860595.swc	optic_lobe_intrinsic
data/fafb_sample/swc/720575940652520438.swc	optic_lobe_intrinsic
data/fafb_sample/swc/720575940628525318.swc	optic_lobe_intrinsic
data/fafb_sample/swc/720575940607363593.swc	optic_lobe_intrinsic
data/fafb_sample/swc/720575940629796218.swc	optic_lobe_intrinsic
data/fafb_sample/swc/720575940608988280.swc	optic_lobe_intrinsic
data/fafb_sample/swc/720575940610319428.swc	optic_lobe_intrinsic
data/fafb_sample/swc/720575940619799768.swc	optic_lobe_intrinsic
data/fafb_sample/swc/720575940615351995.swc	optic_lobe_intrinsic
data/fafb_sample/swc/720575940645497892.swc	optic_lobe_intrinsic
data/fafb_sample/swc/720575940624182089.swc	optic_lobe_intrinsic
data/fafb_sample/swc/720575940612554163.swc	optic_lobe_intrinsic
data/fafb_sample/swc/720575940628223570.swc	optic_lobe_intrinsic
data/fafb_sample/swc/720575940633826458.swc	optic_lobe_intrinsic
data/fafb_sample/swc/720575940622185654.swc	optic_lobe_intrinsic
data/fafb_sample/swc/720575940613762285.swc	optic_lobe_intrinsic
data/fafb_sample/swc/720575940610386786.swc	optic_lobe_intrinsic
data/fafb_sample/swc/720575940639953742.swc	optic_lobe_intrinsic
data/fafb_sample/swc/720575940619704000.swc	optic_lobe_intrinsic
data/fafb_sample/swc/720575940614256435.swc	optic_lobe_intrinsic
data/fafb_sample/swc/720575940629474620.swc	optic_lobe_intrinsic
data/fafb_sample/swc/720575940637938409.swc	optic_lobe_intrinsic
data/fafb_sample/swc/720575940614284463.swc	optic_lobe_intrinsic
data/fafb_sample/swc/720575940634433180.swc	optic_lobe_intrinsic
data/fafb_sample/swc/720575940639086399.swc	optic_lobe_intrinsic
data/fafb_sample/swc/720575940624548332.swc	optic_lobe_intrinsic
data/fafb_sample/swc/720575940629821775.swc	optic_lobe_intrinsic
data/fafb_sample/swc/720575940627887944.swc	optic_lobe_intrinsic
data/fafb_sample/swc/720575940630342764.swc	optic_lobe_intrinsic
data/fafb_sample/swc/720575940630684524.swc	optic_lobe_intrinsic
data/fafb_sample/swc/720575940621406429.swc	optic_lobe_intrinsic
data/fafb_sample/swc/720575940611187298.swc	optic_lobe_intrinsic
data/fafb_sample/swc/720575940626387282.swc	optic_lobe_intrinsic
data/fafb_sample/swc/720575940625926858.swc	optic_lobe_intrinsic
data/fafb_sample/swc/720575940629412139.swc	optic_lobe_intrinsic
data/fafb_sample/swc/720575940621936666.swc	optic_lobe_intrinsic
data/fafb_sample/swc/720575940613878824.swc	optic_lobe_intrinsic
data/fafb_sample/swc/720575940627040266.swc	optic_lobe_intrinsic
data/fafb_sample/swc/720575940625808656.swc	optic_lobe_intrinsic
data/fafb_sample/swc/720575940630663034.swc	optic_lobe_intrinsic
data/fafb_sample/swc/720575940622939317.swc	optic_lobe_intrinsic
data/fafb_sample/swc/720575940624331082.swc	optic_lobe_intrinsic
data/fafb_sample/swc/720575940651966198.swc	optic_lobe_intrinsic
data/fafb_sample/swc/720575940607848578.swc	optic_lobe_intrinsic
data/fafb_sample/swc/720575940626780464.swc	optic_lobe_intrinsic
data/fafb_sample/swc/720575940631573034.swc	optic_lobe_intrinsic
data/fafb_sample/swc/720575940624793673.swc	optic_lobe_intrinsic
data/fafb_sample/swc/720575940633583187.swc	optic_lobe_intrinsic
data/fafb_sample/swc/720575940621434100.swc	optic_lobe_intrinsic
data/fafb_sample/swc/720575940640345176.swc	optic_lobe_intrinsic
data/fafb_sample/swc/720575940636727726.swc	optic_lobe_intrinsic
data/fafb_sample/swc/720575940623639261.swc	optic_lobe_intrinsic
data/fafb_sample/swc/720575940619330287.swc	optic_lobe_intrinsic
data/fafb_sample/swc/720575940630697576.swc	optic_lobe_intrinsic
data/fafb_sample/swc/720575940618239745.swc	optic_lobe_intrinsic
data/fafb_sample/swc/720575940632049804.swc	optic_lobe_intrinsic
data/fafb_sample/swc/720575940622219015.swc	optic_lobe_intrinsic
data/fafb_sample/swc/720575940615554646.swc	optic_lobe_intrinsic
data/fafb_sample/swc/720575940634682593.swc	optic_lobe_intrinsic
data/fafb_sample/swc/720575940644726688.swc	optic_lobe_intrinsic
data/fafb_sample/swc/720575940620006104.swc	optic_lobe_intrinsic
data/fafb_sample/swc/720575940630360119.swc	optic_lobe_intrinsic
data/fafb_sample/swc/720575940628154184.swc	optic_lobe_intrinsic
data/fafb_sample/swc/720575940633392804.swc	optic_lobe_intrinsic
data/fafb_sample/swc/720575940609794372.swc	optic_lobe_intrinsic
data/fafb_sample/swc/720575940631852997.swc	optic_lobe_intrinsic
data/fafb_sample/swc/720575940629320963.swc	optic_lobe_intrinsic
data/fafb_sample/swc/720575940626702026.swc	optic_lobe_intrinsic
data/fafb_sample/swc/720575940646766883.swc	optic_lobe_intrinsic
data/fafb_sample/swc/720575940614944040.swc	optic_lobe_intrinsic
data/fafb_sample/swc/720575940629409040.swc	optic_lobe_intrinsic
data/fafb_sample/swc/720575940616136565.swc	optic_lobe_intrinsic
data/fafb_sample/swc/720575940645009864.swc	optic_lobe_intrinsic
data/fafb_sample/swc/720575940624985831.swc	optic_lobe_intrinsic
data/fafb_sample/swc/720575940625811812.swc	optic_lobe_intrinsic
data/fafb_sample/swc/720575940614631422.swc	optic_lobe_intrinsic
data/fafb_sample/swc/720575940611760277.swc	optic_lobe_intrinsic
data/fafb_sample/swc/720575940629384689.swc	optic_lobe_intrinsic
data/fafb_sample/swc/720575940627830354.swc	optic_lobe_intrinsic
data/fafb_sample/swc/720575940627978183.swc	optic_lobe_intrinsic
data/fafb_sample/swc/720575940614881745.swc	optic_lobe_intrinsic
data/fafb_sample/swc/720575940627454595.swc	optic_lobe_intrinsic
data/fafb_sample/swc/720575940624479752.swc	optic_lobe_intrinsic
data/fafb_sample/swc/720575940623340073.swc	optic_lobe_intrinsic
data/fafb_sample/swc/720575940621881328.swc	optic_lobe_intrinsic
data/fafb_sample/swc/720575940636133733.swc	optic_lobe_intrinsic
data/fafb_sample/swc/720575940625915064.swc	optic_lobe_intrinsic
data/fafb_sample/swc/720575940625008572.swc	optic_lobe_intrinsic
data/fafb_sample/swc/720575940620495343.swc	optic_lobe_intrinsic
data/fafb_sample/swc/720575940631025995.swc	optic_lobe_intrinsic
data/fafb_sample/swc/720575940613261283.swc	optic_lobe_intrinsic
data/fafb_sample/swc/720575940617423316.swc	optic_lobe_intrinsic
data/fafb_sample/swc/720575940630795148.swc	optic_lobe_intrinsic
data/fafb_sample/swc/720575940631934787.swc	optic_lobe_intrinsic
data/fafb_sample/swc/720575940631005015.swc	optic_lobe_intrinsic
data/fafb_sample/swc/720575940619022757.swc	optic_lobe_intrinsic
data/fafb_sample/swc/720575940624488712.swc	optic_lobe_intrinsic
data/fafb_sample/swc/720575940609027029.swc	optic_lobe_intrinsic
data/fafb_sample/swc/720575940631777603.swc	optic_lobe_intrinsic
data/fafb_sample/swc/720575940618829915.swc	optic_lobe_intrinsic
data/fafb_sample/swc/720575940627685544.swc	optic_lobe_intrinsic
data/fafb_sample/swc/720575940607392898.swc	optic_lobe_intrinsic
data/fafb_sample/swc/720575940630037751.swc	optic_lobe_intrinsic
data/fafb_sample/swc/720575940644892964.swc	optic_lobe_intrinsic
data/fafb_sample/swc/720575940619803038.swc	optic_lobe_intrinsic
data/fafb_sample/swc/720575940633478687.swc	optic_lobe_intrinsic
data/fafb_sample/swc/720575940622298637.swc	optic_lobe_intrinsic
data/fafb_sample/swc/720575940620622246.swc	optic_lobe_intrinsic
data/fafb_sample/swc/720575940613964962.swc	optic_lobe_intrinsic
data/fafb_sample/swc/720575940619914801.swc	optic_lobe_intrinsic
data/fafb_sample/swc/720575940636339307.swc	optic_lobe_intrinsic
data/fafb_sample/swc/720575940614568232.swc	optic_lobe_intrinsic
data/fafb_sample/swc/720575940616034246.swc	optic_lobe_intrinsic
data/fafb_sample/swc/720575940630204286.swc	optic_lobe_intrinsic
data/fafb_sample/swc/720575940638574938.swc	optic_lobe_intrinsic
data/fafb_sample/swc/720575940623910349.swc	optic_lobe_intrinsic
data/fafb_sample/swc/720575940626777602.swc	optic_lobe_intrinsic
data/fafb_sample/swc/720575940631509753.swc	optic_lobe_intrinsic
data/fafb_sample/swc/720575940604541798.swc	optic_lobe_intrinsic
data/fafb_sample/swc/720575940631228943.swc	optic_lobe_intrinsic
data/fafb_sample/swc/720575940623506412.swc	optic_lobe_intrinsic
data/fafb_sample/swc/720575940622065761.swc	optic_lobe_intrinsic
data/fafb_sample/swc/720575940628640471.swc	optic_lobe_intrinsic
data/fafb_sample/swc/720575940616333535.swc	optic_lobe_intrinsic
data/fafb_sample/swc/720575940621637637.swc	optic_lobe_intrinsic
data/fafb_sample/swc/720575940626965562.swc	optic_lobe_intrinsic
data/fafb_sample/swc/720575940618177693.swc	optic_lobe_intrinsic
data/fafb_sample/swc/720575940627922180.swc	optic_lobe_intrinsic
data/fafb_sample/swc/720575940627976966.swc	optic_lobe_intrinsic
data/fafb_sample/swc/720575940624467947.swc	optic_lobe_intrinsic
data/fafb_sample/swc/720575940614905759.swc	optic_lobe_intrinsic
data/fafb_sample/swc/720575940640916387.swc	optic_lobe_intrinsic
data/fafb_sample/swc/720575940617304916.swc	optic_lobe_intrinsic
data/fafb_sample/swc/720575940631612970.swc	optic_lobe_intrinsic
data/fafb_sample/swc/720575940620825035.swc	optic_lobe_intrinsic
data/fafb_sample/swc/720575940627175623.swc	optic_lobe_intrinsic
data/fafb_sample/swc/720575940632172492.swc	optic_lobe_intrinsic
data/fafb_sample/swc/720575940615276438.swc	optic_lobe_intrinsic
data/fafb_sample/swc/720575940629627547.swc	optic_lobe_intrinsic
data/fafb_sample/swc/720575940626138314.swc	optic_lobe_intrinsic
data/fafb_sample/swc/720575940618117377.swc	optic_lobe_intrinsic
data/fafb_sample/swc/720575940627307522.swc	optic_lobe_intrinsic
data/fafb_sample/swc/720575940613803245.swc	optic_lobe_intrinsic
data/fafb_sample/swc/720575940631846597.swc	optic_lobe_intrinsic
data/fafb_sample/swc/720575940622708151.swc	optic_lobe_intrinsic
data/fafb_sample/swc/720575940613222770.swc	optic_lobe_intrinsic
data/fafb_sample/swc/720575940612867759.swc	optic_lobe_intrinsic
data/fafb_sample/swc/720575940629971535.swc	optic_lobe_intrinsic
data/fafb_sample/swc/720575940623621060.swc	optic_lobe_intrinsic
data/fafb_sample/swc/720575940622067572.swc	optic_lobe_intrinsic
data/fafb_sample/swc/720575940626984138.swc	optic_lobe_intrinsic
data/fafb_sample/swc/720575940608696412.swc	optic_lobe_intrinsic
data/fafb_sample/swc/720575940621262100.swc	optic_lobe_intrinsic
data/fafb_sample/swc/720575940627875144.swc	optic_lobe_intrinsic
data/fafb_sample/swc/720575940624777735.swc	optic_lobe_intrinsic
data/fafb_sample/swc/720575940623051400.swc	optic_lobe_intrinsic
data/fafb_sample/swc/720575940638472670.swc	optic_lobe_intrinsic
data/fafb_sample/swc/720575940620895761.swc	optic_lobe_intrinsic
data/fafb_sample/swc/720575940621229552.swc	optic_lobe_intrinsic
data/fafb_sample/swc/720575940620264664.swc	optic_lobe_intrinsic
data/fafb_sample/swc/720575940619794648.swc	optic_lobe_intrinsic
data/fafb_sample/swc/720575940655969441.swc	optic_lobe_intrinsic
data/fafb_sample/swc/720575940639027290.swc	optic_lobe_intrinsic
data/fafb_sample/swc/720575940614113036.swc	optic_lobe_intrinsic
data/fafb_sample/swc/720575940612871338.swc	optic_lobe_intrinsic
data/fafb_sample/swc/720575940614355665.swc	optic_lobe_intrinsic
data/fafb_sample/swc/720575940646026606.swc	optic_lobe_intrinsic
data/fafb_sample/swc/720575940609152779.swc	optic_lobe_intrinsic
data/fafb_sample/swc/720575940630980567.swc	optic_lobe_intrinsic
data/fafb_sample/swc/720575940628919495.swc	optic_lobe_intrinsic
data/fafb_sample/swc/720575940622435427.swc	optic_lobe_intrinsic
data/fafb_sample/swc/720575940626346938.swc	optic_lobe_intrinsic
data/fafb_sample/swc/720575940609348619.swc	optic_lobe_intrinsic
data/fafb_sample/swc/720575940605282220.swc	optic_lobe_intrinsic
data/fafb_sample/swc/720575940622302307.swc	optic_lobe_intrinsic
data/fafb_sample/swc/720575940627299868.swc	optic_lobe_intrinsic
data/fafb_sample/swc/720575940623041050.swc	optic_lobe_intrinsic
data/fafb_sample/swc/720575940629496619.swc	optic_lobe_intrinsic
data/fafb_sample/swc/720575940659650945.swc	optic_lobe_intrinsic
data/fafb_sample/swc/720575940632841773.swc	optic_lobe_intrinsic
data/fafb_sample/swc/720575940642986381.swc	optic_lobe_intrinsic
data/fafb_sample/swc/720575940625854183.swc	optic_lobe_intrinsic
data/fafb_sample/swc/720575940618693716.swc	optic_lobe_intrinsic
data/fafb_sample/swc/720575940629243591.swc	optic_lobe_intrinsic
data/fafb_sample/swc/720575940620075284.swc	optic_lobe_intrinsic
data/fafb_sample/swc/720575940640052699.swc	optic_lobe_intrinsic
data/fafb_sample/swc/720575940612307825.swc	optic_lobe_intrinsic
data/fafb_sample/swc/720575940617915170.swc	optic_lobe_intrinsic
data/fafb_sample/swc/720575940614392726.swc	optic_lobe_intrinsic
data/fafb_sample/swc/720575940640116312.swc	optic_lobe_intrinsic
data/fafb_sample/swc/720575940631149253.swc	optic_lobe_intrinsic
data/fafb_sample/swc/720575940618318337.swc	optic_lobe_intrinsic
data/fafb_sample/swc/720575940622347647.swc	optic_lobe_intrinsic
data/fafb_sample/swc/720575940626572218.swc	optic_lobe_intrinsic
data/fafb_sample/swc/720575940606760284.swc	optic_lobe_intrinsic
data/fafb_sample/swc/720575940624279295.swc	optic_lobe_intrinsic
data/fafb_sample/swc/720575940632433199.swc	optic_lobe_intrinsic
data/fafb_sample/swc/720575940645376622.swc	optic_lobe_intrinsic
data/fafb_sample/swc/720575940650177401.swc	optic_lobe_intrinsic
data/fafb_sample/swc/720575940618900359.swc	optic_lobe_intrinsic
data/fafb_sample/swc/720575940638455006.swc	optic_lobe_intrinsic
data/fafb_sample/swc/720575940621830509.swc	optic_lobe_intrinsic
data/fafb_sample/swc/720575940619767345.swc	optic_lobe_intrinsic
data/fafb_sample/swc/720575940622052006.swc	optic_lobe_intrinsic
data/fafb_sample/swc/720575940626248450.swc	optic_lobe_intrinsic
data/fafb_sample/swc/720575940632190735.swc	optic_lobe_intrinsic
data/fafb_sample/swc/720575940616594037.swc	optic_lobe_intrinsic
data/fafb_sample/swc/720575940639711805.swc	optic_lobe_intrinsic
data/fafb_sample/swc/720575940617468305.swc	optic_lobe_intrinsic
data/fafb_sample/swc/720575940630511164.swc	optic_lobe_intrinsic
data/fafb_sample/swc/720575940627582972.swc	optic_lobe_intrinsic
data/fafb_sample/swc/720575940624538638.swc	optic_lobe_intrinsic
data/fafb_sample/swc/720575940615223702.swc	optic_lobe_intrinsic
data/fafb_sample/swc/720575940623333670.swc	optic_lobe_intrinsic
data/fafb_sample/swc/720575940612583025.swc	optic_lobe_intrinsic
data/fafb_sample/swc/720575940619568622.swc	optic_lobe_intrinsic
data/fafb_sample/swc/720575940604814816.swc	optic_lobe_intrinsic
data/fafb_sample/swc/720575940624615718.swc	optic_lobe_intrinsic
data/fafb_sample/swc/720575940620467365.swc	optic_lobe_intrinsic
data/fafb_sample/swc/720575940618933558.swc	optic_lobe_intrinsic
data/fafb_sample/swc/720575940626450378.swc	optic_lobe_intrinsic
data/fafb_sample/swc/720575940612491762.swc	optic_lobe_intrinsic
data/fafb_sample/swc/720575940626967482.swc	optic_lobe_intrinsic
data/fafb_sample/swc/720575940611931109.swc	optic_lobe_intrinsic
data/fafb_sample/swc/720575940629984055.swc	optic_lobe_intrinsic
data/fafb_sample/swc/720575940620933837.swc	optic_lobe_intrinsic
data/fafb_sample/swc/720575940627721476.swc	optic_lobe_intrinsic
data/fafb_sample/swc/720575940624778215.swc	optic_lobe_intrinsic
data/fafb_sample/swc/720575940627641875.swc	optic_lobe_intrinsic
data/fafb_sample/swc/720575940621422913.swc	optic_lobe_intrinsic
data/fafb_sample/swc/720575940630578476.swc	optic_lobe_intrinsic
data/fafb_sample/swc/720575940624100120.swc	optic_lobe_intrinsic
data/fafb_sample/swc/720575940625925168.swc	optic_lobe_intrinsic
data/fafb_sample/swc/720575940622444020.swc	optic_lobe_intrinsic
data/fafb_sample/swc/720575940622998822.swc	optic_lobe_intrinsic
data/fafb_sample/swc/720575940627554693.swc	optic_lobe_intrinsic
data/fafb_sample/swc/720575940626305357.swc	optic_lobe_intrinsic
data/fafb_sample/swc/720575940634572956.swc	optic_lobe_intrinsic
data/fafb_sample/swc/720575940622515482.swc	optic_lobe_intrinsic
data/fafb_sample/swc/720575940623819533.swc	optic_lobe_intrinsic
data/fafb_sample/swc/720575940642471988.swc	optic_lobe_intrinsic
data/fafb_sample/swc/720575940629786959.swc	optic_lobe_intrinsic
data/fafb_sample/swc/720575940613317859.swc	optic_lobe_intrinsic
data/fafb_sample/swc/720575940618437009.swc	optic_lobe_intrinsic
data/fafb_sample/swc/720575940638811982.swc	optic_lobe_intrinsic
data/fafb_sample/swc/720575940623302035.swc	optic_lobe_intrinsic
data/fafb_sample/swc/720575940628381010.swc	optic_lobe_intrinsic
data/fafb_sample/swc/720575940631250450.swc	optic_lobe_intrinsic
data/fafb_sample/swc/720575940616185205.swc	optic_lobe_intrinsic
data/fafb_sample/swc/720575940617274763.swc	optic_lobe_intrinsic
data/fafb_sample/swc/720575940617013042.swc	optic_lobe_intrinsic
data/fafb_sample/swc/720575940629063952.swc	optic_lobe_intrinsic
data/fafb_sample/swc/720575940635736671.swc	optic_lobe_intrinsic
data/fafb_sample/swc/720575940639691086.swc	optic_lobe_intrinsic
data/fafb_sample/swc/720575940622085033.swc	optic_lobe_intrinsic
data/fafb_sample/swc/720575940610145604.swc	optic_lobe_intrinsic
data/fafb_sample/swc/720575940644825636.swc	optic_lobe_intrinsic
data/fafb_sample/swc/720575940631351291.swc	optic_lobe_intrinsic
data/fafb_sample/swc/720575940611179474.swc	optic_lobe_intrinsic
data/fafb_sample/swc/720575940623532426.swc	optic_lobe_intrinsic
data/fafb_sample/swc/720575940633170515.swc	optic_lobe_intrinsic
data/fafb_sample/swc/720575940624846571.swc	optic_lobe_intrinsic
data/fafb_sample/swc/720575940613447395.swc	optic_lobe_intrinsic
data/fafb_sample/swc/720575940625266446.swc	optic_lobe_intrinsic
data/fafb_sample/swc/720575940631306538.swc	optic_lobe_intrinsic
data/fafb_sample/swc/720575940610745390.swc	optic_lobe_intrinsic
data/fafb_sample/swc/720575940617606329.swc	optic_lobe_intrinsic
data/fafb_sample/swc/720575940633177517.swc	optic_lobe_intrinsic
data/fafb_sample/swc/720575940634325404.swc	optic_lobe_intrinsic
data/fafb_sample/swc/720575940624961267.swc	optic_lobe_intrinsic
data/fafb_sample/swc/720575940653065974.swc	optic_lobe_intrinsic
data/fafb_sample/swc/720575940615215210.swc	optic_lobe_intrinsic
data/fafb_sample/swc/720575940622456700.swc	optic_lobe_intrinsic
data/fafb_sample/swc/720575940614558445.swc	optic_lobe_intrinsic
data/fafb_sample/swc/720575940624331047.swc	optic_lobe_intrinsic
data/fafb_sample/swc/720575940626978137.swc	optic_lobe_intrinsic
data/fafb_sample/swc/720575940632675276.swc	optic_lobe_intrinsic
data/fafb_sample/swc/720575940613449256.swc	optic_lobe_intrinsic
data/fafb_sample/swc/720575940610246498.swc	optic_lobe_intrinsic
data/fafb_sample/swc/720575940610731076.swc	optic_lobe_intrinsic
data/fafb_sample/swc/720575940605806624.swc	optic_lobe_intrinsic
data/fafb_sample/swc/720575940611550766.swc	optic_lobe_intrinsic
data/fafb_sample/swc/720575940627695626.swc	optic_lobe_intrinsic
data/fafb_sample/swc/720575940654396577.swc	optic_lobe_intrinsic
data/fafb_sample/swc/720575940613005078.swc	optic_lobe_intrinsic
data/fafb_sample/swc/720575940619983774.swc	optic_lobe_intrinsic
data/fafb_sample/swc/720575940622086661.swc	optic_lobe_intrinsic
data/fafb_sample/swc/720575940633812962.swc	optic_lobe_intrinsic
data/fafb_sample/swc/720575940624951335.swc	optic_lobe_intrinsic
data/fafb_sample/swc/720575940620159960.swc	optic_lobe_intrinsic
data/fafb_sample/swc/720575940628397828.swc	optic_lobe_intrinsic
data/fafb_sample/swc/720575940614014701.swc	optic_lobe_intrinsic
data/fafb_sample/swc/720575940619000640.swc	optic_lobe_intrinsic
data/fafb_sample/swc/720575940642801805.swc	optic_lobe_intrinsic
data/fafb_sample/swc/720575940615012015.swc	optic_lobe_intrinsic
data/fafb_sample/swc/720575940619294526.swc	optic_lobe_intrinsic
data/fafb_sample/swc/720575940618573888.swc	optic_lobe_intrinsic
data/fafb_sample/swc/720575940653132534.swc	optic_lobe_intrinsic
data/fafb_sample/swc/720575940612245966.swc	optic_lobe_intrinsic
data/fafb_sample/swc/720575940613139418.swc	optic_lobe_intrinsic
data/fafb_sample/swc/720575940620921441.swc	optic_lobe_intrinsic
data/fafb_sample/swc/720575940627809881.swc	optic_lobe_intrinsic
data/fafb_sample/swc/720575940614324019.swc	optic_lobe_intrinsic
data/fafb_sample/swc/720575940617002613.swc	optic_lobe_intrinsic
data/fafb_sample/swc/720575940623655423.swc	optic_lobe_intrinsic
data/fafb_sample/swc/720575940626299436.swc	optic_lobe_intrinsic
data/fafb_sample/swc/720575940617324518.swc	optic_lobe_intrinsic
data/fafb_sample/swc/720575940627900913.swc	optic_lobe_intrinsic
data/fafb_sample/swc/720575940615358119.swc	optic_lobe_intrinsic
data/fafb_sample/swc/720575940618961624.swc	optic_lobe_intrinsic
data/fafb_sample/swc/720575940624309188.swc	optic_lobe_intrinsic
data/fafb_sample/swc/720575940639972597.swc	optic_lobe_intrinsic
data/fafb_sample/swc/720575940608206770.swc	optic_lobe_intrinsic
data/fafb_sample/swc/720575940630902957.swc	optic_lobe_intrinsic
data/fafb_sample/swc/720575940625113608.swc	optic_lobe_intrinsic
data/fafb_sample/swc/720575940644056480.swc	optic_lobe_intrinsic
data/fafb_sample/swc/720575940631442169.swc	optic_lobe_intrinsic
data/fafb_sample/swc/720575940649187961.swc	optic_lobe_intrinsic
data/fafb_sample/swc/720575940619210667.swc	optic_lobe_intrinsic
data/fafb_sample/swc/720575940615083231.swc	optic_lobe_intrinsic
data/fafb_sample/swc/720575940636386526.swc	optic_lobe_intrinsic
data/fafb_sample/swc/720575940642518157.swc	optic_lobe_intrinsic
data/fafb_sample/swc/720575940642021773.swc	optic_lobe_intrinsic
data/fafb_sample/swc/720575940644774167.swc	optic_lobe_intrinsic
data/fafb_sample/swc/720575940631180973.swc	optic_lobe_intrinsic
data/fafb_sample/swc/720575940620915809.swc	optic_lobe_intrinsic
data/fafb_sample/swc/720575940609874500.swc	optic_lobe_intrinsic
data/fafb_sample/swc/720575940623320873.swc	optic_lobe_intrinsic
data/fafb_sample/swc/720575940627087290.swc	optic_lobe_intrinsic
data/fafb_sample/swc/720575940654980769.swc	optic_lobe_intrinsic
data/fafb_sample/swc/720575940612970666.swc	optic_lobe_intrinsic
data/fafb_sample/swc/720575940618464093.swc	optic_lobe_intrinsic
data/fafb_sample/swc/720575940611597410.swc	optic_lobe_intrinsic
data/fafb_sample/swc/720575940618489062.swc	optic_lobe_intrinsic
data/fafb_sample/swc/720575940622630220.swc	optic_lobe_intrinsic
data/fafb_sample/swc/720575940625386317.swc	optic_lobe_intrinsic
data/fafb_sample/swc/720575940625808371.swc	optic_lobe_intrinsic
data/fafb_sample/swc/720575940644885783.swc	optic_lobe_intrinsic
data/fafb_sample/swc/720575940612335090.swc	optic_lobe_intrinsic
data/fafb_sample/swc/720575940625360572.swc	optic_lobe_intrinsic
data/fafb_sample/swc/720575940629319579.swc	optic_lobe_intrinsic
data/fafb_sample/swc/720575940611627730.swc	optic_lobe_intrinsic
data/fafb_sample/swc/720575940635098266.swc	optic_lobe_intrinsic
data/fafb_sample/swc/720575940632883757.swc	optic_lobe_intrinsic
data/fafb_sample/swc/720575940627601210.swc	optic_lobe_intrinsic
data/fafb_sample/swc/720575940616664833.swc	optic_lobe_intrinsic
data/fafb_sample/swc/720575940641978075.swc	optic_lobe_intrinsic
data/fafb_sample/swc/720575940626933292.swc	optic_lobe_intrinsic
data/fafb_sample/swc/720575940626434348.swc	optic_lobe_intrinsic
data/fafb_sample/swc/720575940647453316.swc	optic_lobe_intrinsic
data/fafb_sample/swc/720575940637975741.swc	optic_lobe_intrinsic
data/fafb_sample/swc/720575940612410481.swc	optic_lobe_intrinsic
data/fafb_sample/swc/720575940637894110.swc	optic_lobe_intrinsic
data/fafb_sample/swc/720575940627877263.swc	optic_lobe_intrinsic
data/fafb_sample/swc/720575940621681020.swc	optic_lobe_intrinsic
data/fafb_sample/swc/720575940630521726.swc	optic_lobe_intrinsic
data/fafb_sample/swc/720575940631978543.swc	optic_lobe_intrinsic
data/fafb_sample/swc/720575940630277888.swc	optic_lobe_intrinsic
data/fafb_sample/swc/720575940608211780.swc	optic_lobe_intrinsic
data/fafb_sample/swc/720575940622066420.swc	optic_lobe_intrinsic
data/fafb_sample/swc/720575940619058177.swc	optic_lobe_intrinsic
data/fafb_sample/swc/720575940632768104.swc	optic_lobe_intrinsic
data/fafb_sample/swc/720575940624179241.swc	optic_lobe_intrinsic
data/fafb_sample/swc/720575940631752249.swc	optic_lobe_intrinsic
data/fafb_sample/swc/720575940619714462.swc	optic_lobe_intrinsic
data/fafb_sample/swc/720575940626436733.swc	optic_lobe_intrinsic
data/fafb_sample/swc/720575940627857920.swc	optic_lobe_intrinsic
data/fafb_sample/swc/720575940626628126.swc	optic_lobe_intrinsic
data/fafb_sample/swc/720575940632408889.swc	optic_lobe_intrinsic
data/fafb_sample/swc/720575940619638744.swc	optic_lobe_intrinsic
data/fafb_sample/swc/720575940646311476.swc	optic_lobe_intrinsic
data/fafb_sample/swc/720575940610653230.swc	optic_lobe_intrinsic
data/fafb_sample/swc/720575940628734057.swc	optic_lobe_intrinsic
data/fafb_sample/swc/720575940630620985.swc	optic_lobe_intrinsic
data/fafb_sample/swc/720575940629876496.swc	optic_lobe_intrinsic
data/fafb_sample/swc/720575940635233972.swc	optic_lobe_intrinsic
data/fafb_sample/swc/720575940628654504.swc	optic_lobe_intrinsic
data/fafb_sample/swc/720575940626735141.swc	optic_lobe_intrinsic
data/fafb_sample/swc/720575940616941654.swc	optic_lobe_intrinsic
data/fafb_sample/swc/720575940613991591.swc	optic_lobe_intrinsic
data/fafb_sample/swc/720575940635000427.swc	optic_lobe_intrinsic
data/fafb_sample/swc/720575940620101509.swc	optic_lobe_intrinsic
data/fafb_sample/swc/720575940633711540.swc	optic_lobe_intrinsic
data/fafb_sample/swc/720575940645120535.swc	optic_lobe_intrinsic
data/fafb_sample/swc/720575940631175621.swc	optic_lobe_intrinsic
data/fafb_sample/swc/720575940633128991.swc	optic_lobe_intrinsic
data/fafb_sample/swc/720575940622152542.swc	optic_lobe_intrinsic
data/fafb_sample/swc/720575940644576804.swc	optic_lobe_intrinsic
data/fafb_sample/swc/720575940607560370.swc	optic_lobe_intrinsic
data/fafb_sample/swc/720575940626922302.swc	optic_lobe_intrinsic
data/fafb_sample/swc/720575940629149804.swc	optic_lobe_intrinsic
data/fafb_sample/swc/720575940625515756.swc	optic_lobe_intrinsic
data/fafb_sample/swc/720575940625391399.swc	optic_lobe_intrinsic
data/fafb_sample/swc/720575940622046241.swc	optic_lobe_intrinsic
data/fafb_sample/swc/720575940622224934.swc	optic_lobe_intrinsic
data/fafb_sample/swc/720575940614557078.swc	optic_lobe_intrinsic
data/fafb_sample/swc/720575940631485711.swc	optic_lobe_intrinsic
data/fafb_sample/swc/720575940646696227.swc	optic_lobe_intrinsic
data/fafb_sample/swc/720575940628910441.swc	optic_lobe_intrinsic
data/fafb_sample/swc/720575940641187829.swc	optic_lobe_intrinsic
data/fafb_sample/swc/720575940618679124.swc	optic_lobe_intrinsic
data/fafb_sample/swc/720575940610206403.swc	optic_lobe_intrinsic
data/fafb_sample/swc/720575940619005575.swc	optic_lobe_intrinsic
data/fafb_sample/swc/720575940639081798.swc	optic_lobe_intrinsic
data/fafb_sample/swc/720575940642016987.swc	optic_lobe_intrinsic
data/fafb_sample/swc/720575940614397334.swc	optic_lobe_intrinsic
data/fafb_sample/swc/720575940622397308.swc	optic_lobe_intrinsic
data/fafb_sample/swc/720575940627177491.swc	optic_lobe_intrinsic
data/fafb_sample/swc/720575940628327557.swc	optic_lobe_intrinsic
data/fafb_sample/swc/720575940628468552.swc	optic_lobe_intrinsic
data/fafb_sample/swc/720575940626888254.swc	optic_lobe_intrinsic
data/fafb_sample/swc/720575940623869769.swc	optic_lobe_intrinsic
data/fafb_sample/swc/720575940616691573.swc	optic_lobe_intrinsic
data/fafb_sample/swc/720575940610493560.swc	optic_lobe_intrinsic
data/fafb_sample/swc/720575940631671889.swc	optic_lobe_intrinsic
data/fafb_sample/swc/720575940627289109.swc	optic_lobe_intrinsic
data/fafb_sample/swc/720575940615223199.swc	optic_lobe_intrinsic
data/fafb_sample/swc/720575940620690566.swc	optic_lobe_intrinsic
data/fafb_sample/swc/720575940614934067.swc	optic_lobe_intrinsic
data/fafb_sample/swc/720575940614067306.swc	optic_lobe_intrinsic
data/fafb_sample/swc/720575940612751513.swc	optic_lobe_intrinsic
data/fafb_sample/swc/720575940619138725.swc	optic_lobe_intrinsic
data/fafb_sample/swc/720575940616746546.swc	optic_lobe_intrinsic
data/fafb_sample/swc/720575940621984124.swc	optic_lobe_intrinsic
data/fafb_sample/swc/720575940625779898.swc	optic_lobe_intrinsic
data/fafb_sample/swc/720575940624112875.swc	optic_lobe_intrinsic
data/fafb_sample/swc/720575940621033837.swc	optic_lobe_intrinsic
data/fafb_sample/swc/720575940630288695.swc	optic_lobe_intrinsic
data/fafb_sample/swc/720575940621041773.swc	optic_lobe_intrinsic
data/fafb_sample/swc/720575940628763816.swc	optic_lobe_intrinsic
data/fafb_sample/swc/720575940618471707.swc	optic_lobe_intrinsic
data/fafb_sample/swc/720575940631565049.swc	optic_lobe_intrinsic
data/fafb_sample/swc/720575940632977292.swc	optic_lobe_intrinsic
data/fafb_sample/swc/720575940636965733.swc	optic_lobe_intrinsic
data/fafb_sample/swc/720575940627064595.swc	optic_lobe_intrinsic
data/fafb_sample/swc/720575940621571312.swc	optic_lobe_intrinsic
data/fafb_sample/swc/720575940631468303.swc	optic_lobe_intrinsic
data/fafb_sample/swc/720575940634729870.swc	optic_lobe_intrinsic
data/fafb_sample/swc/720575940622115681.swc	optic_lobe_intrinsic
data/fafb_sample/swc/720575940632386607.swc	optic_lobe_intrinsic
data/fafb_sample/swc/720575940641679056.swc	optic_lobe_intrinsic
data/fafb_sample/swc/720575940621880858.swc	optic_lobe_intrinsic
data/fafb_sample/swc/720575940625553485.swc	optic_lobe_intrinsic
data/fafb_sample/swc/720575940621152097.swc	optic_lobe_intrinsic
data/fafb_sample/swc/720575940623632324.swc	optic_lobe_intrinsic
data/fafb_sample/swc/720575940614386850.swc	optic_lobe_intrinsic
data/fafb_sample/swc/720575940619615568.swc	optic_lobe_intrinsic
data/fafb_sample/swc/720575940638387519.swc	optic_lobe_intrinsic
data/fafb_sample/swc/720575940604847584.swc	optic_lobe_intrinsic
data/fafb_sample/swc/720575940642512603.swc	optic_lobe_intrinsic
data/fafb_sample/swc/720575940617474777.swc	optic_lobe_intrinsic
data/fafb_sample/swc/720575940611634898.swc	optic_lobe_intrinsic
data/fafb_sample/swc/720575940620616129.swc	optic_lobe_intrinsic
data/fafb_sample/swc/720575940624438567.swc	optic_lobe_intrinsic
data/fafb_sample/swc/720575940624935060.swc	optic_lobe_intrinsic
data/fafb_sample/swc/720575940634296089.swc	optic_lobe_intrinsic
data/fafb_sample/swc/720575940627011076.swc	optic_lobe_intrinsic
data/fafb_sample/swc/720575940660287617.swc	optic_lobe_intrinsic
data/fafb_sample/swc/720575940626827353.swc	optic_lobe_intrinsic
data/fafb_sample/swc/720575940626949139.swc	optic_lobe_intrinsic
data/fafb_sample/swc/720575940608344706.swc	optic_lobe_intrinsic
data/fafb_sample/swc/720575940628223802.swc	optic_lobe_intrinsic
data/fafb_sample/swc/720575940639371317.swc	optic_lobe_intrinsic
data/fafb_sample/swc/720575940661205633.swc	optic_lobe_intrinsic
data/fafb_sample/swc/720575940622449110.swc	optic_lobe_intrinsic
data/fafb_sample/swc/720575940628081660.swc	optic_lobe_intrinsic
data/fafb_sample/swc/720575940639908211.swc	optic_lobe_intrinsic
data/fafb_sample/swc/720575940616708747.swc	optic_lobe_intrinsic
data/fafb_sample/swc/720575940610814414.swc	optic_lobe_intrinsic
data/fafb_sample/swc/720575940614543569.swc	optic_lobe_intrinsic
data/fafb_sample/swc/720575940608952021.swc	optic_lobe_intrinsic
data/fafb_sample/swc/720575940628492806.swc	optic_lobe_intrinsic
data/fafb_sample/swc/720575940615337378.swc	optic_lobe_intrinsic
data/fafb_sample/swc/720575940625621652.swc	optic_lobe_intrinsic
data/fafb_sample/swc/720575940608700117.swc	optic_lobe_intrinsic
data/fafb_sample/swc/720575940615276255.swc	optic_lobe_intrinsic
data/fafb_sample/swc/720575940622537036.swc	optic_lobe_intrinsic
data/fafb_sample/swc/720575940623435288.swc	optic_lobe_intrinsic
data/fafb_sample/swc/720575940644323744.swc	optic_lobe_intrinsic
data/fafb_sample/swc/720575940616449074.swc	optic_lobe_intrinsic
data/fafb_sample/swc/720575940627921937.swc	optic_lobe_intrinsic
data/fafb_sample/swc/720575940612990486.swc	optic_lobe_intrinsic
data/fafb_sample/swc/720575940621336948.swc	optic_lobe_intrinsic
data/fafb_sample/swc/720575940624357885.swc	optic_lobe_intrinsic
data/fafb_sample/swc/720575940652487670.swc	optic_lobe_intrinsic
data/fafb_sample/swc/720575940610903620.swc	optic_lobe_intrinsic
data/fafb_sample/swc/720575940653139190.swc	optic_lobe_intrinsic
data/fafb_sample/swc/720575940627682556.swc	optic_lobe_intrinsic
data/fafb_sample/swc/720575940630058395.swc	optic_lobe_intrinsic
data/fafb_sample/swc/720575940620939696.swc	optic_lobe_intrinsic
data/fafb_sample/swc/720575940640879861.swc	optic_lobe_intrinsic
data/fafb_sample/swc/720575940632759460.swc	optic_lobe_intrinsic
data/fafb_sample/swc/720575940615211231.swc	optic_lobe_intrinsic
data/fafb_sample/swc/720575940612505779.swc	optic_lobe_intrinsic
data/fafb_sample/swc/720575940630447360.swc	optic_lobe_intrinsic
data/fafb_sample/swc/720575940624452685.swc	optic_lobe_intrinsic
data/fafb_sample/swc/720575940630097256.swc	optic_lobe_intrinsic
data/fafb_sample/swc/720575940628489990.swc	optic_lobe_intrinsic
data/fafb_sample/swc/720575940620976007.swc	optic_lobe_intrinsic
data/fafb_sample/swc/720575940617880916.swc	optic_lobe_intrinsic
data/fafb_sample/swc/720575940623261320.swc	optic_lobe_intrinsic
data/fafb_sample/swc/720575940628768503.swc	optic_lobe_intrinsic
data/fafb_sample/swc/720575940627636075.swc	optic_lobe_intrinsic
data/fafb_sample/swc/720575940616400838.swc	optic_lobe_intrinsic
data/fafb_sample/swc/720575940632291626.swc	optic_lobe_intrinsic
data/fafb_sample/swc/720575940626004755.swc	optic_lobe_intrinsic
data/fafb_sample/swc/720575940630290828.swc	optic_lobe_intrinsic
data/fafb_sample/swc/720575940606093490.swc	optic_lobe_intrinsic
data/fafb_sample/swc/720575940643907272.swc	optic_lobe_intrinsic
data/fafb_sample/swc/720575940622101942.swc	optic_lobe_intrinsic
data/fafb_sample/swc/720575940621287277.swc	optic_lobe_intrinsic
data/fafb_sample/swc/720575940631386937.swc	optic_lobe_intrinsic
data/fafb_sample/swc/720575940617980857.swc	optic_lobe_intrinsic
data/fafb_sample/swc/720575940625994680.swc	optic_lobe_intrinsic
data/fafb_sample/swc/720575940599333574.swc	optic_lobe_intrinsic
data/fafb_sample/swc/720575940638634310.swc	optic_lobe_intrinsic
data/fafb_sample/swc/720575940623830792.swc	optic_lobe_intrinsic
data/fafb_sample/swc/720575940622403466.swc	optic_lobe_intrinsic
data/fafb_sample/swc/720575940641254452.swc	optic_lobe_intrinsic
data/fafb_sample/swc/720575940618700322.swc	optic_lobe_intrinsic
data/fafb_sample/swc/720575940622786437.swc	optic_lobe_intrinsic
data/fafb_sample/swc/720575940609069251.swc	optic_lobe_intrinsic
data/fafb_sample/swc/720575940617154235.swc	optic_lobe_intrinsic
data/fafb_sample/swc/720575940621559905.swc	optic_lobe_intrinsic
data/fafb_sample/swc/720575940618609153.swc	optic_lobe_intrinsic
data/fafb_sample/swc/720575940626386301.swc	optic_lobe_intrinsic
data/fafb_sample/swc/720575940625822820.swc	optic_lobe_intrinsic
data/fafb_sample/swc/720575940625441482.swc	optic_lobe_intrinsic
data/fafb_sample/swc/720575940633888910.swc	optic_lobe_intrinsic
data/fafb_sample/swc/720575940619075661.swc	optic_lobe_intrinsic
data/fafb_sample/swc/720575940629640186.swc	optic_lobe_intrinsic
data/fafb_sample/swc/720575940617505492.swc	optic_lobe_intrinsic
data/fafb_sample/swc/720575940616064818.swc	optic_lobe_intrinsic
data/fafb_sample/swc/720575940617234059.swc	optic_lobe_intrinsic
data/fafb_sample/swc/720575940611905173.swc	optic_lobe_intrinsic
data/fafb_sample/swc/720575940630899244.swc	optic_lobe_intrinsic
data/fafb_sample/swc/720575940624253331.swc	optic_lobe_intrinsic
data/fafb_sample/swc/720575940605973438.swc	optic_lobe_intrinsic
data/fafb_sample/swc/720575940632393547.swc	optic_lobe_intrinsic
data/fafb_sample/swc/720575940636639589.swc	optic_lobe_intrinsic
data/fafb_sample/swc/720575940631317985.swc	optic_lobe_intrinsic
data/fafb_sample/swc/720575940620862123.swc	optic_lobe_intrinsic
data/fafb_sample/swc/720575940612944819.swc	optic_lobe_intrinsic
data/fafb_sample/swc/720575940610124757.swc	optic_lobe_intrinsic
data/fafb_sample/swc/720575940626716958.swc	optic_lobe_intrinsic
data/fafb_sample/swc/720575940617432635.swc	optic_lobe_intrinsic
data/fafb_sample/swc/720575940611961523.swc	optic_lobe_intrinsic
data/fafb_sample/swc/720575940624105677.swc	optic_lobe_intrinsic
data/fafb_sample/swc/720575940642760392.swc	optic_lobe_intrinsic
data/fafb_sample/swc/720575940626873225.swc	optic_lobe_intrinsic
data/fafb_sample/swc/720575940628795925.swc	optic_lobe_intrinsic
data/fafb_sample/swc/720575940631306296.swc	optic_lobe_intrinsic
data/fafb_sample/swc/720575940625895923.swc	optic_lobe_intrinsic
data/fafb_sample/swc/720575940636711310.swc	optic_lobe_intrinsic
data/fafb_sample/swc/720575940628160004.swc	optic_lobe_intrinsic
data/fafb_sample/swc/720575940630088100.swc	optic_lobe_intrinsic
data/fafb_sample/swc/720575940624918932.swc	optic_lobe_intrinsic
data/fafb_sample/swc/720575940643758752.swc	optic_lobe_intrinsic
data/fafb_sample/swc/720575940611199842.swc	optic_lobe_intrinsic
data/fafb_sample/swc/720575940608058889.swc	optic_lobe_intrinsic
data/fafb_sample/swc/720575940627276889.swc	optic_lobe_intrinsic
data/fafb_sample/swc/720575940630365756.swc	optic_lobe_intrinsic
data/fafb_sample/swc/720575940629480710.swc	optic_lobe_intrinsic
data/fafb_sample/swc/720575940629093173.swc	optic_lobe_intrinsic
data/fafb_sample/swc/720575940631156540.swc	optic_lobe_intrinsic
data/fafb_sample/swc/720575940620968021.swc	optic_lobe_intrinsic
data/fafb_sample/swc/720575940623078732.swc	optic_lobe_intrinsic
data/fafb_sample/swc/720575940633445663.swc	optic_lobe_intrinsic
data/fafb_sample/swc/720575940626750138.swc	optic_lobe_intrinsic
data/fafb_sample/swc/720575940632438058.swc	optic_lobe_intrinsic
data/fafb_sample/swc/720575940632122681.swc	optic_lobe_intrinsic
data/fafb_sample/swc/720575940627346434.swc	optic_lobe_intrinsic
data/fafb_sample/swc/720575940627469949.swc	optic_lobe_intrinsic
data/fafb_sample/swc/720575940660346497.swc	optic_lobe_intrinsic
data/fafb_sample/swc/720575940630967343.swc	optic_lobe_intrinsic
data/fafb_sample/swc/720575940627214082.swc	optic_lobe_intrinsic
data/fafb_sample/swc/720575940624133895.swc	optic_lobe_intrinsic
data/fafb_sample/swc/720575940630718971.swc	optic_lobe_intrinsic
data/fafb_sample/swc/720575940618342657.swc	optic_lobe_intrinsic
data/fafb_sample/swc/720575940634248639.swc	optic_lobe_intrinsic
data/fafb_sample/swc/720575940629201772.swc	optic_lobe_intrinsic
data/fafb_sample/swc/720575940622354416.swc	optic_lobe_intrinsic
data/fafb_sample/swc/720575940616662614.swc	optic_lobe_intrinsic
data/fafb_sample/swc/720575940630699223.swc	optic_lobe_intrinsic
data/fafb_sample/swc/720575940628747463.swc	optic_lobe_intrinsic
data/fafb_sample/swc/720575940622300848.swc	optic_lobe_intrinsic
data/fafb_sample/swc/720575940619707003.swc	optic_lobe_intrinsic
data/fafb_sample/swc/720575940623725261.swc	optic_lobe_intrinsic
data/fafb_sample/swc/720575940624564774.swc	optic_lobe_intrinsic
data/fafb_sample/swc/720575940618614101.swc	optic_lobe_intrinsic
data/fafb_sample/swc/720575940614567917.swc	optic_lobe_intrinsic
data/fafb_sample/swc/720575940635227583.swc	optic_lobe_intrinsic
data/fafb_sample/swc/720575940647083811.swc	optic_lobe_intrinsic
data/fafb_sample/swc/720575940632487566.swc	optic_lobe_intrinsic
data/fafb_sample/swc/720575940623091550.swc	optic_lobe_intrinsic
data/fafb_sample/swc/720575940628693745.swc	optic_lobe_intrinsic
data/fafb_sample/swc/720575940653474806.swc	optic_lobe_intrinsic
data/fafb_sample/swc/720575940614711238.swc	optic_lobe_intrinsic
data/fafb_sample/swc/720575940626328535.swc	optic_lobe_intrinsic
data/fafb_sample/swc/720575940636574436.swc	optic_lobe_intrinsic
data/fafb_sample/swc/720575940624433300.swc	optic_lobe_intrinsic
data/fafb_sample/swc/720575940634743544.swc	optic_lobe_intrinsic
data/fafb_sample/swc/720575940620559040.swc	optic_lobe_intrinsic
data/fafb_sample/swc/720575940613611417.swc	optic_lobe_intrinsic
data/fafb_sample/swc/720575940638429417.swc	optic_lobe_intrinsic
data/fafb_sample/swc/720575940623774669.swc	optic_lobe_intrinsic
data/fafb_sample/swc/720575940638004413.swc	optic_lobe_intrinsic
data/fafb_sample/swc/720575940633775842.swc	optic_lobe_intrinsic
data/fafb_sample/swc/720575940625494349.swc	optic_lobe_intrinsic
data/fafb_sample/swc/720575940625420011.swc	optic_lobe_intrinsic
data/fafb_sample/swc/720575940613021950.swc	optic_lobe_intrinsic
data/fafb_sample/swc/720575940628761423.swc	optic_lobe_intrinsic
data/fafb_sample/swc/720575940637143397.swc	optic_lobe_intrinsic
data/fafb_sample/swc/720575940612106082.swc	optic_lobe_intrinsic
data/fafb_sample/swc/720575940619937812.swc	optic_lobe_intrinsic
data/fafb_sample/swc/720575940641274676.swc	optic_lobe_intrinsic
data/fafb_sample/swc/720575940639463101.swc	optic_lobe_intrinsic
data/fafb_sample/swc/720575940637518510.swc	optic_lobe_intrinsic
data/fafb_sample/swc/720575940659976065.swc	optic_lobe_intrinsic
data/fafb_sample/swc/720575940611378552.swc	optic_lobe_intrinsic
data/fafb_sample/swc/720575940613060058.swc	optic_lobe_intrinsic
data/fafb_sample/swc/720575940622066181.swc	optic_lobe_intrinsic
data/fafb_sample/swc/720575940642513805.swc	optic_lobe_intrinsic
data/fafb_sample/swc/720575940623971303.swc	optic_lobe_intrinsic
data/fafb_sample/swc/720575940627222970.swc	optic_lobe_intrinsic
data/fafb_sample/swc/720575940630797164.swc	optic_lobe_intrinsic
data/fafb_sample/swc/720575940637068009.swc	optic_lobe_intrinsic
data/fafb_sample/swc/720575940610703224.swc	optic_lobe_intrinsic
data/fafb_sample/swc/720575940633979603.swc	optic_lobe_intrinsic
data/fafb_sample/swc/720575940629969196.swc	optic_lobe_intrinsic
data/fafb_sample/swc/720575940624934328.swc	optic_lobe_intrinsic
data/fafb_sample/swc/720575940624097357.swc	optic_lobe_intrinsic
data/fafb_sample/swc/720575940628142086.swc	optic_lobe_intrinsic
data/fafb_sample/swc/720575940627216484.swc	optic_lobe_intrinsic
data/fafb_sample/swc/720575940610759378.swc	optic_lobe_intrinsic
data/fafb_sample/swc/720575940632787916.swc	optic_lobe_intrinsic
data/fafb_sample/swc/720575940622221014.swc	optic_lobe_intrinsic
data/fafb_sample/swc/720575940627315845.swc	optic_lobe_intrinsic
data/fafb_sample/swc/720575940630877029.swc	optic_lobe_intrinsic
data/fafb_sample/swc/720575940637608846.swc	optic_lobe_intrinsic
data/fafb_sample/swc/720575940630812921.swc	optic_lobe_intrinsic
data/fafb_sample/swc/720575940629052871.swc	optic_lobe_intrinsic
data/fafb_sample/swc/720575940636622820.swc	optic_lobe_intrinsic
data/fafb_sample/swc/720575940632218252.swc	optic_lobe_intrinsic
data/fafb_sample/swc/720575940631152581.swc	optic_lobe_intrinsic
data/fafb_sample/swc/720575940619375981.swc	optic_lobe_intrinsic
data/fafb_sample/swc/720575940623135587.swc	optic_lobe_intrinsic
data/fafb_sample/swc/720575940615295378.swc	optic_lobe_intrinsic
data/fafb_sample/swc/720575940628119313.swc	optic_lobe_intrinsic
data/fafb_sample/swc/720575940627019326.swc	optic_lobe_intrinsic
data/fafb_sample/swc/720575940635003799.swc	optic_lobe_intrinsic
data/fafb_sample/swc/720575940631817539.swc	optic_lobe_intrinsic
data/fafb_sample/swc/720575940623150813.swc	optic_lobe_intrinsic
data/fafb_sample/swc/720575940647922740.swc	optic_lobe_intrinsic
data/fafb_sample/swc/720575940629128778.swc	optic_lobe_intrinsic
data/fafb_sample/swc/720575940621512102.swc	optic_lobe_intrinsic
data/fafb_sample/swc/720575940642702989.swc	optic_lobe_intrinsic
data/fafb_sample/swc/720575940621639777.swc	optic_lobe_intrinsic
data/fafb_sample/swc/720575940622901236.swc	optic_lobe_intrinsic
data/fafb_sample/swc/720575940630751183.swc	optic_lobe_intrinsic
data/fafb_sample/swc/720575940613244018.swc	optic_lobe_intrinsic
data/fafb_sample/swc/720575940639948989.swc	optic_lobe_intrinsic
data/fafb_sample/swc/720575940620963361.swc	optic_lobe_intrinsic
data/fafb_sample/swc/720575940613565849.swc	optic_lobe_intrinsic
data/fafb_sample/swc/720575940647671940.swc	optic_lobe_intrinsic
data/fafb_sample/swc/720575940627009978.swc	optic_lobe_intrinsic
data/fafb_sample/swc/720575940637639054.swc	optic_lobe_intrinsic
data/fafb_sample/swc/720575940626365758.swc	optic_lobe_intrinsic
data/fafb_sample/swc/720575940646074647.swc	optic_lobe_intrinsic
data/fafb_sample/swc/720575940615837234.swc	optic_lobe_intrinsic
data/fafb_sample/swc/720575940622628702.swc	optic_lobe_intrinsic
data/fafb_sample/swc/720575940627289188.swc	optic_lobe_intrinsic
data/fafb_sample/swc/720575940629934137.swc	optic_lobe_intrinsic
data/fafb_sample/swc/720575940626871396.swc	optic_lobe_intrinsic
data/fafb_sample/swc/720575940612519934.swc	optic_lobe_intrinsic
data/fafb_sample/swc/720575940639781747.swc	optic_lobe_intrinsic
data/fafb_sample/swc/720575940623538125.swc	optic_lobe_intrinsic
data/fafb_sample/swc/720575940628161735.swc	optic_lobe_intrinsic
data/fafb_sample/swc/720575940620121941.swc	optic_lobe_intrinsic
data/fafb_sample/swc/720575940630400634.swc	optic_lobe_intrinsic
data/fafb_sample/swc/720575940628360981.swc	optic_lobe_intrinsic
data/fafb_sample/swc/720575940618271961.swc	optic_lobe_intrinsic
data/fafb_sample/swc/720575940618054401.swc	optic_lobe_intrinsic
data/fafb_sample/swc/720575940621200961.swc	optic_lobe_intrinsic
data/fafb_sample/swc/720575940612325299.swc	optic_lobe_intrinsic
data/fafb_sample/swc/720575940629739202.swc	optic_lobe_intrinsic
data/fafb_sample/swc/720575940632952204.swc	optic_lobe_intrinsic
data/fafb_sample/swc/720575940628295912.swc	optic_lobe_intrinsic
data/fafb_sample/swc/720575940638480755.swc	optic_lobe_intrinsic
data/fafb_sample/swc/720575940606208713.swc	optic_lobe_intrinsic
data/fafb_sample/swc/720575940640835235.swc	optic_lobe_intrinsic
data/fafb_sample/swc/720575940615498818.swc	optic_lobe_intrinsic
data/fafb_sample/swc/720575940620011502.swc	optic_lobe_intrinsic
data/fafb_sample/swc/720575940615730754.swc	optic_lobe_intrinsic
data/fafb_sample/swc/720575940631527954.swc	optic_lobe_intrinsic
data/fafb_sample/swc/720575940605966513.swc	optic_lobe_intrinsic
data/fafb_sample/swc/720575940635454048.swc	optic_lobe_intrinsic
data/fafb_sample/swc/720575940624504328.swc	optic_lobe_intrinsic
data/fafb_sample/swc/720575940625442649.swc	optic_lobe_intrinsic
data/fafb_sample/swc/720575940620276184.swc	optic_lobe_intrinsic
data/fafb_sample/swc/720575940628581894.swc	optic_lobe_intrinsic
data/fafb_sample/swc/720575940632055912.swc	optic_lobe_intrinsic
data/fafb_sample/swc/720575940618407195.swc	optic_lobe_intrinsic
data/fafb_sample/swc/720575940620797889.swc	optic_lobe_intrinsic
data/fafb_sample/swc/720575940623958313.swc	optic_lobe_intrinsic
data/fafb_sample/swc/720575940624077960.swc	optic_lobe_intrinsic
data/fafb_sample/swc/720575940636902757.swc	optic_lobe_intrinsic
data/fafb_sample/swc/720575940639234621.swc	optic_lobe_intrinsic
data/fafb_sample/swc/720575940612746226.swc	optic_lobe_intrinsic
data/fafb_sample/swc/720575940617711505.swc	optic_lobe_intrinsic
data/fafb_sample/swc/720575940637982953.swc	optic_lobe_intrinsic
data/fafb_sample/swc/720575940623714794.swc	optic_lobe_intrinsic
data/fafb_sample/swc/720575940628300563.swc	optic_lobe_intrinsic
data/fafb_sample/swc/720575940645452055.swc	optic_lobe_intrinsic
data/fafb_sample/swc/720575940616013634.swc	optic_lobe_intrinsic
data/fafb_sample/swc/720575940648243076.swc	optic_lobe_intrinsic
data/fafb_sample/swc/720575940621641392.swc	optic_lobe_intrinsic
data/fafb_sample/swc/720575940633437357.swc	optic_lobe_intrinsic
data/fafb_sample/swc/720575940629674191.swc	optic_lobe_intrinsic
data/fafb_sample/swc/720575940624713397.swc	optic_lobe_intrinsic
data/fafb_sample/swc/720575940621370644.swc	optic_lobe_intrinsic
data/fafb_sample/swc/720575940625011955.swc	optic_lobe_intrinsic
data/fafb_sample/swc/720575940628028474.swc	optic_lobe_intrinsic
data/fafb_sample/swc/720575940622116961.swc	optic_lobe_intrinsic
data/fafb_sample/swc/720575940632355384.swc	optic_lobe_intrinsic
data/fafb_sample/swc/720575940630317927.swc	optic_lobe_intrinsic
data/fafb_sample/swc/720575940622332954.swc	optic_lobe_intrinsic
data/fafb_sample/swc/720575940630644076.swc	optic_lobe_intrinsic
data/fafb_sample/swc/720575940622929507.swc	optic_lobe_intrinsic
data/fafb_sample/swc/720575940617868505.swc	optic_lobe_intrinsic
data/fafb_sample/swc/720575940629665274.swc	optic_lobe_intrinsic
data/fafb_sample/swc/720575940612974322.swc	optic_lobe_intrinsic
data/fafb_sample/swc/720575940609228757.swc	optic_lobe_intrinsic
data/fafb_sample/swc/720575940619717942.swc	optic_lobe_intrinsic
data/fafb_sample/swc/720575940650144889.swc	optic_lobe_intrinsic
data/fafb_sample/swc/720575940614431890.swc	optic_lobe_intrinsic
data/fafb_sample/swc/720575940615255698.swc	optic_lobe_intrinsic
data/fafb_sample/swc/720575940642221512.swc	optic_lobe_intrinsic
data/fafb_sample/swc/720575940624604403.swc	optic_lobe_intrinsic
data/fafb_sample/swc/720575940624706452.swc	optic_lobe_intrinsic
data/fafb_sample/swc/720575940629846775.swc	optic_lobe_intrinsic
data/fafb_sample/swc/720575940627432469.swc	optic_lobe_intrinsic
data/fafb_sample/swc/720575940623500295.swc	optic_lobe_intrinsic
data/fafb_sample/swc/720575940629441897.swc	optic_lobe_intrinsic
data/fafb_sample/swc/720575940627318147.swc	optic_lobe_intrinsic
data/fafb_sample/swc/720575940618563046.swc	optic_lobe_intrinsic
data/fafb_sample/swc/720575940618480358.swc	optic_lobe_intrinsic
data/fafb_sample/swc/720575940626667876.swc	optic_lobe_intrinsic
data/fafb_sample/swc/720575940633246628.swc	optic_lobe_intrinsic
data/fafb_sample/swc/720575940626791824.swc	optic_lobe_intrinsic
data/fafb_sample/swc/720575940619700288.swc	optic_lobe_intrinsic
data/fafb_sample/swc/720575940611008986.swc	optic_lobe_intrinsic
data/fafb_sample/swc/720575940621720614.swc	optic_lobe_intrinsic
data/fafb_sample/swc/720575940626539592.swc	optic_lobe_intrinsic
data/fafb_sample/swc/720575940627193469.swc	optic_lobe_intrinsic
data/fafb_sample/swc/720575940619702955.swc	optic_lobe_intrinsic
data/fafb_sample/swc/720575940615681938.swc	optic_lobe_intrinsic
data/fafb_sample/swc/720575940622599518.swc	optic_lobe_intrinsic
data/fafb_sample/swc/720575940620516544.swc	optic_lobe_intrinsic
data/fafb_sample/swc/720575940641287413.swc	optic_lobe_intrinsic
data/fafb_sample/swc/720575940637205390.swc	optic_lobe_intrinsic
data/fafb_sample/swc/720575940629672442.swc	optic_lobe_intrinsic
data/fafb_sample/swc/720575940617101654.swc	optic_lobe_intrinsic
data/fafb_sample/swc/720575940645114734.swc	optic_lobe_intrinsic
data/fafb_sample/swc/720575940623748804.swc	optic_lobe_intrinsic
data/fafb_sample/swc/720575940617271508.swc	optic_lobe_intrinsic
data/fafb_sample/swc/720575940607704194.swc	optic_lobe_intrinsic
data/fafb_sample/swc/720575940605121452.swc	optic_lobe_intrinsic
data/fafb_sample/swc/720575940627561290.swc	optic_lobe_intrinsic
data/fafb_sample/swc/720575940627027731.swc	optic_lobe_intrinsic
data/fafb_sample/swc/720575940633198381.swc	optic_lobe_intrinsic
data/fafb_sample/swc/720575940614819178.swc	optic_lobe_intrinsic
data/fafb_sample/swc/720575940629087996.swc	optic_lobe_intrinsic
data/fafb_sample/swc/720575940623967017.swc	optic_lobe_intrinsic
data/fafb_sample/swc/720575940625039799.swc	optic_lobe_intrinsic
data/fafb_sample/swc/720575940627016281.swc	optic_lobe_intrinsic
data/fafb_sample/swc/720575940633650111.swc	optic_lobe_intrinsic
data/fafb_sample/swc/720575940612849045.swc	optic_lobe_intrinsic
data/fafb_sample/swc/720575940623899272.swc	optic_lobe_intrinsic
data/fafb_sample/swc/720575940631234647.swc	optic_lobe_intrinsic
data/fafb_sample/swc/720575940627910686.swc	optic_lobe_intrinsic
data/fafb_sample/swc/720575940625192231.swc	optic_lobe_intrinsic
data/fafb_sample/swc/720575940631902568.swc	optic_lobe_intrinsic
data/fafb_sample/swc/720575940639161577.swc	optic_lobe_intrinsic
data/fafb_sample/swc/720575940631957522.swc	optic_lobe_intrinsic
data/fafb_sample/swc/720575940621211924.swc	optic_lobe_intrinsic
data/fafb_sample/swc/720575940614826536.swc	optic_lobe_intrinsic
data/fafb_sample/swc/720575940630874107.swc	optic_lobe_intrinsic
data/fafb_sample/swc/720575940621413286.swc	optic_lobe_intrinsic
data/fafb_sample/swc/720575940623115363.swc	optic_lobe_intrinsic
data/fafb_sample/swc/720575940619367838.swc	optic_lobe_intrinsic
data/fafb_sample/swc/720575940614118440.swc	optic_lobe_intrinsic
data/fafb_sample/swc/720575940612934627.swc	optic_lobe_intrinsic
data/fafb_sample/swc/720575940637404078.swc	optic_lobe_intrinsic
data/fafb_sample/swc/720575940635794111.swc	optic_lobe_intrinsic
data/fafb_sample/swc/720575940615788603.swc	optic_lobe_intrinsic
data/fafb_sample/swc/720575940630495685.swc	optic_lobe_intrinsic
data/fafb_sample/swc/720575940620559981.swc	optic_lobe_intrinsic
data/fafb_sample/swc/720575940631615993.swc	optic_lobe_intrinsic
data/fafb_sample/swc/720575940620139143.swc	optic_lobe_intrinsic
data/fafb_sample/swc/720575940627225866.swc	optic_lobe_intrinsic
data/fafb_sample/swc/720575940616014534.swc	optic_lobe_intrinsic
data/fafb_sample/swc/720575940631039695.swc	optic_lobe_intrinsic
data/fafb_sample/swc/720575940601103625.swc	optic_lobe_intrinsic
data/fafb_sample/swc/720575940632536874.swc	optic_lobe_intrinsic
data/fafb_sample/swc/720575940613170034.swc	optic_lobe_intrinsic
data/fafb_sample/swc/720575940631521221.swc	optic_lobe_intrinsic
data/fafb_sample/swc/720575940621548882.swc	optic_lobe_intrinsic
data/fafb_sample/swc/720575940632330571.swc	optic_lobe_intrinsic
data/fafb_sample/swc/720575940624795575.swc	optic_lobe_intrinsic
data/fafb_sample/swc/720575940613828579.swc	optic_lobe_intrinsic
data/fafb_sample/swc/720575940610394436.swc	optic_lobe_intrinsic
data/fafb_sample/swc/720575940625999544.swc	optic_lobe_intrinsic
data/fafb_sample/swc/720575940631115771.swc	optic_lobe_intrinsic
data/fafb_sample/swc/720575940618466205.swc	optic_lobe_intrinsic
data/fafb_sample/swc/720575940626835801.swc	optic_lobe_intrinsic
data/fafb_sample/swc/720575940626661251.swc	optic_lobe_intrinsic
data/fafb_sample/swc/720575940625224209.swc	optic_lobe_intrinsic
data/fafb_sample/swc/720575940620518616.swc	optic_lobe_intrinsic
data/fafb_sample/swc/720575940620799681.swc	optic_lobe_intrinsic
data/fafb_sample/swc/720575940644131784.swc	optic_lobe_intrinsic
data/fafb_sample/swc/720575940607648178.swc	optic_lobe_intrinsic
data/fafb_sample/swc/720575940638467747.swc	optic_lobe_intrinsic
data/fafb_sample/swc/720575940627838333.swc	optic_lobe_intrinsic
data/fafb_sample/swc/720575940616544710.swc	optic_lobe_intrinsic
data/fafb_sample/swc/720575940629308234.swc	optic_lobe_intrinsic
data/fafb_sample/swc/720575940635946095.swc	optic_lobe_intrinsic
data/fafb_sample/swc/720575940625675978.swc	optic_lobe_intrinsic
data/fafb_sample/swc/720575940613994898.swc	optic_lobe_intrinsic
data/fafb_sample/swc/720575940629102410.swc	optic_lobe_intrinsic
data/fafb_sample/swc/720575940627478790.swc	optic_lobe_intrinsic
data/fafb_sample/swc/720575940622858205.swc	optic_lobe_intrinsic
data/fafb_sample/swc/720575940630724460.swc	optic_lobe_intrinsic
data/fafb_sample/swc/720575940604248032.swc	optic_lobe_intrinsic
data/fafb_sample/swc/720575940614889110.swc	optic_lobe_intrinsic
data/fafb_sample/swc/720575940628206664.swc	optic_lobe_intrinsic
data/fafb_sample/swc/720575940616620556.swc	optic_lobe_intrinsic
data/fafb_sample/swc/720575940628324346.swc	optic_lobe_intrinsic
data/fafb_sample/swc/720575940618914358.swc	optic_lobe_intrinsic
data/fafb_sample/swc/720575940624288136.swc	optic_lobe_intrinsic
data/fafb_sample/swc/720575940640381859.swc	optic_lobe_intrinsic
data/fafb_sample/swc/720575940626192132.swc	optic_lobe_intrinsic
data/fafb_sample/swc/720575940633728737.swc	optic_lobe_intrinsic
data/fafb_sample/swc/720575940628424811.swc	optic_lobe_intrinsic
data/fafb_sample/swc/720575940618418459.swc	optic_lobe_intrinsic
data/fafb_sample/swc/720575940636616334.swc	optic_lobe_intrinsic
data/fafb_sample/swc/720575940639740275.swc	optic_lobe_intrinsic
data/fafb_sample/swc/720575940620174933.swc	optic_lobe_intrinsic
data/fafb_sample/swc/720575940626805296.swc	optic_lobe_intrinsic
data/fafb_sample/swc/720575940639655238.swc	optic_lobe_intrinsic
data/fafb_sample/swc/720575940629098878.swc	optic_lobe_intrinsic
data/fafb_sample/swc/720575940639578182.swc	optic_lobe_intrinsic
data/fafb_sample/swc/720575940625029776.swc	optic_lobe_intrinsic
data/fafb_sample/swc/720575940647972148.swc	optic_lobe_intrinsic
data/fafb_sample/swc/720575940640023630.swc	optic_lobe_intrinsic
data/fafb_sample/swc/720575940612933013.swc	optic_lobe_intrinsic
data/fafb_sample/swc/720575940623889642.swc	optic_lobe_intrinsic
data/fafb_sample/swc/720575940617456017.swc	optic_lobe_intrinsic
data/fafb_sample/swc/720575940634637025.swc	optic_lobe_intrinsic
data/fafb_sample/swc/720575940641294837.swc	optic_lobe_intrinsic
data/fafb_sample/swc/720575940624032747.swc	optic_lobe_intrinsic
data/fafb_sample/swc/720575940612874803.swc	optic_lobe_intrinsic
data/fafb_sample/swc/720575940619167542.swc	optic_lobe_intrinsic
data/fafb_sample/swc/720575940620698863.swc	optic_lobe_intrinsic
data/fafb_sample/swc/720575940615088530.swc	optic_lobe_intrinsic
data/fafb_sample/swc/720575940617173365.swc	optic_lobe_intrinsic
data/fafb_sample/swc/720575940628241649.swc	optic_lobe_intrinsic
data/fafb_sample/swc/720575940623208376.swc	optic_lobe_intrinsic
data/fafb_sample/swc/720575940643499060.swc	optic_lobe_intrinsic
data/fafb_sample/swc/720575940636746158.swc	optic_lobe_intrinsic
data/fafb_sample/swc/720575940628311464.swc	optic_lobe_intrinsic
data/fafb_sample/swc/720575940612186803.swc	optic_lobe_intrinsic
data/fafb_sample/swc/720575940629760364.swc	optic_lobe_intrinsic
data/fafb_sample/swc/720575940637016206.swc	optic_lobe_intrinsic
data/fafb_sample/swc/720575940632932408.swc	optic_lobe_intrinsic
data/fafb_sample/swc/720575940619210053.swc	optic_lobe_intrinsic
data/fafb_sample/swc/720575940632807085.swc	optic_lobe_intrinsic
data/fafb_sample/swc/720575940624882108.swc	optic_lobe_intrinsic
data/fafb_sample/swc/720575940612019150.swc	optic_lobe_intrinsic
data/fafb_sample/swc/720575940642688653.swc	optic_lobe_intrinsic
data/fafb_sample/swc/720575940645278756.swc	optic_lobe_intrinsic
data/fafb_sample/swc/720575940616270815.swc	optic_lobe_intrinsic
data/fafb_sample/swc/720575940623300327.swc	optic_lobe_intrinsic
data/fafb_sample/swc/720575940620067275.swc	optic_lobe_intrinsic
data/fafb_sample/swc/720575940609943928.swc	optic_lobe_intrinsic
data/fafb_sample/swc/720575940632289327.swc	optic_lobe_intrinsic
data/fafb_sample/swc/720575940610349892.swc	optic_lobe_intrinsic
data/fafb_sample/swc/720575940626585628.swc	optic_lobe_intrinsic
data/fafb_sample/swc/720575940626586370.swc	optic_lobe_intrinsic
data/fafb_sample/swc/720575940656148897.swc	optic_lobe_intrinsic
data/fafb_sample/swc/720575940627088698.swc	optic_lobe_intrinsic
data/fafb_sample/swc/720575940614615362.swc	optic_lobe_intrinsic
data/fafb_sample/swc/720575940635706266.swc	optic_lobe_intrinsic
data/fafb_sample/swc/720575940625597171.swc	optic_lobe_intrinsic
data/fafb_sample/swc/720575940635675767.swc	optic_lobe_intrinsic
data/fafb_sample/swc/720575940631182647.swc	optic_lobe_intrinsic
data/fafb_sample/swc/720575940627523673.swc	optic_lobe_intrinsic
data/fafb_sample/swc/720575940629592835.swc	optic_lobe_intrinsic
data/fafb_sample/swc/720575940635478207.swc	optic_lobe_intrinsic
data/fafb_sample/swc/720575940631679080.swc	optic_lobe_intrinsic
data/fafb_sample/swc/720575940634869911.swc	optic_lobe_intrinsic
data/fafb_sample/swc/720575940623043166.swc	optic_lobe_intrinsic
data/fafb_sample/swc/720575940618056731.swc	optic_lobe_intrinsic
data/fafb_sample/swc/720575940634916759.swc	optic_lobe_intrinsic
data/fafb_sample/swc/720575940639506758.swc	optic_lobe_intrinsic
data/fafb_sample/swc/720575940618663617.swc	optic_lobe_intrinsic
data/fafb_sample/swc/720575940630458618.swc	optic_lobe_intrinsic
data/fafb_sample/swc/720575940624077240.swc	optic_lobe_intrinsic
data/fafb_sample/swc/720575940613122674.swc	optic_lobe_intrinsic
data/fafb_sample/swc/720575940623653597.swc	optic_lobe_intrinsic
data/fafb_sample/swc/720575940631630607.swc	optic_lobe_intrinsic
data/fafb_sample/swc/720575940614030559.swc	optic_lobe_intrinsic
data/fafb_sample/swc/720575940620597586.swc	optic_lobe_intrinsic
data/fafb_sample/swc/720575940613464037.swc	optic_lobe_intrinsic
data/fafb_sample/swc/720575940620448390.swc	optic_lobe_intrinsic
data/fafb_sample/swc/720575940623243533.swc	optic_lobe_intrinsic
data/fafb_sample/swc/720575940627371326.swc	optic_lobe_intrinsic
data/fafb_sample/swc/720575940631153495.swc	optic_lobe_intrinsic
data/fafb_sample/swc/720575940643961544.swc	optic_lobe_intrinsic
data/fafb_sample/swc/720575940639355837.swc	optic_lobe_intrinsic
data/fafb_sample/swc/720575940615438482.swc	optic_lobe_intrinsic
data/fafb_sample/swc/720575940632619033.swc	optic_lobe_intrinsic
data/fafb_sample/swc/720575940612844401.swc	optic_lobe_intrinsic
data/fafb_sample/swc/720575940628067922.swc	optic_lobe_intrinsic
data/fafb_sample/swc/720575940648651140.swc	optic_lobe_intrinsic
data/fafb_sample/swc/720575940624374013.swc	optic_lobe_intrinsic
data/fafb_sample/swc/720575940639681853.swc	optic_lobe_intrinsic
data/fafb_sample/swc/720575940628447976.swc	optic_lobe_intrinsic
data/fafb_sample/swc/720575940637764830.swc	optic_lobe_intrinsic
data/fafb_sample/swc/720575940625328363.swc	optic_lobe_intrinsic
data/fafb_sample/swc/720575940645310999.swc	optic_lobe_intrinsic
data/fafb_sample/swc/720575940626195006.swc	optic_lobe_intrinsic
data/fafb_sample/swc/720575940606429206.swc	optic_lobe_intrinsic
data/fafb_sample/swc/720575940617112321.swc	optic_lobe_intrinsic
data/fafb_sample/swc/720575940615711391.swc	optic_lobe_intrinsic
data/fafb_sample/swc/720575940628613775.swc	optic_lobe_intrinsic
data/fafb_sample/swc/720575940616321465.swc	optic_lobe_intrinsic
data/fafb_sample/swc/720575940616710715.swc	optic_lobe_intrinsic
data/fafb_sample/swc/720575940625814116.swc	optic_lobe_intrinsic
data/fafb_sample/swc/720575940624725995.swc	optic_lobe_intrinsic
data/fafb_sample/swc/720575940611362965.swc	optic_lobe_intrinsic
data/fafb_sample/swc/720575940627247620.swc	optic_lobe_intrinsic
data/fafb_sample/swc/720575940622285450.swc	optic_lobe_intrinsic
data/fafb_sample/swc/720575940617724601.swc	optic_lobe_intrinsic
data/fafb_sample/swc/720575940628930151.swc	optic_lobe_intrinsic
data/fafb_sample/swc/720575940621972545.swc	optic_lobe_intrinsic
data/fafb_sample/swc/720575940612647603.swc	optic_lobe_intrinsic
data/fafb_sample/swc/720575940625366259.swc	optic_lobe_intrinsic
data/fafb_sample/swc/720575940624993836.swc	optic_lobe_intrinsic
data/fafb_sample/swc/720575940620594085.swc	optic_lobe_intrinsic
data/fafb_sample/swc/720575940629612226.swc	optic_lobe_intrinsic
data/fafb_sample/swc/720575940617646661.swc	optic_lobe_intrinsic
data/fafb_sample/swc/720575940625994384.swc	optic_lobe_intrinsic
data/fafb_sample/swc/720575940633364563.swc	optic_lobe_intrinsic
data/fafb_sample/swc/720575940625225486.swc	optic_lobe_intrinsic
data/fafb_sample/swc/720575940604698633.swc	optic_lobe_intrinsic
data/fafb_sample/swc/720575940640666173.swc	optic_lobe_intrinsic
data/fafb_sample/swc/720575940622463514.swc	optic_lobe_intrinsic
data/fafb_sample/swc/720575940625060110.swc	optic_lobe_intrinsic
data/fafb_sample/swc/720575940612239066.swc	optic_lobe_intrinsic
data/fafb_sample/swc/720575940629508347.swc	optic_lobe_intrinsic
data/fafb_sample/swc/720575940624910775.swc	optic_lobe_intrinsic
data/fafb_sample/swc/720575940608739164.swc	optic_lobe_intrinsic
data/fafb_sample/swc/720575940630654927.swc	optic_lobe_intrinsic
data/fafb_sample/swc/720575940639760573.swc	optic_lobe_intrinsic
data/fafb_sample/swc/720575940622039284.swc	optic_lobe_intrinsic
data/fafb_sample/swc/720575940631560504.swc	optic_lobe_intrinsic
data/fafb_sample/swc/720575940632050232.swc	optic_lobe_intrinsic
data/fafb_sample/swc/720575940622879880.swc	optic_lobe_intrinsic
data/fafb_sample/swc/720575940653287926.swc	optic_lobe_intrinsic
data/fafb_sample/swc/720575940619642840.swc	optic_lobe_intrinsic
data/fafb_sample/swc/720575940610117034.swc	optic_lobe_intrinsic
data/fafb_sample/swc/720575940627305743.swc	optic_lobe_intrinsic
data/fafb_sample/swc/720575940621145716.swc	optic_lobe_intrinsic
data/fafb_sample/swc/720575940606140337.swc	optic_lobe_intrinsic
data/fafb_sample/swc/720575940613295923.swc	optic_lobe_intrinsic
data/fafb_sample/swc/720575940614273954.swc	optic_lobe_intrinsic
data/fafb_sample/swc/720575940640729552.swc	optic_lobe_intrinsic
data/fafb_sample/swc/720575940625332494.swc	optic_lobe_intrinsic
data/fafb_sample/swc/720575940633668578.swc	optic_lobe_intrinsic
data/fafb_sample/swc/720575940628072903.swc	optic_lobe_intrinsic
data/fafb_sample/swc/720575940617190517.swc	optic_lobe_intrinsic
data/fafb_sample/swc/720575940646662179.swc	optic_lobe_intrinsic
data/fafb_sample/swc/720575940608350731.swc	optic_lobe_intrinsic
data/fafb_sample/swc/720575940619470902.swc	optic_lobe_intrinsic
data/fafb_sample/swc/720575940612456883.swc	optic_lobe_intrinsic
data/fafb_sample/swc/720575940622913063.swc	optic_lobe_intrinsic
data/fafb_sample/swc/720575940632810797.swc	optic_lobe_intrinsic
data/fafb_sample/swc/720575940629942019.swc	optic_lobe_intrinsic
data/fafb_sample/swc/720575940626585648.swc	optic_lobe_intrinsic
data/fafb_sample/swc/720575940607829122.swc	optic_lobe_intrinsic
data/fafb_sample/swc/720575940645602852.swc	optic_lobe_intrinsic
data/fafb_sample/swc/720575940623585767.swc	optic_lobe_intrinsic
data/fafb_sample/swc/720575940660154753.swc	optic_lobe_intrinsic
data/fafb_sample/swc/720575940617389785.swc	optic_lobe_intrinsic
data/fafb_sample/swc/720575940617513689.swc	optic_lobe_intrinsic
data/fafb_sample/swc/720575940626235180.swc	optic_lobe_intrinsic
data/fafb_sample/swc/720575940625741456.swc	optic_lobe_intrinsic
data/fafb_sample/swc/720575940615013718.swc	optic_lobe_intrinsic
data/fafb_sample/swc/720575940629672318.swc	optic_lobe_intrinsic
data/fafb_sample/swc/720575940612179093.swc	optic_lobe_intrinsic
data/fafb_sample/swc/720575940623034406.swc	optic_lobe_intrinsic
data/fafb_sample/swc/720575940620789163.swc	optic_lobe_intrinsic
data/fafb_sample/swc/720575940635286196.swc	optic_lobe_intrinsic
data/fafb_sample/swc/720575940615705693.swc	optic_lobe_intrinsic
data/fafb_sample/swc/720575940625288265.swc	optic_lobe_intrinsic
data/fafb_sample/swc/720575940617525204.swc	optic_lobe_intrinsic
data/fafb_sample/swc/720575940624226121.swc	optic_lobe_intrinsic
data/fafb_sample/swc/720575940645704228.swc	optic_lobe_intrinsic
data/fafb_sample/swc/720575940612573914.swc	optic_lobe_intrinsic
data/fafb_sample/swc/720575940617969937.swc	optic_lobe_intrinsic
data/fafb_sample/swc/720575940631051771.swc	optic_lobe_intrinsic
data/fafb_sample/swc/720575940622186334.swc	optic_lobe_intrinsic
data/fafb_sample/swc/720575940628762985.swc	optic_lobe_intrinsic
data/fafb_sample/swc/720575940618483805.swc	optic_lobe_intrinsic
data/fafb_sample/swc/720575940628467243.swc	optic_lobe_intrinsic
data/fafb_sample/swc/720575940624826343.swc	optic_lobe_intrinsic
data/fafb_sample/swc/720575940631434703.swc	optic_lobe_intrinsic
data/fafb_sample/swc/720575940630512377.swc	optic_lobe_intrinsic
data/fafb_sample/swc/720575940622179361.swc	optic_lobe_intrinsic
data/fafb_sample/swc/720575940632574751.swc	optic_lobe_intrinsic
data/fafb_sample/swc/720575940611637141.swc	optic_lobe_intrinsic
data/fafb_sample/swc/720575940639227967.swc	optic_lobe_intrinsic
data/fafb_sample/swc/720575940626043180.swc	optic_lobe_intrinsic
data/fafb_sample/swc/720575940605886240.swc	optic_lobe_intrinsic
data/fafb_sample/swc/720575940610937810.swc	optic_lobe_intrinsic
data/fafb_sample/swc/720575940616274971.swc	optic_lobe_intrinsic
data/fafb_sample/swc/720575940635850608.swc	optic_lobe_intrinsic
data/fafb_sample/swc/720575940628230811.swc	optic_lobe_intrinsic
data/fafb_sample/swc/720575940636653925.swc	optic_lobe_intrinsic
data/fafb_sample/swc/720575940626021820.swc	optic_lobe_intrinsic
data/fafb_sample/swc/720575940630542663.swc	optic_lobe_intrinsic
data/fafb_sample/swc/720575940621393172.swc	optic_lobe_intrinsic
data/fafb_sample/swc/720575940627526652.swc	optic_lobe_intrinsic
data/fafb_sample/swc/720575940610386734.swc	optic_lobe_intrinsic
data/fafb_sample/swc/720575940644476452.swc	optic_lobe_intrinsic
data/fafb_sample/swc/720575940611414574.swc	optic_lobe_intrinsic
data/fafb_sample/swc/720575940644753056.swc	optic_lobe_intrinsic
data/fafb_sample/swc/720575940617702361.swc	optic_lobe_intrinsic
data/fafb_sample/swc/720575940621375909.swc	optic_lobe_intrinsic
data/fafb_sample/swc/720575940619966774.swc	optic_lobe_intrinsic
data/fafb_sample/swc/720575940618311398.swc	optic_lobe_intrinsic
data/fafb_sample/swc/720575940629279596.swc	optic_lobe_intrinsic
data/fafb_sample/swc/720575940626794627.swc	optic_lobe_intrinsic
data/fafb_sample/swc/720575940623440678.swc	optic_lobe_intrinsic
data/fafb_sample/swc/720575940619131038.swc	optic_lobe_intrinsic
data/fafb_sample/swc/720575940634885015.swc	optic_lobe_intrinsic
data/fafb_sample/swc/720575940633709537.swc	optic_lobe_intrinsic
data/fafb_sample/swc/720575940628725760.swc	optic_lobe_intrinsic
data/fafb_sample/swc/720575940612907672.swc	optic_lobe_intrinsic
data/fafb_sample/swc/720575940627933639.swc	optic_lobe_intrinsic
data/fafb_sample/swc/720575940628420295.swc	optic_lobe_intrinsic
data/fafb_sample/swc/720575940621847832.swc	optic_lobe_intrinsic
data/fafb_sample/swc/720575940606766347.swc	optic_lobe_intrinsic
data/fafb_sample/swc/720575940630358124.swc	optic_lobe_intrinsic
data/fafb_sample/swc/720575940628544828.swc	optic_lobe_intrinsic
data/fafb_sample/swc/720575940632505484.swc	optic_lobe_intrinsic
data/fafb_sample/swc/720575940609663812.swc	optic_lobe_intrinsic
data/fafb_sample/swc/720575940618965918.swc	optic_lobe_intrinsic
data/fafb_sample/swc/720575940642491533.swc	optic_lobe_intrinsic
data/fafb_sample/swc/720575940635830170.swc	optic_lobe_intrinsic
data/fafb_sample/swc/720575940631256338.swc	optic_lobe_intrinsic
data/fafb_sample/swc/720575940612015283.swc	optic_lobe_intrinsic
data/fafb_sample/swc/720575940611365218.swc	optic_lobe_intrinsic
data/fafb_sample/swc/720575940638177508.swc	optic_lobe_intrinsic
data/fafb_sample/swc/720575940611702478.swc	optic_lobe_intrinsic
data/fafb_sample/swc/720575940635793306.swc	optic_lobe_intrinsic
data/fafb_sample/swc/720575940629311747.swc	optic_lobe_intrinsic
data/fafb_sample/swc/720575940627633978.swc	optic_lobe_intrinsic
data/fafb_sample/swc/720575940631704271.swc	optic_lobe_intrinsic
data/fafb_sample/swc/720575940615428242.swc	optic_lobe_intrinsic
data/fafb_sample/swc/720575940618491038.swc	optic_lobe_intrinsic
data/fafb_sample/swc/720575940639902261.swc	optic_lobe_intrinsic
data/fafb_sample/swc/720575940614424226.swc	optic_lobe_intrinsic
data/fafb_sample/swc/720575940655988897.swc	optic_lobe_intrinsic
data/fafb_sample/swc/720575940615001128.swc	optic_lobe_intrinsic
data/fafb_sample/swc/720575940622203049.swc	optic_lobe_intrinsic
data/fafb_sample/swc/720575940613747949.swc	optic_lobe_intrinsic
data/fafb_sample/swc/720575940617368925.swc	optic_lobe_intrinsic
data/fafb_sample/swc/720575940612552946.swc	optic_lobe_intrinsic
data/fafb_sample/swc/720575940622036513.swc	optic_lobe_intrinsic
data/fafb_sample/swc/720575940613176239.swc	optic_lobe_intrinsic
data/fafb_sample/swc/720575940630757583.swc	optic_lobe_intrinsic
data/fafb_sample/swc/720575940630675706.swc	optic_lobe_intrinsic
data/fafb_sample/swc/720575940621704686.swc	optic_lobe_intrinsic
data/fafb_sample/swc/720575940624966328.swc	optic_lobe_intrinsic
data/fafb_sample/swc/720575940634176537.swc	optic_lobe_intrinsic
data/fafb_sample/swc/720575940604960992.swc	optic_lobe_intrinsic
data/fafb_sample/swc/720575940629554791.swc	optic_lobe_intrinsic
data/fafb_sample/swc/720575940631652091.swc	optic_lobe_intrinsic
data/fafb_sample/swc/720575940630093815.swc	optic_lobe_intrinsic
data/fafb_sample/swc/720575940627331856.swc	optic_lobe_intrinsic
data/fafb_sample/swc/720575940627865621.swc	optic_lobe_intrinsic
data/fafb_sample/swc/720575940619353536.swc	optic_lobe_intrinsic
data/fafb_sample/swc/720575940606236337.swc	optic_lobe_intrinsic
data/fafb_sample/swc/720575940632194771.swc	optic_lobe_intrinsic
data/fafb_sample/swc/720575940609577483.swc	optic_lobe_intrinsic
data/fafb_sample/swc/720575940629680634.swc	optic_lobe_intrinsic
data/fafb_sample/swc/720575940616817851.swc	optic_lobe_intrinsic
data/fafb_sample/swc/720575940612926693.swc	optic_lobe_intrinsic
data/fafb_sample/swc/720575940608757515.swc	optic_lobe_intrinsic
data/fafb_sample/swc/720575940660280449.swc	optic_lobe_intrinsic
data/fafb_sample/swc/720575940625667052.swc	optic_lobe_intrinsic
data/fafb_sample/swc/720575940617109051.swc	optic_lobe_intrinsic
data/fafb_sample/swc/720575940633110087.swc	optic_lobe_intrinsic
data/fafb_sample/swc/720575940626399763.swc	optic_lobe_intrinsic
data/fafb_sample/swc/720575940632296210.swc	optic_lobe_intrinsic
data/fafb_sample/swc/720575940623879916.swc	optic_lobe_intrinsic
data/fafb_sample/swc/720575940622283786.swc	optic_lobe_intrinsic
data/fafb_sample/swc/720575940660329089.swc	optic_lobe_intrinsic
data/fafb_sample/swc/720575940626441316.swc	optic_lobe_intrinsic
data/fafb_sample/swc/720575940644690468.swc	optic_lobe_intrinsic
data/fafb_sample/swc/720575940619671360.swc	optic_lobe_intrinsic
data/fafb_sample/swc/720575940642115035.swc	optic_lobe_intrinsic
data/fafb_sample/swc/720575940620087755.swc	optic_lobe_intrinsic
data/fafb_sample/swc/720575940622736895.swc	optic_lobe_intrinsic
data/fafb_sample/swc/720575940617035357.swc	optic_lobe_intrinsic
data/fafb_sample/swc/720575940629179722.swc	optic_lobe_intrinsic
data/fafb_sample/swc/720575940621461673.swc	optic_lobe_intrinsic
data/fafb_sample/swc/720575940622486441.swc	optic_lobe_intrinsic
data/fafb_sample/swc/720575940629156175.swc	optic_lobe_intrinsic
data/fafb_sample/swc/720575940627026981.swc	optic_lobe_intrinsic
data/fafb_sample/swc/720575940627680584.swc	optic_lobe_intrinsic
data/fafb_sample/swc/720575940615130018.swc	optic_lobe_intrinsic
data/fafb_sample/swc/720575940637201461.swc	optic_lobe_intrinsic
data/fafb_sample/swc/720575940615664908.swc	optic_lobe_intrinsic
data/fafb_sample/swc/720575940621538036.swc	optic_lobe_intrinsic
data/fafb_sample/swc/720575940632875551.swc	optic_lobe_intrinsic
data/fafb_sample/swc/720575940634902624.swc	optic_lobe_intrinsic
data/fafb_sample/swc/720575940613644003.swc	optic_lobe_intrinsic
data/fafb_sample/swc/720575940614435751.swc	optic_lobe_intrinsic
data/fafb_sample/swc/720575940621207791.swc	optic_lobe_intrinsic
data/fafb_sample/swc/720575940612431473.swc	optic_lobe_intrinsic
data/fafb_sample/swc/720575940637934682.swc	optic_lobe_intrinsic
data/fafb_sample/swc/720575940624715557.swc	optic_lobe_intrinsic
data/fafb_sample/swc/720575940624913191.swc	optic_lobe_intrinsic
data/fafb_sample/swc/720575940616864340.swc	optic_lobe_intrinsic
data/fafb_sample/swc/720575940623166090.swc	optic_lobe_intrinsic
data/fafb_sample/swc/720575940625616020.swc	optic_lobe_intrinsic
data/fafb_sample/swc/720575940638345023.swc	optic_lobe_intrinsic
data/fafb_sample/swc/720575940630460727.swc	optic_lobe_intrinsic
data/fafb_sample/swc/720575940628599237.swc	optic_lobe_intrinsic
data/fafb_sample/swc/720575940609567939.swc	optic_lobe_intrinsic
data/fafb_sample/swc/720575940608506325.swc	optic_lobe_intrinsic
data/fafb_sample/swc/720575940637534576.swc	optic_lobe_intrinsic
data/fafb_sample/swc/720575940631025724.swc	optic_lobe_intrinsic
data/fafb_sample/swc/720575940611209682.swc	optic_lobe_intrinsic
data/fafb_sample/swc/720575940621650273.swc	optic_lobe_intrinsic
data/fafb_sample/swc/720575940616268689.swc	optic_lobe_intrinsic
data/fafb_sample/swc/720575940608158082.swc	optic_lobe_intrinsic
data/fafb_sample/swc/720575940620809387.swc	optic_lobe_intrinsic
data/fafb_sample/swc/720575940623728522.swc	optic_lobe_intrinsic
data/fafb_sample/swc/720575940625341704.swc	optic_lobe_intrinsic
data/fafb_sample/swc/720575940631882974.swc	optic_lobe_intrinsic
data/fafb_sample/swc/720575940621938017.swc	optic_lobe_intrinsic
data/fafb_sample/swc/720575940641551349.swc	optic_lobe_intrinsic
data/fafb_sample/swc/720575940619262844.swc	optic_lobe_intrinsic
data/fafb_sample/swc/720575940623663821.swc	optic_lobe_intrinsic
data/fafb_sample/swc/720575940630356844.swc	optic_lobe_intrinsic
data/fafb_sample/swc/720575940636108407.swc	optic_lobe_intrinsic
data/fafb_sample/swc/720575940627920466.swc	optic_lobe_intrinsic
data/fafb_sample/swc/720575940635584504.swc	optic_lobe_intrinsic
data/fafb_sample/swc/720575940615281105.swc	optic_lobe_intrinsic
data/fafb_sample/swc/720575940628081797.swc	optic_lobe_intrinsic
data/fafb_sample/swc/720575940609737923.swc	optic_lobe_intrinsic
data/fafb_sample/swc/720575940627462789.swc	optic_lobe_intrinsic
data/fafb_sample/swc/720575940639209149.swc	optic_lobe_intrinsic
data/fafb_sample/swc/720575940622223169.swc	optic_lobe_intrinsic
data/fafb_sample/swc/720575940631300664.swc	optic_lobe_intrinsic
data/fafb_sample/swc/720575940637115054.swc	optic_lobe_intrinsic
data/fafb_sample/swc/720575940614417887.swc	optic_lobe_intrinsic
data/fafb_sample/swc/720575940625155837.swc	optic_lobe_intrinsic
data/fafb_sample/swc/720575940612740069.swc	optic_lobe_intrinsic
data/fafb_sample/swc/720575940622802695.swc	optic_lobe_intrinsic
data/fafb_sample/swc/720575940630391436.swc	optic_lobe_intrinsic
data/fafb_sample/swc/720575940645105687.swc	optic_lobe_intrinsic
data/fafb_sample/swc/720575940622374689.swc	optic_lobe_intrinsic
data/fafb_sample/swc/720575940623525645.swc	optic_lobe_intrinsic
data/fafb_sample/swc/720575940632086343.swc	optic_lobe_intrinsic
data/fafb_sample/swc/720575940614354430.swc	optic_lobe_intrinsic
data/fafb_sample/swc/720575940612611498.swc	optic_lobe_intrinsic
data/fafb_sample/swc/720575940630060343.swc	optic_lobe_intrinsic
data/fafb_sample/swc/720575940623602431.swc	optic_lobe_intrinsic
data/fafb_sample/swc/720575940623885764.swc	optic_lobe_intrinsic
data/fafb_sample/swc/720575940607248988.swc	optic_lobe_intrinsic
data/fafb_sample/swc/720575940642563232.swc	optic_lobe_intrinsic
data/fafb_sample/swc/720575940639658310.swc	optic_lobe_intrinsic
data/fafb_sample/swc/720575940613765869.swc	optic_lobe_intrinsic
data/fafb_sample/swc/720575940633168548.swc	optic_lobe_intrinsic
data/fafb_sample/swc/720575940605682976.swc	optic_lobe_intrinsic
data/fafb_sample/swc/720575940618174292.swc	optic_lobe_intrinsic
data/fafb_sample/swc/720575940617636609.swc	optic_lobe_intrinsic
data/fafb_sample/swc/720575940635070911.swc	optic_lobe_intrinsic
data/fafb_sample/swc/720575940640803928.swc	optic_lobe_intrinsic
data/fafb_sample/swc/720575940627024536.swc	optic_lobe_intrinsic
data/fafb_sample/swc/720575940624616426.swc	optic_lobe_intrinsic
data/fafb_sample/swc/720575940641703376.swc	optic_lobe_intrinsic
data/fafb_sample/swc/720575940622865484.swc	optic_lobe_intrinsic
data/fafb_sample/swc/720575940622002928.swc	optic_lobe_intrinsic
data/fafb_sample/swc/720575940608956169.swc	optic_lobe_intrinsic
data/fafb_sample/swc/720575940638367834.swc	optic_lobe_intrinsic
data/fafb_sample/swc/720575940639983165.swc	optic_lobe_intrinsic
data/fafb_sample/swc/720575940620957643.swc	optic_lobe_intrinsic
data/fafb_sample/swc/720575940634207644.swc	optic_lobe_intrinsic
data/fafb_sample/swc/720575940626820227.swc	optic_lobe_intrinsic
data/fafb_sample/swc/720575940613192173.swc	optic_lobe_intrinsic
data/fafb_sample/swc/720575940638352868.swc	optic_lobe_intrinsic
data/fafb_sample/swc/720575940618422045.swc	optic_lobe_intrinsic
data/fafb_sample/swc/720575940635791514.swc	optic_lobe_intrinsic
data/fafb_sample/swc/720575940636095851.swc	optic_lobe_intrinsic
data/fafb_sample/swc/720575940620383909.swc	optic_lobe_intrinsic
data/fafb_sample/swc/720575940630125306.swc	optic_lobe_intrinsic
data/fafb_sample/swc/720575940641520347.swc	optic_lobe_intrinsic
data/fafb_sample/swc/720575940628265288.swc	optic_lobe_intrinsic
data/fafb_sample/swc/720575940612597930.swc	optic_lobe_intrinsic
data/fafb_sample/swc/720575940627157144.swc	optic_lobe_intrinsic
data/fafb_sample/swc/720575940617657556.swc	optic_lobe_intrinsic
data/fafb_sample/swc/720575940640311971.swc	optic_lobe_intrinsic
data/fafb_sample/swc/720575940624429811.swc	optic_lobe_intrinsic
data/fafb_sample/swc/720575940618306022.swc	optic_lobe_intrinsic
data/fafb_sample/swc/720575940613158874.swc	optic_lobe_intrinsic
data/fafb_sample/swc/720575940613958055.swc	optic_lobe_intrinsic
data/fafb_sample/swc/720575940618099101.swc	optic_lobe_intrinsic
data/fafb_sample/swc/720575940635447391.swc	optic_lobe_intrinsic
data/fafb_sample/swc/720575940632074669.swc	optic_lobe_intrinsic
data/fafb_sample/swc/720575940616740027.swc	optic_lobe_intrinsic
data/fafb_sample/swc/720575940629904634.swc	optic_lobe_intrinsic
data/fafb_sample/swc/720575940616093964.swc	optic_lobe_intrinsic
data/fafb_sample/swc/720575940621492077.swc	optic_lobe_intrinsic
data/fafb_sample/swc/720575940623924493.swc	optic_lobe_intrinsic
data/fafb_sample/swc/720575940620658285.swc	optic_lobe_intrinsic
data/fafb_sample/swc/720575940621496052.swc	optic_lobe_intrinsic
data/fafb_sample/swc/720575940617345753.swc	optic_lobe_intrinsic
data/fafb_sample/swc/720575940622114992.swc	optic_lobe_intrinsic
data/fafb_sample/swc/720575940620965797.swc	optic_lobe_intrinsic
data/fafb_sample/swc/720575940619917110.swc	optic_lobe_intrinsic
data/fafb_sample/swc/720575940613909485.swc	optic_lobe_intrinsic
data/fafb_sample/swc/720575940604805297.swc	optic_lobe_intrinsic
data/fafb_sample/swc/720575940631505270.swc	optic_lobe_intrinsic
data/fafb_sample/swc/720575940632476431.swc	optic_lobe_intrinsic
data/fafb_sample/swc/720575940610580578.swc	optic_lobe_intrinsic
data/fafb_sample/swc/720575940626312525.swc	optic_lobe_intrinsic
data/fafb_sample/swc/720575940612522482.swc	optic_lobe_intrinsic
data/fafb_sample/swc/720575940632401967.swc	optic_lobe_intrinsic
data/fafb_sample/swc/720575940635473582.swc	optic_lobe_intrinsic
data/fafb_sample/swc/720575940629377274.swc	optic_lobe_intrinsic
data/fafb_sample/swc/720575940627303273.swc	optic_lobe_intrinsic
data/fafb_sample/swc/720575940640182360.swc	optic_lobe_intrinsic
data/fafb_sample/swc/720575940633724068.swc	optic_lobe_intrinsic
data/fafb_sample/swc/720575940629096208.swc	optic_lobe_intrinsic
data/fafb_sample/swc/720575940617753785.swc	optic_lobe_intrinsic
data/fafb_sample/swc/720575940616237917.swc	optic_lobe_intrinsic
data/fafb_sample/swc/720575940607482569.swc	optic_lobe_intrinsic
data/fafb_sample/swc/720575940614934459.swc	optic_lobe_intrinsic
data/fafb_sample/swc/720575940627568259.swc	optic_lobe_intrinsic
data/fafb_sample/swc/720575940615068895.swc	optic_lobe_intrinsic
data/fafb_sample/swc/720575940641566965.swc	optic_lobe_intrinsic
data/fafb_sample/swc/720575940624420284.swc	optic_lobe_intrinsic
data/fafb_sample/swc/720575940631220299.swc	optic_lobe_intrinsic
data/fafb_sample/swc/720575940629860034.swc	optic_lobe_intrinsic
data/fafb_sample/swc/720575940623949309.swc	optic_lobe_intrinsic
data/fafb_sample/swc/720575940632277132.swc	optic_lobe_intrinsic
data/fafb_sample/swc/720575940628455546.swc	optic_lobe_intrinsic
data/fafb_sample/swc/720575940636555877.swc	optic_lobe_intrinsic
data/fafb_sample/swc/720575940635347380.swc	optic_lobe_intrinsic
data/fafb_sample/swc/720575940629873402.swc	optic_lobe_intrinsic
data/fafb_sample/swc/720575940616537973.swc	optic_lobe_intrinsic
data/fafb_sample/swc/720575940608334172.swc	optic_lobe_intrinsic
data/fafb_sample/swc/720575940631181263.swc	optic_lobe_intrinsic
data/fafb_sample/swc/720575940620520557.swc	optic_lobe_intrinsic
data/fafb_sample/swc/720575940622566870.swc	optic_lobe_intrinsic
data/fafb_sample/swc/720575940636707930.swc	optic_lobe_intrinsic
data/fafb_sample/swc/720575940616174292.swc	optic_lobe_intrinsic
data/fafb_sample/swc/720575940622549324.swc	optic_lobe_intrinsic
data/fafb_sample/swc/720575940623733272.swc	optic_lobe_intrinsic
data/fafb_sample/swc/720575940619028509.swc	optic_lobe_intrinsic
data/fafb_sample/swc/720575940639221949.swc	optic_lobe_intrinsic
data/fafb_sample/swc/720575940621992820.swc	optic_lobe_intrinsic
data/fafb_sample/swc/720575940638211903.swc	optic_lobe_intrinsic
data/fafb_sample/swc/720575940617350356.swc	optic_lobe_intrinsic
data/fafb_sample/swc/720575940623638493.swc	optic_lobe_intrinsic
data/fafb_sample/swc/720575940645491748.swc	optic_lobe_intrinsic
data/fafb_sample/swc/720575940636914350.swc	optic_lobe_intrinsic
data/fafb_sample/swc/720575940624121599.swc	optic_lobe_intrinsic
data/fafb_sample/swc/720575940623838477.swc	optic_lobe_intrinsic
data/fafb_sample/swc/720575940626653188.swc	optic_lobe_intrinsic
data/fafb_sample/swc/720575940624446647.swc	optic_lobe_intrinsic
data/fafb_sample/swc/720575940631549101.swc	optic_lobe_intrinsic
data/fafb_sample/swc/720575940640474752.swc	optic_lobe_intrinsic
data/fafb_sample/swc/720575940627241865.swc	optic_lobe_intrinsic
data/fafb_sample/swc/720575940631117568.swc	optic_lobe_intrinsic
data/fafb_sample/swc/720575940627331859.swc	optic_lobe_intrinsic
data/fafb_sample/swc/720575940621869940.swc	optic_lobe_intrinsic
data/fafb_sample/swc/720575940613620246.swc	optic_lobe_intrinsic
data/fafb_sample/swc/720575940629138492.swc	optic_lobe_intrinsic
data/fafb_sample/swc/720575940615019183.swc	optic_lobe_intrinsic
data/fafb_sample/swc/720575940630815737.swc	optic_lobe_intrinsic
data/fafb_sample/swc/720575940609936835.swc	optic_lobe_intrinsic
data/fafb_sample/swc/720575940629831323.swc	optic_lobe_intrinsic
data/fafb_sample/swc/720575940614783906.swc	optic_lobe_intrinsic
data/fafb_sample/swc/720575940629991247.swc	optic_lobe_intrinsic
data/fafb_sample/swc/720575940628191877.swc	optic_lobe_intrinsic
data/fafb_sample/swc/720575940631758151.swc	optic_lobe_intrinsic
data/fafb_sample/swc/720575940642417805.swc	optic_lobe_intrinsic
data/fafb_sample/swc/720575940628247825.swc	optic_lobe_intrinsic
data/fafb_sample/swc/720575940605435308.swc	optic_lobe_intrinsic
data/fafb_sample/swc/720575940611161646.swc	optic_lobe_intrinsic
data/fafb_sample/swc/720575940638928191.swc	optic_lobe_intrinsic
data/fafb_sample/swc/720575940616099807.swc	optic_lobe_intrinsic
data/fafb_sample/swc/720575940645697060.swc	optic_lobe_intrinsic
data/fafb_sample/swc/720575940619394939.swc	optic_lobe_intrinsic
data/fafb_sample/swc/720575940632783160.swc	optic_lobe_intrinsic
data/fafb_sample/swc/720575940614063791.swc	optic_lobe_intrinsic
data/fafb_sample/swc/720575940613823919.swc	optic_lobe_intrinsic
data/fafb_sample/swc/720575940639966261.swc	optic_lobe_intrinsic
data/fafb_sample/swc/720575940615443037.swc	optic_lobe_intrinsic
data/fafb_sample/swc/720575940618242384.swc	optic_lobe_intrinsic
data/fafb_sample/swc/720575940619694016.swc	optic_lobe_intrinsic
data/fafb_sample/swc/720575940624133557.swc	optic_lobe_intrinsic
data/fafb_sample/swc/720575940626709849.swc	optic_lobe_intrinsic
data/fafb_sample/swc/720575940627662681.swc	optic_lobe_intrinsic
data/fafb_sample/swc/720575940624300484.swc	optic_lobe_intrinsic
data/fafb_sample/swc/720575940634283233.swc	optic_lobe_intrinsic
data/fafb_sample/swc/720575940628256649.swc	optic_lobe_intrinsic
data/fafb_sample/swc/720575940608408282.swc	optic_lobe_intrinsic
data/fafb_sample/swc/720575940618813248.swc	optic_lobe_intrinsic
data/fafb_sample/swc/720575940628742641.swc	optic_lobe_intrinsic
data/fafb_sample/swc/720575940615175903.swc	optic_lobe_intrinsic
data/fafb_sample/swc/720575940617580578.swc	optic_lobe_intrinsic
data/fafb_sample/swc/720575940642284429.swc	optic_lobe_intrinsic
data/fafb_sample/swc/720575940617832961.swc	optic_lobe_intrinsic
data/fafb_sample/swc/720575940637557349.swc	optic_lobe_intrinsic
data/fafb_sample/swc/720575940634990955.swc	optic_lobe_intrinsic
data/fafb_sample/swc/720575940628639175.swc	optic_lobe_intrinsic
data/fafb_sample/swc/720575940616710742.swc	optic_lobe_intrinsic
data/fafb_sample/swc/720575940613469334.swc	optic_lobe_intrinsic
data/fafb_sample/swc/720575940630221434.swc	optic_lobe_intrinsic
data/fafb_sample/swc/720575940608681993.swc	optic_lobe_intrinsic
data/fafb_sample/swc/720575940617630347.swc	optic_lobe_intrinsic
data/fafb_sample/swc/720575940636447966.swc	optic_lobe_intrinsic
data/fafb_sample/swc/720575940632074553.swc	optic_lobe_intrinsic
data/fafb_sample/swc/720575940621814900.swc	optic_lobe_intrinsic
data/fafb_sample/swc/720575940627098749.swc	optic_lobe_intrinsic
data/fafb_sample/swc/720575940647536260.swc	optic_lobe_intrinsic
data/fafb_sample/swc/720575940619153435.swc	optic_lobe_intrinsic
data/fafb_sample/swc/720575940633341523.swc	optic_lobe_intrinsic
data/fafb_sample/swc/720575940618950221.swc	optic_lobe_intrinsic
data/fafb_sample/swc/720575940641548685.swc	optic_lobe_intrinsic
data/fafb_sample/swc/720575940605632433.swc	optic_lobe_intrinsic
data/fafb_sample/swc/720575940629309339.swc	optic_lobe_intrinsic
data/fafb_sample/swc/720575940630265339.swc	optic_lobe_intrinsic
data/fafb_sample/swc/720575940622981119.swc	optic_lobe_intrinsic
data/fafb_sample/swc/720575940611039608.swc	optic_lobe_intrinsic
data/fafb_sample/swc/720575940632390987.swc	optic_lobe_intrinsic
data/fafb_sample/swc/720575940626432458.swc	optic_lobe_intrinsic
data/fafb_sample/swc/720575940630400719.swc	optic_lobe_intrinsic
data/fafb_sample/swc/720575940618264404.swc	optic_lobe_intrinsic
data/fafb_sample/swc/720575940626327177.swc	optic_lobe_intrinsic
data/fafb_sample/swc/720575940622788702.swc	optic_lobe_intrinsic
data/fafb_sample/swc/720575940623145098.swc	optic_lobe_intrinsic
data/fafb_sample/swc/720575940617638033.swc	optic_lobe_intrinsic
data/fafb_sample/swc/720575940631155963.swc	optic_lobe_intrinsic
data/fafb_sample/swc/720575940613071589.swc	optic_lobe_intrinsic
data/fafb_sample/swc/720575940626676170.swc	optic_lobe_intrinsic
data/fafb_sample/swc/720575940638094569.swc	optic_lobe_intrinsic
data/fafb_sample/swc/720575940620606061.swc	optic_lobe_intrinsic
data/fafb_sample/swc/720575940630708844.swc	optic_lobe_intrinsic
data/fafb_sample/swc/720575940620282304.swc	optic_lobe_intrinsic
data/fafb_sample/swc/720575940640403827.swc	optic_lobe_intrinsic
data/fafb_sample/swc/720575940641217488.swc	optic_lobe_intrinsic
data/fafb_sample/swc/720575940630499831.swc	optic_lobe_intrinsic
data/fafb_sample/swc/720575940612700017.swc	optic_lobe_intrinsic
data/fafb_sample/swc/720575940629616144.swc	optic_lobe_intrinsic
data/fafb_sample/swc/720575940627807877.swc	optic_lobe_intrinsic
data/fafb_sample/swc/720575940627270738.swc	optic_lobe_intrinsic
data/fafb_sample/swc/720575940609219029.swc	optic_lobe_intrinsic
data/fafb_sample/swc/720575940627974406.swc	optic_lobe_intrinsic
data/fafb_sample/swc/720575940621559156.swc	optic_lobe_intrinsic
data/fafb_sample/swc/720575940627286012.swc	optic_lobe_intrinsic
data/fafb_sample/swc/720575940623657354.swc	optic_lobe_intrinsic
data/fafb_sample/swc/720575940636117359.swc	optic_lobe_intrinsic
data/fafb_sample/swc/720575940629369191.swc	optic_lobe_intrinsic
data/fafb_sample/swc/720575940616027078.swc	optic_lobe_intrinsic
data/fafb_sample/swc/720575940646522222.swc	optic_lobe_intrinsic
data/fafb_sample/swc/720575940623829289.swc	optic_lobe_intrinsic
data/fafb_sample/swc/720575940606023014.swc	optic_lobe_intrinsic
data/fafb_sample/swc/720575940630484930.swc	optic_lobe_intrinsic
data/fafb_sample/swc/720575940621924890.swc	optic_lobe_intrinsic
data/fafb_sample/swc/720575940637684142.swc	optic_lobe_intrinsic
data/fafb_sample/swc/720575940637622885.swc	optic_lobe_intrinsic
data/fafb_sample/swc/720575940626544996.swc	optic_lobe_intrinsic
data/fafb_sample/swc/720575940628212742.swc	optic_lobe_intrinsic
data/fafb_sample/swc/720575940628436220.swc	optic_lobe_intrinsic
data/fafb_sample/swc/720575940631764561.swc	optic_lobe_intrinsic
data/fafb_sample/swc/720575940655888289.swc	optic_lobe_intrinsic
data/fafb_sample/swc/720575940619874950.swc	optic_lobe_intrinsic
data/fafb_sample/swc/720575940633354833.swc	optic_lobe_intrinsic
data/fafb_sample/swc/720575940632412434.swc	optic_lobe_intrinsic
data/fafb_sample/swc/720575940641930485.swc	optic_lobe_intrinsic
data/fafb_sample/swc/720575940623144141.swc	optic_lobe_intrinsic
data/fafb_sample/swc/720575940625348796.swc	optic_lobe_intrinsic
data/fafb_sample/swc/720575940617685387.swc	optic_lobe_intrinsic
data/fafb_sample/swc/720575940632957267.swc	optic_lobe_intrinsic
data/fafb_sample/swc/720575940642405773.swc	optic_lobe_intrinsic
data/fafb_sample/swc/720575940622850259.swc	optic_lobe_intrinsic
data/fafb_sample/swc/720575940625471223.swc	optic_lobe_intrinsic
data/fafb_sample/swc/720575940621095918.swc	optic_lobe_intrinsic
data/fafb_sample/swc/720575940623519635.swc	optic_lobe_intrinsic
data/fafb_sample/swc/720575940622199164.swc	optic_lobe_intrinsic
data/fafb_sample/swc/720575940615270142.swc	optic_lobe_intrinsic
data/fafb_sample/swc/720575940614016237.swc	optic_lobe_intrinsic
data/fafb_sample/swc/720575940644854052.swc	optic_lobe_intrinsic
data/fafb_sample/swc/720575940627847055.swc	optic_lobe_intrinsic
data/fafb_sample/swc/720575940627005071.swc	optic_lobe_intrinsic
data/fafb_sample/swc/720575940650605945.swc	optic_lobe_intrinsic
data/fafb_sample/swc/720575940625894899.swc	optic_lobe_intrinsic
data/fafb_sample/swc/720575940624111398.swc	optic_lobe_intrinsic
data/fafb_sample/swc/720575940632549407.swc	optic_lobe_intrinsic
data/fafb_sample/swc/720575940612979891.swc	optic_lobe_intrinsic
data/fafb_sample/swc/720575940636316527.swc	optic_lobe_intrinsic
data/fafb_sample/swc/720575940630646839.swc	optic_lobe_intrinsic
data/fafb_sample/swc/720575940620536589.swc	optic_lobe_intrinsic
data/fafb_sample/swc/720575940631858706.swc	optic_lobe_intrinsic
data/fafb_sample/swc/720575940628910340.swc	optic_lobe_intrinsic
data/fafb_sample/swc/720575940623507213.swc	optic_lobe_intrinsic
data/fafb_sample/swc/720575940615377514.swc	optic_lobe_intrinsic
data/fafb_sample/swc/720575940625161230.swc	optic_lobe_intrinsic
data/fafb_sample/swc/720575940626698800.swc	optic_lobe_intrinsic
data/fafb_sample/swc/720575940635757560.swc	optic_lobe_intrinsic
data/fafb_sample/swc/720575940647837572.swc	optic_lobe_intrinsic
data/fafb_sample/swc/720575940606445088.swc	optic_lobe_intrinsic
data/fafb_sample/swc/720575940612012714.swc	optic_lobe_intrinsic
data/fafb_sample/swc/720575940639295558.swc	optic_lobe_intrinsic
data/fafb_sample/swc/720575940618287576.swc	optic_lobe_intrinsic
data/fafb_sample/swc/720575940627228754.swc	optic_lobe_intrinsic
data/fafb_sample/swc/720575940640632893.swc	optic_lobe_intrinsic
data/fafb_sample/swc/720575940623037820.swc	optic_lobe_intrinsic
data/fafb_sample/swc/720575940627150650.swc	optic_lobe_intrinsic
data/fafb_sample/swc/720575940640133053.swc	optic_lobe_intrinsic
data/fafb_sample/swc/720575940622293673.swc	optic_lobe_intrinsic
data/fafb_sample/swc/720575940628929079.swc	optic_lobe_intrinsic
data/fafb_sample/swc/720575940617747614.swc	optic_lobe_intrinsic
data/fafb_sample/swc/720575940617189755.swc	optic_lobe_intrinsic
data/fafb_sample/swc/720575940610619182.swc	optic_lobe_intrinsic
data/fafb_sample/swc/720575940616789734.swc	optic_lobe_intrinsic
data/fafb_sample/swc/720575940633734734.swc	optic_lobe_intrinsic
data/fafb_sample/swc/720575940610990916.swc	optic_lobe_intrinsic
data/fafb_sample/swc/720575940624795831.swc	optic_lobe_intrinsic
data/fafb_sample/swc/720575940612077018.swc	optic_lobe_intrinsic
data/fafb_sample/swc/720575940639575741.swc	optic_lobe_intrinsic
data/fafb_sample/swc/720575940632435117.swc	optic_lobe_intrinsic
data/fafb_sample/swc/720575940630745538.swc	optic_lobe_intrinsic
data/fafb_sample/swc/720575940630197701.swc	optic_lobe_intrinsic
data/fafb_sample/swc/720575940624601929.swc	optic_lobe_intrinsic
data/fafb_sample/swc/720575940627533992.swc	optic_lobe_intrinsic
data/fafb_sample/swc/720575940642253019.swc	optic_lobe_intrinsic
data/fafb_sample/swc/720575940638927332.swc	optic_lobe_intrinsic
data/fafb_sample/swc/720575940629869584.swc	optic_lobe_intrinsic
data/fafb_sample/swc/720575940621365440.swc	optic_lobe_intrinsic
data/fafb_sample/swc/720575940618509851.swc	optic_lobe_intrinsic
data/fafb_sample/swc/720575940633952363.swc	optic_lobe_intrinsic
data/fafb_sample/swc/720575940632396904.swc	optic_lobe_intrinsic
data/fafb_sample/swc/720575940619076997.swc	optic_lobe_intrinsic
data/fafb_sample/swc/720575940625641203.swc	optic_lobe_intrinsic
data/fafb_sample/swc/720575940605691308.swc	optic_lobe_intrinsic
data/fafb_sample/swc/720575940623112472.swc	optic_lobe_intrinsic
data/fafb_sample/swc/720575940618135872.swc	optic_lobe_intrinsic
data/fafb_sample/swc/720575940623713816.swc	optic_lobe_intrinsic
data/fafb_sample/swc/720575940628924676.swc	optic_lobe_intrinsic
data/fafb_sample/swc/720575940660952449.swc	optic_lobe_intrinsic
data/fafb_sample/swc/720575940619600088.swc	optic_lobe_intrinsic
data/fafb_sample/swc/720575940633568420.swc	optic_lobe_intrinsic
data/fafb_sample/swc/720575940628589824.swc	optic_lobe_intrinsic
data/fafb_sample/swc/720575940621895028.swc	optic_lobe_intrinsic
data/fafb_sample/swc/720575940623530973.swc	optic_lobe_intrinsic
data/fafb_sample/swc/720575940615101359.swc	optic_lobe_intrinsic
data/fafb_sample/swc/720575940629684474.swc	optic_lobe_intrinsic
data/fafb_sample/swc/720575940619738759.swc	optic_lobe_intrinsic
data/fafb_sample/swc/720575940631228178.swc	optic_lobe_intrinsic
data/fafb_sample/swc/720575940621447796.swc	optic_lobe_intrinsic
data/fafb_sample/swc/720575940627117809.swc	optic_lobe_intrinsic
data/fafb_sample/swc/720575940632571715.swc	optic_lobe_intrinsic
data/fafb_sample/swc/720575940622165430.swc	optic_lobe_intrinsic
data/fafb_sample/swc/720575940605258668.swc	optic_lobe_intrinsic
data/fafb_sample/swc/720575940610906722.swc	optic_lobe_intrinsic
data/fafb_sample/swc/720575940640379709.swc	optic_lobe_intrinsic
data/fafb_sample/swc/720575940630285356.swc	optic_lobe_intrinsic
data/fafb_sample/swc/720575940630185342.swc	optic_lobe_intrinsic
data/fafb_sample/swc/720575940607720834.swc	optic_lobe_intrinsic
data/fafb_sample/swc/720575940618286809.swc	optic_lobe_intrinsic
data/fafb_sample/swc/720575940614380003.swc	optic_lobe_intrinsic
data/fafb_sample/swc/720575940636647535.swc	optic_lobe_intrinsic
data/fafb_sample/swc/720575940631110341.swc	optic_lobe_intrinsic
data/fafb_sample/swc/720575940635712948.swc	optic_lobe_intrinsic
data/fafb_sample/swc/720575940635143007.swc	optic_lobe_intrinsic
data/fafb_sample/swc/720575940617703453.swc	optic_lobe_intrinsic
data/fafb_sample/swc/720575940614727678.swc	optic_lobe_intrinsic
data/fafb_sample/swc/720575940620682991.swc	optic_lobe_intrinsic
data/fafb_sample/swc/720575940615062191.swc	optic_lobe_intrinsic
data/fafb_sample/swc/720575940619245397.swc	optic_lobe_intrinsic
data/fafb_sample/swc/720575940636768090.swc	optic_lobe_intrinsic
data/fafb_sample/swc/720575940639445582.swc	optic_lobe_intrinsic
data/fafb_sample/swc/720575940623186189.swc	optic_lobe_intrinsic
data/fafb_sample/swc/720575940622088745.swc	optic_lobe_intrinsic
data/fafb_sample/swc/720575940617306683.swc	optic_lobe_intrinsic
data/fafb_sample/swc/720575940629851514.swc	optic_lobe_intrinsic
data/fafb_sample/swc/720575940614064877.swc	optic_lobe_intrinsic
data/fafb_sample/swc/720575940611675490.swc	optic_lobe_intrinsic
data/fafb_sample/swc/720575940617316569.swc	optic_lobe_intrinsic
data/fafb_sample/swc/720575940611762581.swc	optic_lobe_intrinsic
data/fafb_sample/swc/720575940611113592.swc	optic_lobe_intrinsic
data/fafb_sample/swc/720575940626386476.swc	optic_lobe_intrinsic
data/fafb_sample/swc/720575940616859323.swc	optic_lobe_intrinsic
data/fafb_sample/swc/720575940599797164.swc	optic_lobe_intrinsic
data/fafb_sample/swc/720575940634320610.swc	optic_lobe_intrinsic
data/fafb_sample/swc/720575940628616209.swc	optic_lobe_intrinsic
data/fafb_sample/swc/720575940625140238.swc	optic_lobe_intrinsic
data/fafb_sample/swc/720575940636802446.swc	optic_lobe_intrinsic
data/fafb_sample/swc/720575940630462524.swc	optic_lobe_intrinsic
data/fafb_sample/swc/720575940624403017.swc	optic_lobe_intrinsic
data/fafb_sample/swc/720575940629596009.swc	optic_lobe_intrinsic
data/fafb_sample/swc/720575940612042901.swc	optic_lobe_intrinsic
data/fafb_sample/swc/720575940626158384.swc	optic_lobe_intrinsic
data/fafb_sample/swc/720575940636731493.swc	optic_lobe_intrinsic
data/fafb_sample/swc/720575940621694561.swc	optic_lobe_intrinsic
data/fafb_sample/swc/720575940637168270.swc	optic_lobe_intrinsic
data/fafb_sample/swc/720575940623165832.swc	optic_lobe_intrinsic
data/fafb_sample/swc/720575940630736844.swc	optic_lobe_intrinsic
data/fafb_sample/swc/720575940623366655.swc	optic_lobe_intrinsic
data/fafb_sample/swc/720575940629950482.swc	optic_lobe_intrinsic
data/fafb_sample/swc/720575940642138075.swc	optic_lobe_intrinsic
data/fafb_sample/swc/720575940606530225.swc	optic_lobe_intrinsic
data/fafb_sample/swc/720575940621285552.swc	optic_lobe_intrinsic
data/fafb_sample/swc/720575940619693179.swc	optic_lobe_intrinsic
data/fafb_sample/swc/720575940628577286.swc	optic_lobe_intrinsic
data/fafb_sample/swc/720575940626403842.swc	optic_lobe_intrinsic
data/fafb_sample/swc/720575940611958226.swc	optic_lobe_intrinsic
data/fafb_sample/swc/720575940619834644.swc	optic_lobe_intrinsic
data/fafb_sample/swc/720575940637098871.swc	optic_lobe_intrinsic
data/fafb_sample/swc/720575940623713003.swc	optic_lobe_intrinsic
data/fafb_sample/swc/720575940620505253.swc	optic_lobe_intrinsic
data/fafb_sample/swc/720575940631298245.swc	optic_lobe_intrinsic
data/fafb_sample/swc/720575940623553032.swc	optic_lobe_intrinsic
data/fafb_sample/swc/720575940605056684.swc	optic_lobe_intrinsic
data/fafb_sample/swc/720575940627592018.swc	optic_lobe_intrinsic
data/fafb_sample/swc/720575940638312006.swc	optic_lobe_intrinsic
data/fafb_sample/swc/720575940625892280.swc	optic_lobe_intrinsic
data/fafb_sample/swc/720575940623954579.swc	optic_lobe_intrinsic
data/fafb_sample/swc/720575940634720111.swc	optic_lobe_intrinsic
data/fafb_sample/swc/720575940626079781.swc	optic_lobe_intrinsic
data/fafb_sample/swc/720575940633612205.swc	optic_lobe_intrinsic
data/fafb_sample/swc/720575940614795304.swc	optic_lobe_intrinsic
data/fafb_sample/swc/720575940605278380.swc	optic_lobe_intrinsic
data/fafb_sample/swc/720575940617766374.swc	optic_lobe_intrinsic
data/fafb_sample/swc/720575940635127392.swc	optic_lobe_intrinsic
data/fafb_sample/swc/720575940621404440.swc	optic_lobe_intrinsic
data/fafb_sample/swc/720575940627322344.swc	optic_lobe_intrinsic
data/fafb_sample/swc/720575940628455336.swc	optic_lobe_intrinsic
data/fafb_sample/swc/720575940645946164.swc	optic_lobe_intrinsic
data/fafb_sample/swc/720575940628139602.swc	optic_lobe_intrinsic
data/fafb_sample/swc/720575940612917922.swc	optic_lobe_intrinsic
data/fafb_sample/swc/720575940630863360.swc	optic_lobe_intrinsic
data/fafb_sample/swc/720575940640328757.swc	optic_lobe_intrinsic
data/fafb_sample/swc/720575940627190814.swc	optic_lobe_intrinsic
data/fafb_sample/swc/720575940623529143.swc	optic_lobe_intrinsic
data/fafb_sample/swc/720575940632043535.swc	optic_lobe_intrinsic
data/fafb_sample/swc/720575940614474642.swc	optic_lobe_intrinsic
data/fafb_sample/swc/720575940641072768.swc	optic_lobe_intrinsic
data/fafb_sample/swc/720575940610474104.swc	optic_lobe_intrinsic
data/fafb_sample/swc/720575940627968072.swc	optic_lobe_intrinsic
data/fafb_sample/swc/720575940612096354.swc	optic_lobe_intrinsic
data/fafb_sample/swc/720575940631284439.swc	optic_lobe_intrinsic
data/fafb_sample/swc/720575940618908062.swc	optic_lobe_intrinsic
data/fafb_sample/swc/720575940627615249.swc	optic_lobe_intrinsic
data/fafb_sample/swc/720575940627144317.swc	optic_lobe_intrinsic
data/fafb_sample/swc/720575940631380792.swc	optic_lobe_intrinsic
data/fafb_sample/swc/720575940630273150.swc	optic_lobe_intrinsic
data/fafb_sample/swc/720575940628949607.swc	optic_lobe_intrinsic
data/fafb_sample/swc/720575940636648590.swc	optic_lobe_intrinsic
data/fafb_sample/swc/720575940629622615.swc	optic_lobe_intrinsic
data/fafb_sample/swc/720575940606350526.swc	optic_lobe_intrinsic
data/fafb_sample/swc/720575940628215036.swc	optic_lobe_intrinsic
data/fafb_sample/swc/720575940640749520.swc	optic_lobe_intrinsic
data/fafb_sample/swc/720575940628210152.swc	optic_lobe_intrinsic
data/fafb_sample/swc/720575940632499727.swc	optic_lobe_intrinsic
data/fafb_sample/swc/720575940632333103.swc	optic_lobe_intrinsic
data/fafb_sample/swc/720575940628449082.swc	optic_lobe_intrinsic
data/fafb_sample/swc/720575940618051461.swc	optic_lobe_intrinsic
data/fafb_sample/swc/720575940631529669.swc	optic_lobe_intrinsic
data/fafb_sample/swc/720575940621784923.swc	optic_lobe_intrinsic
data/fafb_sample/swc/720575940629441795.swc	optic_lobe_intrinsic
data/fafb_sample/swc/720575940633833311.swc	optic_lobe_intrinsic
data/fafb_sample/swc/720575940610638233.swc	optic_lobe_intrinsic
data/fafb_sample/swc/720575940637137520.swc	optic_lobe_intrinsic
data/fafb_sample/swc/720575940612625381.swc	optic_lobe_intrinsic
data/fafb_sample/swc/720575940636124084.swc	optic_lobe_intrinsic
data/fafb_sample/swc/720575940609138898.swc	optic_lobe_intrinsic
data/fafb_sample/swc/720575940630394880.swc	optic_lobe_intrinsic
data/fafb_sample/swc/720575940635167935.swc	optic_lobe_intrinsic
data/fafb_sample/swc/720575940618711837.swc	optic_lobe_intrinsic
data/fafb_sample/swc/720575940615749698.swc	optic_lobe_intrinsic
data/fafb_sample/swc/720575940615388021.swc	optic_lobe_intrinsic
data/fafb_sample/swc/720575940628151016.swc	optic_lobe_intrinsic
data/fafb_sample/swc/720575940632665508.swc	optic_lobe_intrinsic
data/fafb_sample/swc/720575940624348341.swc	optic_lobe_intrinsic
data/fafb_sample/swc/720575940633914669.swc	optic_lobe_intrinsic
data/fafb_sample/swc/720575940610467267.swc	optic_lobe_intrinsic
data/fafb_sample/swc/720575940626970901.swc	optic_lobe_intrinsic
data/fafb_sample/swc/720575940612126818.swc	optic_lobe_intrinsic
data/fafb_sample/swc/720575940637993806.swc	optic_lobe_intrinsic
data/fafb_sample/swc/720575940629595845.swc	optic_lobe_intrinsic
data/fafb_sample/swc/720575940627085437.swc	optic_lobe_intrinsic
data/fafb_sample/swc/720575940617297625.swc	optic_lobe_intrinsic
data/fafb_sample/swc/720575940635712119.swc	optic_lobe_intrinsic
data/fafb_sample/swc/720575940639052888.swc	optic_lobe_intrinsic
data/fafb_sample/swc/720575940621966249.swc	optic_lobe_intrinsic
data/fafb_sample/swc/720575940617611101.swc	optic_lobe_intrinsic
data/fafb_sample/swc/720575940618514846.swc	optic_lobe_intrinsic
data/fafb_sample/swc/720575940633583571.swc	optic_lobe_intrinsic
data/fafb_sample/swc/720575940613997265.swc	optic_lobe_intrinsic
data/fafb_sample/swc/720575940632814648.swc	optic_lobe_intrinsic
data/fafb_sample/swc/720575940615320978.swc	optic_lobe_intrinsic
data/fafb_sample/swc/720575940618089702.swc	optic_lobe_intrinsic
data/fafb_sample/swc/720575940637361253.swc	optic_lobe_intrinsic
data/fafb_sample/swc/720575940627461905.swc	optic_lobe_intrinsic
data/fafb_sample/swc/720575940620993190.swc	optic_lobe_intrinsic
data/fafb_sample/swc/720575940620944006.swc	optic_lobe_intrinsic
data/fafb_sample/swc/720575940624149784.swc	optic_lobe_intrinsic
data/fafb_sample/swc/720575940621090130.swc	optic_lobe_intrinsic
data/fafb_sample/swc/720575940617296523.swc	optic_lobe_intrinsic
data/fafb_sample/swc/720575940618235451.swc	optic_lobe_intrinsic
data/fafb_sample/swc/720575940631688515.swc	optic_lobe_intrinsic
data/fafb_sample/swc/720575940624575076.swc	optic_lobe_intrinsic
data/fafb_sample/swc/720575940629252395.swc	optic_lobe_intrinsic
data/fafb_sample/swc/720575940603498613.swc	optic_lobe_intrinsic
data/fafb_sample/swc/720575940631248727.swc	optic_lobe_intrinsic
data/fafb_sample/swc/720575940638864080.swc	optic_lobe_intrinsic
data/fafb_sample/swc/720575940638053722.swc	optic_lobe_intrinsic
data/fafb_sample/swc/720575940652859894.swc	optic_lobe_intrinsic
data/fafb_sample/swc/720575940623937724.swc	optic_lobe_intrinsic
data/fafb_sample/swc/720575940620506827.swc	optic_lobe_intrinsic
data/fafb_sample/swc/720575940633849998.swc	optic_lobe_intrinsic
data/fafb_sample/swc/720575940620796911.swc	optic_lobe_intrinsic
data/fafb_sample/swc/720575940616982155.swc	optic_lobe_intrinsic
data/fafb_sample/swc/720575940611089106.swc	optic_lobe_intrinsic
data/fafb_sample/swc/720575940627343166.swc	optic_lobe_intrinsic
data/fafb_sample/swc/720575940627359570.swc	optic_lobe_intrinsic
data/fafb_sample/swc/720575940617671142.swc	optic_lobe_intrinsic
data/fafb_sample/swc/720575940605922993.swc	optic_lobe_intrinsic
data/fafb_sample/swc/720575940622651606.swc	optic_lobe_intrinsic
data/fafb_sample/swc/720575940636528052.swc	optic_lobe_intrinsic
data/fafb_sample/swc/720575940609244885.swc	optic_lobe_intrinsic
data/fafb_sample/swc/720575940618595874.swc	optic_lobe_intrinsic
data/fafb_sample/swc/720575940640767440.swc	optic_lobe_intrinsic
data/fafb_sample/swc/720575940632946340.swc	optic_lobe_intrinsic
data/fafb_sample/swc/720575940629645927.swc	optic_lobe_intrinsic
data/fafb_sample/swc/720575940630535362.swc	optic_lobe_intrinsic
data/fafb_sample/swc/720575940616398790.swc	optic_lobe_intrinsic
data/fafb_sample/swc/720575940632967967.swc	optic_lobe_intrinsic
data/fafb_sample/swc/720575940627309834.swc	optic_lobe_intrinsic
data/fafb_sample/swc/720575940611576526.swc	optic_lobe_intrinsic
data/fafb_sample/swc/720575940623687117.swc	optic_lobe_intrinsic
data/fafb_sample/swc/720575940633552076.swc	optic_lobe_intrinsic
data/fafb_sample/swc/720575940613384913.swc	optic_lobe_intrinsic
data/fafb_sample/swc/720575940636227695.swc	optic_lobe_intrinsic
data/fafb_sample/swc/720575940612788117.swc	optic_lobe_intrinsic
data/fafb_sample/swc/720575940619228353.swc	optic_lobe_intrinsic
data/fafb_sample/swc/720575940616748630.swc	optic_lobe_intrinsic
data/fafb_sample/swc/720575940621254465.swc	optic_lobe_intrinsic
data/fafb_sample/swc/720575940637728858.swc	optic_lobe_intrinsic
data/fafb_sample/swc/720575940636660366.swc	optic_lobe_intrinsic
data/fafb_sample/swc/720575940621149094.swc	optic_lobe_intrinsic
data/fafb_sample/swc/720575940620413376.swc	optic_lobe_intrinsic
data/fafb_sample/swc/720575940622782727.swc	optic_lobe_intrinsic
data/fafb_sample/swc/720575940629726992.swc	optic_lobe_intrinsic
data/fafb_sample/swc/720575940631073335.swc	optic_lobe_intrinsic
data/fafb_sample/swc/720575940639565987.swc	optic_lobe_intrinsic
data/fafb_sample/swc/720575940629004806.swc	optic_lobe_intrinsic
data/fafb_sample/swc/720575940636361140.swc	optic_lobe_intrinsic
data/fafb_sample/swc/720575940607240393.swc	optic_lobe_intrinsic
data/fafb_sample/swc/720575940617334969.swc	optic_lobe_intrinsic
data/fafb_sample/swc/720575940630112824.swc	optic_lobe_intrinsic
data/fafb_sample/swc/720575940629782863.swc	optic_lobe_intrinsic
data/fafb_sample/swc/720575940630847628.swc	optic_lobe_intrinsic
data/fafb_sample/swc/720575940614710695.swc	optic_lobe_intrinsic
data/fafb_sample/swc/720575940632065839.swc	optic_lobe_intrinsic
data/fafb_sample/swc/720575940606480073.swc	optic_lobe_intrinsic
data/fafb_sample/swc/720575940645544983.swc	optic_lobe_intrinsic
data/fafb_sample/swc/720575940619983262.swc	optic_lobe_intrinsic
data/fafb_sample/swc/720575940618310100.swc	visual
data/fafb_sample/swc/720575940638903871.swc	visual
data/fafb_sample/swc/720575940618673748.swc	visual
data/fafb_sample/swc/720575940621598374.swc	visual
data/fafb_sample/swc/720575940624345992.swc	visual
data/fafb_sample/swc/720575940637181815.swc	visual
data/fafb_sample/swc/720575940624724919.swc	visual
data/fafb_sample/swc/720575940635364247.swc	visual
data/fafb_sample/swc/720575940627004858.swc	visual
data/fafb_sample/swc/720575940636507384.swc	visual
data/fafb_sample/swc/720575940630508794.swc	visual
data/fafb_sample/swc/720575940618349318.swc	visual
data/fafb_sample/swc/720575940625308391.swc	visual
data/fafb_sample/swc/720575940630838492.swc	visual
data/fafb_sample/swc/720575940626747578.swc	visual
data/fafb_sample/swc/720575940625755836.swc	visual
data/fafb_sample/swc/720575940626668848.swc	visual
data/fafb_sample/swc/720575940628354833.swc	visual
data/fafb_sample/swc/720575940619139653.swc	visual
data/fafb_sample/swc/720575940631228665.swc	visual
data/fafb_sample/swc/720575940627272962.swc	visual
data/fafb_sample/swc/720575940618731521.swc	visual
data/fafb_sample/swc/720575940632328761.swc	visual
data/fafb_sample/swc/720575940617683851.swc	visual
data/fafb_sample/swc/720575940625628647.swc	visual
data/fafb_sample/swc/720575940623518819.swc	visual
data/fafb_sample/swc/720575940640525144.swc	visual
data/fafb_sample/swc/720575940638565342.swc	visual
data/fafb_sample/swc/720575940612852978.swc	visual
data/fafb_sample/swc/720575940627805833.swc	visual
data/fafb_sample/swc/720575940638832100.swc	visual
data/fafb_sample/swc/720575940615485950.swc	visual
data/fafb_sample/swc/720575940629905051.swc	visual
data/fafb_sample/swc/720575940633615533.swc	visual
data/fafb_sample/swc/720575940611321390.swc	visual
data/fafb_sample/swc/720575940623864712.swc	visual
data/fafb_sample/swc/720575940626845989.swc	visual
data/fafb_sample/swc/720575940629024241.swc	visual
data/fafb_sample/swc/720575940615688086.swc	visual
data/fafb_sample/swc/720575940647922228.swc	visual
data/fafb_sample/swc/720575940624936957.swc	visual
data/fafb_sample/swc/720575940637246821.swc	visual
data/fafb_sample/swc/720575940605764320.swc	visual
data/fafb_sample/swc/720575940622951962.swc	visual
data/fafb_sample/swc/720575940634377698.swc	visual
data/fafb_sample/swc/720575940627999826.swc	visual
data/fafb_sample/swc/720575940609361756.swc	visual
data/fafb_sample/swc/720575940608148098.swc	visual
data/fafb_sample/swc/720575940640256590.swc	visual
data/fafb_sample/swc/720575940631659607.swc	visual
data/fafb_sample/swc/720575940619021595.swc	visual
data/fafb_sample/swc/720575940626111758.swc	visual
data/fafb_sample/swc/720575940631808463.swc	visual
data/fafb_sample/swc/720575940617186677.swc	visual
data/fafb_sample/swc/720575940627469058.swc	visual
data/fafb_sample/swc/720575940624711687.swc	visual
data/fafb_sample/swc/720575940628717224.swc	visual
data/fafb_sample/swc/720575940623694104.swc	visual
data/fafb_sample/swc/720575940624029993.swc	visual
data/fafb_sample/swc/720575940630934828.swc	visual
data/fafb_sample/swc/720575940626894654.swc	visual
data/fafb_sample/swc/720575940632642360.swc	visual
data/fafb_sample/swc/720575940632984401.swc	visual
data/fafb_sample/swc/720575940617966809.swc	visual
data/fafb_sample/swc/720575940635435455.swc	visual
data/fafb_sample/swc/720575940615248546.swc	visual
data/fafb_sample/swc/720575940609951701.swc	visual
data/fafb_sample/swc/720575940631292892.swc	visual
data/fafb_sample/swc/720575940621522541.swc	visual
data/fafb_sample/swc/720575940621493188.swc	visual
data/fafb_sample/swc/720575940605892012.swc	visual
data/fafb_sample/swc/720575940616522818.swc	visual
data/fafb_sample/swc/720575940630806316.swc	visual
data/fafb_sample/swc/720575940640197949.swc	visual
data/fafb_sample/swc/720575940618685853.swc	visual
data/fafb_sample/swc/720575940636971895.swc	visual
data/fafb_sample/swc/720575940615806102.swc	visual
data/fafb_sample/swc/720575940632793657.swc	visual
data/fafb_sample/swc/720575940623285213.swc	visual
data/fafb_sample/swc/720575940614640815.swc	visual
data/fafb_sample/swc/720575940629863723.swc	visual
data/fafb_sample/swc/720575940625664487.swc	visual
data/fafb_sample/swc/720575940629002570.swc	visual
data/fafb_sample/swc/720575940629894555.swc	visual
data/fafb_sample/swc/720575940624246922.swc	visual
data/fafb_sample/swc/720575940631705339.swc	visual
data/fafb_sample/swc/720575940612646549.swc	visual
data/fafb_sample/swc/720575940621819457.swc	visual
data/fafb_sample/swc/720575940629673004.swc	visual
data/fafb_sample/swc/720575940628058505.swc	visual
data/fafb_sample/swc/720575940614731304.swc	visual
data/fafb_sample/swc/720575940621485227.swc	visual
data/fafb_sample/swc/720575940613440409.swc	visual
data/fafb_sample/swc/720575940616235423.swc	visual
data/fafb_sample/swc/720575940619010117.swc	visual
data/fafb_sample/swc/720575940610107605.swc	visual
data/fafb_sample/swc/720575940612514965.swc	visual
data/fafb_sample/swc/720575940629913679.swc	visual
data/fafb_sample/swc/720575940633468580.swc	visual
data/fafb_sample/swc/720575940625299464.swc	visual
data/fafb_sample/swc/720575940610022357.swc	visual
data/fafb_sample/swc/720575940615962774.swc	visual
data/fafb_sample/swc/720575940628010117.swc	visual
data/fafb_sample/swc/720575940640166709.swc	visual
data/fafb_sample/swc/720575940613601765.swc	visual
data/fafb_sample/swc/720575940616435398.swc	visual
data/fafb_sample/swc/720575940622105008.swc	visual
data/fafb_sample/swc/720575940640457843.swc	visual
data/fafb_sample/swc/720575940632176426.swc	visual
data/fafb_sample/swc/720575940618468582.swc	visual
data/fafb_sample/swc/720575940628536552.swc	visual
data/fafb_sample/swc/720575940634157523.swc	visual
data/fafb_sample/swc/720575940625104648.swc	visual
data/fafb_sample/swc/720575940626774202.swc	visual
data/fafb_sample/swc/720575940639886013.swc	visual
data/fafb_sample/swc/720575940625503527.swc	visual
data/fafb_sample/swc/720575940613519786.swc	visual
data/fafb_sample/swc/720575940630254718.swc	visual
data/fafb_sample/swc/720575940639408198.swc	visual
data/fafb_sample/swc/720575940623083340.swc	visual
data/fafb_sample/swc/720575940637504174.swc	visual
data/fafb_sample/swc/720575940632956207.swc	visual
data/fafb_sample/swc/720575940621570542.swc	visual
data/fafb_sample/swc/720575940618676381.swc	visual
data/fafb_sample/swc/720575940639047908.swc	visual
data/fafb_sample/swc/720575940616229855.swc	visual
data/fafb_sample/swc/720575940628451496.swc	visual
data/fafb_sample/swc/720575940625398763.swc	visual
data/fafb_sample/swc/720575940623720717.swc	visual
data/fafb_sample/swc/720575940623834760.swc	visual
data/fafb_sample/swc/720575940627863582.swc	visual
data/fafb_sample/swc/720575940631750095.swc	visual
data/fafb_sample/swc/720575940618276070.swc	visual
data/fafb_sample/swc/720575940612319694.swc	visual
data/fafb_sample/swc/720575940638749274.swc	visual
data/fafb_sample/swc/720575940622269424.swc	visual
data/fafb_sample/swc/720575940621514667.swc	visual
data/fafb_sample/swc/720575940627418908.swc	visual
data/fafb_sample/swc/720575940638712127.swc	visual
data/fafb_sample/swc/720575940624406468.swc	visual
data/fafb_sample/swc/720575940613165235.swc	visual
data/fafb_sample/swc/720575940645418276.swc	visual
data/fafb_sample/swc/720575940624142591.swc	visual
data/fafb_sample/swc/720575940624955133.swc	visual
data/fafb_sample/swc/720575940606630758.swc	visual
data/fafb_sample/swc/720575940613668210.swc	visual
data/fafb_sample/swc/720575940636559284.swc	visual
data/fafb_sample/swc/720575940613595284.swc	visual
data/fafb_sample/swc/720575940604722244.swc	visual
data/fafb_sample/swc/720575940630060135.swc	visual
data/fafb_sample/swc/720575940622550878.swc	visual
data/fafb_sample/swc/720575940631065900.swc	visual
data/fafb_sample/swc/720575940639386438.swc	visual
data/fafb_sample/swc/720575940622593148.swc	visual
data/fafb_sample/swc/720575940641402832.swc	visual
data/fafb_sample/swc/720575940631917775.swc	visual
data/fafb_sample/swc/720575940620605831.swc	visual
data/fafb_sample/swc/720575940629233926.swc	visual
data/fafb_sample/swc/720575940629641833.swc	visual
data/fafb_sample/swc/720575940628744616.swc	visual
data/fafb_sample/swc/720575940605981100.swc	visual
data/fafb_sample/swc/720575940627820937.swc	visual
data/fafb_sample/swc/720575940615200510.swc	visual
data/fafb_sample/swc/720575940624005144.swc	visual
data/fafb_sample/swc/720575940637476782.swc	visual
data/fafb_sample/swc/720575940625693966.swc	visual
data/fafb_sample/swc/720575940627846808.swc	visual
data/fafb_sample/swc/720575940616361282.swc	visual
data/fafb_sample/swc/720575940631735127.swc	visual
data/fafb_sample/swc/720575940640160309.swc	visual
data/fafb_sample/swc/720575940627897886.swc	visual
data/fafb_sample/swc/720575940625669607.swc	visual
data/fafb_sample/swc/720575940608121266.swc	visual
data/fafb_sample/swc/720575940623906815.swc	visual
data/fafb_sample/swc/720575940618540372.swc	visual
data/fafb_sample/swc/720575940632135499.swc	visual
data/fafb_sample/swc/720575940628522639.swc	visual
data/fafb_sample/swc/720575940613244389.swc	visual
data/fafb_sample/swc/720575940617551499.swc	visual
data/fafb_sample/swc/720575940618254265.swc	visual
data/fafb_sample/swc/720575940640246947.swc	visual
data/fafb_sample/swc/720575940641599184.swc	visual
data/fafb_sample/swc/720575940622628084.swc	visual
data/fafb_sample/swc/720575940630237083.swc	visual
data/fafb_sample/swc/720575940626650826.swc	visual
data/fafb_sample/swc/720575940619293494.swc	visual
data/fafb_sample/swc/720575940613342634.swc	visual
data/fafb_sample/swc/720575940632940964.swc	visual
data/fafb_sample/swc/720575940621677222.swc	visual
data/fafb_sample/swc/720575940624651527.swc	visual
data/fafb_sample/swc/720575940619649403.swc	visual
data/fafb_sample/swc/720575940625891086.swc	visual
data/fafb_sample/swc/720575940618604884.swc	visual
data/fafb_sample/swc/720575940632170255.swc	visual
data/fafb_sample/swc/720575940632523880.swc	visual
data/fafb_sample/swc/720575940635950584.swc	visual
data/fafb_sample/swc/720575940622524254.swc	visual
data/fafb_sample/swc/720575940611465080.swc	visual
data/fafb_sample/swc/720575940644764104.swc	visual
data/fafb_sample/swc/720575940629285873.swc	visual
data/fafb_sample/swc/720575940618799773.swc	visual
data/fafb_sample/swc/720575940621190022.swc	visual
data/fafb_sample/swc/720575940627393538.swc	visual
data/fafb_sample/swc/720575940624691893.swc	visual
data/fafb_sample/swc/720575940629750872.swc	visual
data/fafb_sample/swc/720575940623975879.swc	visual
data/fafb_sample/swc/720575940618063505.swc	visual
data/fafb_sample/swc/720575940624336324.swc	visual
data/fafb_sample/swc/720575940636643439.swc	visual
data/fafb_sample/swc/720575940617598603.swc	visual
data/fafb_sample/swc/720575940639193321.swc	visual
data/fafb_sample/swc/720575940616743218.swc	visual
data/fafb_sample/swc/720575940620231384.swc	visual
data/fafb_sample/swc/720575940628319144.swc	visual
data/fafb_sample/swc/720575940626717114.swc	visual
data/fafb_sample/swc/720575940628933372.swc	visual
data/fafb_sample/swc/720575940629133929.swc	visual
data/fafb_sample/swc/720575940632467498.swc	visual
data/fafb_sample/swc/720575940621979745.swc	visual
data/fafb_sample/swc/720575940625716711.swc	visual
data/fafb_sample/swc/720575940630402298.swc	visual
data/fafb_sample/swc/720575940615179774.swc	visual
data/fafb_sample/swc/720575940620220977.swc	visual
data/fafb_sample/swc/720575940630564218.swc	visual
data/fafb_sample/swc/720575940629947751.swc	visual
data/fafb_sample/swc/720575940615229182.swc	visual
data/fafb_sample/swc/720575940621361345.swc	visual
data/fafb_sample/swc/720575940614774323.swc	visual
data/fafb_sample/swc/720575940614959923.swc	visual
data/fafb_sample/swc/720575940623258845.swc	visual
data/fafb_sample/swc/720575940633437983.swc	visual
data/fafb_sample/swc/720575940618437094.swc	visual
data/fafb_sample/swc/720575940627958149.swc	visual
data/fafb_sample/swc/720575940614814383.swc	visual
data/fafb_sample/swc/720575940632404793.swc	visual
data/fafb_sample/swc/720575940618476322.swc	visual
data/fafb_sample/swc/720575940614193389.swc	visual
data/fafb_sample/swc/720575940623072801.swc	visual
data/fafb_sample/swc/720575940633042759.swc	visual
data/fafb_sample/swc/720575940630118247.swc	visual
data/fafb_sample/swc/720575940618030777.swc	visual
data/fafb_sample/swc/720575940608099506.swc	visual
data/fafb_sample/swc/720575940617316795.swc	visual
data/fafb_sample/swc/720575940605560288.swc	visual
data/fafb_sample/swc/720575940617398614.swc	visual
data/fafb_sample/swc/720575940617588363.swc	visual
data/fafb_sample/swc/720575940635762027.swc	visual
data/fafb_sample/swc/720575940616554764.swc	visual
data/fafb_sample/swc/720575940636524280.swc	visual
data/fafb_sample/swc/720575940608223922.swc	visual
data/fafb_sample/swc/720575940638004080.swc	visual
data/fafb_sample/swc/720575940628543748.swc	visual
data/fafb_sample/swc/720575940629542928.swc	visual
data/fafb_sample/swc/720575940614902568.swc	visual
data/fafb_sample/swc/720575940612964757.swc	visual
data/fafb_sample/swc/720575940629723152.swc	visual
data/fafb_sample/swc/720575940628347208.swc	visual
data/fafb_sample/swc/720575940617587286.swc	visual
data/fafb_sample/swc/720575940615456679.swc	visual
data/fafb_sample/swc/720575940640156494.swc	visual
data/fafb_sample/swc/720575940624480915.swc	visual
data/fafb_sample/swc/720575940613465366.swc	visual
data/fafb_sample/swc/720575940623821517.swc	visual
data/fafb_sample/swc/720575940642325237.swc	visual
data/fafb_sample/swc/720575940621906029.swc	visual
data/fafb_sample/swc/720575940622614260.swc	visual
data/fafb_sample/swc/720575940644921288.swc	visual
data/fafb_sample/swc/720575940640295502.swc	visual
data/fafb_sample/swc/720575940628620565.swc	visual
data/fafb_sample/swc/720575940629034799.swc	visual
data/fafb_sample/swc/720575940621593691.swc	visual
data/fafb_sample/swc/720575940628587752.swc	visual
data/fafb_sample/swc/720575940621401280.swc	visual
data/fafb_sample/swc/720575940636111723.swc	visual
data/fafb_sample/swc/720575940622637061.swc	visual
data/fafb_sample/swc/720575940616287810.swc	visual
data/fafb_sample/swc/720575940623880328.swc	visual
data/fafb_sample/swc/720575940627699608.swc	visual
data/fafb_sample/swc/720575940653052662.swc	visual
data/fafb_sample/swc/720575940619046725.swc	visual
data/fafb_sample/swc/720575940614590701.swc	visual
data/fafb_sample/swc/720575940619535483.swc	visual
data/fafb_sample/swc/720575940619502400.swc	visual
data/fafb_sample/swc/720575940645369111.swc	visual
data/fafb_sample/swc/720575940624873480.swc	visual
data/fafb_sample/swc/720575940625166828.swc	visual
data/fafb_sample/swc/720575940631121212.swc	visual
data/fafb_sample/swc/720575940624976381.swc	visual
data/fafb_sample/swc/720575940623068728.swc	visual
data/fafb_sample/swc/720575940610164163.swc	visual
data/fafb_sample/swc/720575940621957286.swc	visual
data/fafb_sample/swc/720575940641249232.swc	visual
data/fafb_sample/swc/720575940640365171.swc	visual
data/fafb_sample/swc/720575940614713511.swc	visual
data/fafb_sample/swc/720575940612794005.swc	visual
data/fafb_sample/swc/720575940609235036.swc	visual
data/fafb_sample/swc/720575940636553839.swc	visual
data/fafb_sample/swc/720575940630664574.swc	visual
data/fafb_sample/swc/720575940611691384.swc	visual
data/fafb_sample/swc/720575940606579558.swc	visual
data/fafb_sample/swc/720575940639366470.swc	visual
data/fafb_sample/swc/720575940624712445.swc	visual
data/fafb_sample/swc/720575940634301154.swc	visual
data/fafb_sample/swc/720575940648658052.swc	visual
data/fafb_sample/swc/720575940624641205.swc	visual
data/fafb_sample/swc/720575940621731675.swc	visual
data/fafb_sample/swc/720575940630701656.swc	visual
data/fafb_sample/swc/720575940637384560.swc	visual
data/fafb_sample/swc/720575940624745223.swc	visual
data/fafb_sample/swc/720575940611710840.swc	visual
data/fafb_sample/swc/720575940618726145.swc	visual
data/fafb_sample/swc/720575940633722029.swc	visual
data/fafb_sample/swc/720575940612779633.swc	visual
data/fafb_sample/swc/720575940625795004.swc	visual
data/fafb_sample/swc/720575940624251528.swc	visual
data/fafb_sample/swc/720575940621489243.swc	visual
data/fafb_sample/swc/720575940626883514.swc	visual
data/fafb_sample/swc/720575940629880475.swc	visual
data/fafb_sample/swc/720575940625762196.swc	visual
data/fafb_sample/swc/720575940622176628.swc	visual
data/fafb_sample/swc/720575940625647630.swc	visual
data/fafb_sample/swc/720575940631103196.swc	visual
data/fafb_sample/swc/720575940623005308.swc	visual
data/fafb_sample/swc/720575940641490384.swc	visual
data/fafb_sample/swc/720575940623017596.swc	visual
data/fafb_sample/swc/720575940636864887.swc	visual
data/fafb_sample/swc/720575940638881252.swc	visual
data/fafb_sample/swc/720575940616244959.swc	visual
data/fafb_sample/swc/720575940613150962.swc	visual
data/fafb_sample/swc/720575940617053883.swc	visual
data/fafb_sample/swc/720575940625905383.swc	visual
data/fafb_sample/swc/720575940635295840.swc	visual
data/fafb_sample/swc/720575940613358706.swc	visual
data/fafb_sample/swc/720575940631037302.swc	visual
data/fafb_sample/swc/720575940637362544.swc	visual
data/fafb_sample/swc/720575940637456782.swc	visual
data/fafb_sample/swc/720575940630199034.swc	visual
data/fafb_sample/swc/720575940618237533.swc	visual
data/fafb_sample/swc/720575940624407078.swc	visual
data/fafb_sample/swc/720575940610219203.swc	visual
data/fafb_sample/swc/720575940625766158.swc	visual
data/fafb_sample/swc/720575940613707798.swc	visual
data/fafb_sample/swc/720575940629615209.swc	visual
data/fafb_sample/swc/720575940618909266.swc	visual
data/fafb_sample/swc/720575940622485744.swc	visual
data/fafb_sample/swc/720575940624919625.swc	visual
data/fafb_sample/swc/720575940606407270.swc	visual
data/fafb_sample/swc/720575940643956896.swc	visual
data/fafb_sample/swc/720575940621238437.swc	visual
data/fafb_sample/swc/720575940618423441.swc	visual
data/fafb_sample/swc/720575940611188526.swc	visual
data/fafb_sample/swc/720575940632678983.swc	visual
data/fafb_sample/swc/720575940609720843.swc	visual
data/fafb_sample/swc/720575940625376491.swc	visual
data/fafb_sample/swc/720575940616697868.swc	visual
data/fafb_sample/swc/720575940620750416.swc	visual
data/fafb_sample/swc/720575940625646055.swc	visual
data/fafb_sample/swc/720575940641010896.swc	visual
data/fafb_sample/swc/720575940633654483.swc	visual
data/fafb_sample/swc/720575940622549631.swc	visual
data/fafb_sample/swc/720575940610366915.swc	visual
data/fafb_sample/swc/720575940629145606.swc	visual
data/fafb_sample/swc/720575940623087692.swc	visual
data/fafb_sample/swc/720575940631969295.swc	visual
data/fafb_sample/swc/720575940645345828.swc	visual
data/fafb_sample/swc/720575940624814315.swc	visual
data/fafb_sample/swc/720575940619188805.swc	visual
data/fafb_sample/swc/720575940613579178.swc	visual
data/fafb_sample/swc/720575940620436939.swc	visual
data/fafb_sample/swc/720575940622640990.swc	visual
data/fafb_sample/swc/720575940633613869.swc	visual
data/fafb_sample/swc/720575940612932850.swc	visual
data/fafb_sample/swc/720575940635662271.swc	visual
data/fafb_sample/swc/720575940618544541.swc	visual
data/fafb_sample/swc/720575940624638901.swc	visual
data/fafb_sample/swc/720575940648383364.swc	visual
data/fafb_sample/swc/720575940624277226.swc	visual
data/fafb_sample/swc/720575940624154564.swc	visual
data/fafb_sample/swc/720575940660966529.swc	visual
data/fafb_sample/swc/720575940620740432.swc	visual
data/fafb_sample/swc/720575940605920684.swc	visual
data/fafb_sample/swc/720575940629568299.swc	visual
data/fafb_sample/swc/720575940632515897.swc	visual
data/fafb_sample/swc/720575940622397168.swc	visual
data/fafb_sample/swc/720575940619817886.swc	visual
data/fafb_sample/swc/720575940632451897.swc	visual
data/fafb_sample/swc/720575940612724442.swc	visual
data/fafb_sample/swc/720575940605758688.swc	visual
data/fafb_sample/swc/720575940608054962.swc	visual
data/fafb_sample/swc/720575940626039885.swc	visual
data/fafb_sample/swc/720575940642630029.swc	visual
data/fafb_sample/swc/720575940636156852.swc	visual
data/fafb_sample/swc/720575940624158090.swc	visual
data/fafb_sample/swc/720575940623271389.swc	visual
data/fafb_sample/swc/720575940623458915.swc	visual
data/fafb_sample/swc/720575940630645882.swc	visual
data/fafb_sample/swc/720575940633835437.swc	visual
data/fafb_sample/swc/720575940625983219.swc	visual
data/fafb_sample/swc/720575940631606981.swc	visual
data/fafb_sample/swc/720575940615686075.swc	visual
data/fafb_sample/swc/720575940627945810.swc	visual
data/fafb_sample/swc/720575940633293988.swc	visual
data/fafb_sample/swc/720575940634019795.swc	visual
data/fafb_sample/swc/720575940626769982.swc	visual
data/fafb_sample/swc/720575940625662451.swc	visual
data/fafb_sample/swc/720575940618279773.swc	visual
data/fafb_sample/swc/720575940645991278.swc	visual
data/fafb_sample/swc/720575940633078319.swc	visual
data/fafb_sample/swc/720575940623740621.swc	visual
data/fafb_sample/swc/720575940619741494.swc	visual
data/fafb_sample/swc/720575940645309719.swc	visual
data/fafb_sample/swc/720575940626928586.swc	visual
data/fafb_sample/swc/720575940613962467.swc	visual
data/fafb_sample/swc/720575940625278868.swc	visual
data/fafb_sample/swc/720575940618733140.swc	visual
data/fafb_sample/swc/720575940631160620.swc	visual
data/fafb_sample/swc/720575940624368934.swc	visual
data/fafb_sample/swc/720575940612855475.swc	visual
data/fafb_sample/swc/720575940633523916.swc	visual
data/fafb_sample/swc/720575940628116499.swc	visual
data/fafb_sample/swc/720575940617815611.swc	visual
data/fafb_sample/swc/720575940627117118.swc	visual
data/fafb_sample/swc/720575940606544486.swc	visual
data/fafb_sample/swc/720575940638736986.swc	visual
data/fafb_sample/swc/720575940626990654.swc	visual
data/fafb_sample/swc/720575940629380713.swc	visual
data/fafb_sample/swc/720575940606730598.swc	visual
data/fafb_sample/swc/720575940627134210.swc	visual
data/fafb_sample/swc/720575940633166929.swc	visual
data/fafb_sample/swc/720575940612689882.swc	visual
data/fafb_sample/swc/720575940648476036.swc	visual
data/fafb_sample/swc/720575940632504680.swc	visual
data/fafb_sample/swc/720575940630742316.swc	visual
data/fafb_sample/swc/720575940626548410.swc	visual
data/fafb_sample/swc/720575940642477531.swc	visual
data/fafb_sample/swc/720575940631702347.swc	visual
data/fafb_sample/swc/720575940623235916.swc	visual
data/fafb_sample/swc/720575940618962260.swc	visual
data/fafb_sample/swc/720575940620558689.swc	visual
data/fafb_sample/swc/720575940629263875.swc	visual
data/fafb_sample/swc/720575940628935623.swc	visual
data/fafb_sample/swc/720575940623633251.swc	visual
data/fafb_sample/swc/720575940628955722.swc	visual
data/fafb_sample/swc/720575940628758760.swc	visual
data/fafb_sample/swc/720575940638684393.swc	visual
data/fafb_sample/swc/720575940633366995.swc	visual
data/fafb_sample/swc/720575940629593193.swc	visual
data/fafb_sample/swc/720575940640234574.swc	visual
data/fafb_sample/swc/720575940626486576.swc	visual
data/fafb_sample/swc/720575940629456427.swc	visual
data/fafb_sample/swc/720575940628564712.swc	visual
data/fafb_sample/swc/720575940628757736.swc	visual
data/fafb_sample/swc/720575940629805571.swc	visual
data/fafb_sample/swc/720575940624295315.swc	visual
data/fafb_sample/swc/720575940622722586.swc	visual
data/fafb_sample/swc/720575940615698538.swc	visual
data/fafb_sample/swc/720575940653216758.swc	visual
data/fafb_sample/swc/720575940643079309.swc	visual
data/fafb_sample/swc/720575940648359300.swc	visual
data/fafb_sample/swc/720575940628886790.swc	visual
data/fafb_sample/swc/720575940622901854.swc	visual
data/fafb_sample/swc/720575940630956032.swc	visual
data/fafb_sample/swc/720575940635675031.swc	visual
data/fafb_sample/swc/720575940615410850.swc	visual
data/fafb_sample/swc/720575940615051315.swc	visual
data/fafb_sample/swc/720575940620658635.swc	visual
data/fafb_sample/swc/720575940606492350.swc	visual
data/fafb_sample/swc/720575940626886602.swc	visual
data/fafb_sample/swc/720575940628463176.swc	visual
data/fafb_sample/swc/720575940625494164.swc	visual
data/fafb_sample/swc/720575940621005190.swc	visual
data/fafb_sample/swc/720575940626836410.swc	visual
data/fafb_sample/swc/720575940623812195.swc	visual
data/fafb_sample/swc/720575940627338883.swc	visual
data/fafb_sample/swc/720575940635705023.swc	visual
data/fafb_sample/swc/720575940625097992.swc	visual
data/fafb_sample/swc/720575940612520341.swc	visual
data/fafb_sample/swc/720575940635744863.swc	visual
data/fafb_sample/swc/720575940616408223.swc	visual
data/fafb_sample/swc/720575940622198388.swc	visual
data/fafb_sample/swc/720575940623013982.swc	visual
data/fafb_sample/swc/720575940628189256.swc	visual
data/fafb_sample/swc/720575940609525769.swc	visual
data/fafb_sample/swc/720575940635859135.swc	visual
data/fafb_sample/swc/720575940618664605.swc	visual
data/fafb_sample/swc/720575940621423855.swc	visual
data/fafb_sample/swc/720575940626663998.swc	visual
data/fafb_sample/swc/720575940634300385.swc	visual
data/fafb_sample/swc/720575940617414005.swc	visual
data/fafb_sample/swc/720575940626001741.swc	visual
data/fafb_sample/swc/720575940648618628.swc	visual
data/fafb_sample/swc/720575940614646312.swc	visual
data/fafb_sample/swc/720575940623900696.swc	visual
data/fafb_sample/swc/720575940624296851.swc	visual
data/fafb_sample/swc/720575940629425168.swc	visual
data/fafb_sample/swc/720575940633918803.swc	visual
data/fafb_sample/swc/720575940624306579.swc	visual
data/fafb_sample/swc/720575940626054733.swc	visual
data/fafb_sample/swc/720575940632700728.swc	visual
data/fafb_sample/swc/720575940615414526.swc	visual
data/fafb_sample/swc/720575940618210193.swc	visual
data/fafb_sample/swc/720575940653252086.swc	visual
data/fafb_sample/swc/720575940629548111.swc	visual
data/fafb_sample/swc/720575940633490003.swc	visual
data/fafb_sample/swc/720575940621727983.swc	visual
data/fafb_sample/swc/720575940623305852.swc	visual
data/fafb_sample/swc/720575940624935241.swc	visual
data/fafb_sample/swc/720575940630572738.swc	visual
data/fafb_sample/swc/720575940639059782.swc	visual
data/fafb_sample/swc/720575940629448491.swc	visual
data/fafb_sample/swc/720575940612288610.swc	visual
data/fafb_sample/swc/720575940645023688.swc	visual
data/fafb_sample/swc/720575940622725658.swc	visual
data/fafb_sample/swc/720575940635525995.swc	visual
data/fafb_sample/swc/720575940618690850.swc	visual
data/fafb_sample/swc/720575940626600336.swc	visual
data/fafb_sample/swc/720575940630229442.swc	visual
data/fafb_sample/swc/720575940632255786.swc	visual
data/fafb_sample/swc/720575940621783137.swc	visual
data/fafb_sample/swc/720575940606714801.swc	visual
data/fafb_sample/swc/720575940609941699.swc	visual
data/fafb_sample/swc/720575940628207528.swc	visual
data/fafb_sample/swc/720575940634368226.swc	visual
data/fafb_sample/swc/720575940635801242.swc	visual
data/fafb_sample/swc/720575940633482956.swc	visual
data/fafb_sample/swc/720575940624402666.swc	visual
data/fafb_sample/swc/720575940630728492.swc	visual
data/fafb_sample/swc/720575940621557743.swc	visual
data/fafb_sample/swc/720575940618597021.swc	visual
data/fafb_sample/swc/720575940621324635.swc	visual
data/fafb_sample/swc/720575940620947591.swc	visual
data/fafb_sample/swc/720575940622035878.swc	visual
data/fafb_sample/swc/720575940624834741.swc	visual
data/fafb_sample/swc/720575940628916732.swc	visual
data/fafb_sample/swc/720575940628701160.swc	visual
data/fafb_sample/swc/720575940631393142.swc	visual
data/fafb_sample/swc/720575940626586149.swc	visual
data/fafb_sample/swc/720575940624884663.swc	visual
data/fafb_sample/swc/720575940634332897.swc	visual
data/fafb_sample/swc/720575940636441012.swc	visual
data/fafb_sample/swc/720575940608102530.swc	visual
data/fafb_sample/swc/720575940622889989.swc	visual
data/fafb_sample/swc/720575940619896374.swc	visual
data/fafb_sample/swc/720575940624425254.swc	visual
data/fafb_sample/swc/720575940619801862.swc	visual
data/fafb_sample/swc/720575940623950984.swc	visual
data/fafb_sample/swc/720575940620413400.swc	visual
data/fafb_sample/swc/720575940630944215.swc	visual
data/fafb_sample/swc/720575940609503243.swc	visual
data/fafb_sample/swc/720575940635605183.swc	visual
data/fafb_sample/swc/720575940619291446.swc	visual
data/fafb_sample/swc/720575940614559213.swc	visual
data/fafb_sample/swc/720575940618229465.swc	visual
data/fafb_sample/swc/720575940621079211.swc	visual
data/fafb_sample/swc/720575940631048812.swc	visual
data/fafb_sample/swc/720575940631080407.swc	visual
data/fafb_sample/swc/720575940628306053.swc	visual
data/fafb_sample/swc/720575940619414592.swc	visual
data/fafb_sample/swc/720575940638196702.swc	visual
data/fafb_sample/swc/720575940648163972.swc	visual
data/fafb_sample/swc/720575940617895636.swc	visual
data/fafb_sample/swc/720575940613454962.swc	visual
data/fafb_sample/swc/720575940619221573.swc	visual
data/fafb_sample/swc/720575940626187597.swc	visual
data/fafb_sample/swc/720575940628756209.swc	visual
data/fafb_sample/swc/720575940612694165.swc	visual
data/fafb_sample/swc/720575940624061737.swc	visual
data/fafb_sample/swc/720575940608092802.swc	visual
data/fafb_sample/swc/720575940615212542.swc	visual
data/fafb_sample/swc/720575940635110300.swc	visual
data/fafb_sample/swc/720575940627797641.swc	visual
data/fafb_sample/swc/720575940635603903.swc	visual
data/fafb_sample/swc/720575940624022727.swc	visual
data/fafb_sample/swc/720575940628115987.swc	visual
data/fafb_sample/swc/720575940622915798.swc	visual
data/fafb_sample/swc/720575940647025699.swc	visual
data/fafb_sample/swc/720575940622138209.swc	visual
data/fafb_sample/swc/720575940612097998.swc	visual
data/fafb_sample/swc/720575940636153268.swc	visual
data/fafb_sample/swc/720575940611110702.swc	visual
data/fafb_sample/swc/720575940632827020.swc	visual
data/fafb_sample/swc/720575940633576868.swc	visual
data/fafb_sample/swc/720575940618192852.swc	visual
data/fafb_sample/swc/720575940635136156.swc	visual
data/fafb_sample/swc/720575940645629975.swc	visual
data/fafb_sample/swc/720575940645314596.swc	visual
data/fafb_sample/swc/720575940632884551.swc	visual
data/fafb_sample/swc/720575940640793216.swc	visual
data/fafb_sample/swc/720575940623031134.swc	visual
data/fafb_sample/swc/720575940624326636.swc	visual
data/fafb_sample/swc/720575940618343865.swc	visual
data/fafb_sample/swc/720575940624260390.swc	visual
data/fafb_sample/swc/720575940622099878.swc	visual
data/fafb_sample/swc/720575940618954565.swc	visual
data/fafb_sample/swc/720575940623467388.swc	visual
data/fafb_sample/swc/720575940606725553.swc	visual
data/fafb_sample/swc/720575940642990733.swc	visual
data/fafb_sample/swc/720575940626788670.swc	visual
data/fafb_sample/swc/720575940619199557.swc	visual
data/fafb_sample/swc/720575940632974417.swc	visual
data/fafb_sample/swc/720575940631050204.swc	visual
data/fafb_sample/swc/720575940621987494.swc	visual
data/fafb_sample/swc/720575940618593309.swc	visual
data/fafb_sample/swc/720575940627912884.swc	visual
data/fafb_sample/swc/720575940627194430.swc	visual
data/fafb_sample/swc/720575940607933826.swc	visual
data/fafb_sample/swc/720575940637439077.swc	visual
data/fafb_sample/swc/720575940618184723.swc	visual
data/fafb_sample/swc/720575940625093607.swc	visual
data/fafb_sample/swc/720575940618819101.swc	visual
data/fafb_sample/swc/720575940635799999.swc	visual
data/fafb_sample/swc/720575940625306604.swc	visual
data/fafb_sample/swc/720575940629187407.swc	visual
data/fafb_sample/swc/720575940656027553.swc	visual
data/fafb_sample/swc/720575940625887791.swc	visual
data/fafb_sample/swc/720575940621694447.swc	visual
data/fafb_sample/swc/720575940655674785.swc	visual
data/fafb_sample/swc/720575940615538082.swc	visual
data/fafb_sample/swc/720575940628817148.swc	visual
data/fafb_sample/swc/720575940637456997.swc	visual
data/fafb_sample/swc/720575940623019870.swc	visual
data/fafb_sample/swc/720575940645787159.swc	visual
data/fafb_sample/swc/720575940606415392.swc	visual
data/fafb_sample/swc/720575940640623011.swc	visual
data/fafb_sample/swc/720575940635191447.swc	visual
data/fafb_sample/swc/720575940618261222.swc	visual
data/fafb_sample/swc/720575940613566322.swc	visual
data/fafb_sample/swc/720575940619944606.swc	visual
data/fafb_sample/swc/720575940637328526.swc	visual
data/fafb_sample/swc/720575940611869538.swc	visual
data/fafb_sample/swc/720575940630161767.swc	visual
data/fafb_sample/swc/720575940630417022.swc	visual
data/fafb_sample/swc/720575940623991236.swc	visual
data/fafb_sample/swc/720575940648165508.swc	visual
data/fafb_sample/swc/720575940624681725.swc	visual
data/fafb_sample/swc/720575940628682773.swc	visual
data/fafb_sample/swc/720575940619721083.swc	visual
data/fafb_sample/swc/720575940621442731.swc	visual
data/fafb_sample/swc/720575940628206611.swc	visual
data/fafb_sample/swc/720575940610715204.swc	visual
data/fafb_sample/swc/720575940622406271.swc	visual
data/fafb_sample/swc/720575940627210558.swc	visual
data/fafb_sample/swc/720575940627275537.swc	visual
data/fafb_sample/swc/720575940628560783.swc	visual
data/fafb_sample/swc/720575940618523938.swc	visual
data/fafb_sample/swc/720575940612413298.swc	visual
data/fafb_sample/swc/720575940615858026.swc	visual
data/fafb_sample/swc/720575940617750155.swc	visual
data/fafb_sample/swc/720575940621401024.swc	visual
data/fafb_sample/swc/720575940625826492.swc	visual
data/fafb_sample/swc/720575940612538517.swc	visual
data/fafb_sample/swc/720575940614814639.swc	visual
data/fafb_sample/swc/720575940610736212.swc	visual
data/fafb_sample/swc/720575940632314955.swc	visual
data/fafb_sample/swc/720575940634666521.swc	visual
data/fafb_sample/swc/720575940639258431.swc	visual
data/fafb_sample/swc/720575940632722745.swc	visual
data/fafb_sample/swc/720575940613470691.swc	visual
data/fafb_sample/swc/720575940609758985.swc	visual
data/fafb_sample/swc/720575940630787644.swc	visual
data/fafb_sample/swc/720575940606416230.swc	visual
data/fafb_sample/swc/720575940644810184.swc	visual
data/fafb_sample/swc/720575940606723430.swc	visual
data/fafb_sample/swc/720575940616549442.swc	visual
data/fafb_sample/swc/720575940629829123.swc	visual
data/fafb_sample/swc/720575940618549168.swc	visual
data/fafb_sample/swc/720575940623118038.swc	visual
data/fafb_sample/swc/720575940621674587.swc	visual
data/fafb_sample/swc/720575940623859711.swc	visual
data/fafb_sample/swc/720575940622073270.swc	visual
data/fafb_sample/swc/720575940624881671.swc	visual
data/fafb_sample/swc/720575940621165221.swc	visual
data/fafb_sample/swc/720575940610829380.swc	visual
data/fafb_sample/swc/720575940638785513.swc	visual
data/fafb_sample/swc/720575940626024231.swc	visual
data/fafb_sample/swc/720575940632856401.swc	visual
data/fafb_sample/swc/720575940626609968.swc	visual
data/fafb_sample/swc/720575940637002351.swc	visual
data/fafb_sample/swc/720575940612567258.swc	visual
data/fafb_sample/swc/720575940650505081.swc	visual
data/fafb_sample/swc/720575940623541517.swc	visual
data/fafb_sample/swc/720575940642394587.swc	visual
data/fafb_sample/swc/720575940626898494.swc	visual
data/fafb_sample/swc/720575940626994946.swc	visual
data/fafb_sample/swc/720575940613431062.swc	visual
data/fafb_sample/swc/720575940621526510.swc	visual
data/fafb_sample/swc/720575940630033255.swc	visual
data/fafb_sample/swc/720575940628702212.swc	visual
data/fafb_sample/swc/720575940613735139.swc	visual
data/fafb_sample/swc/720575940634855449.swc	visual
data/fafb_sample/swc/720575940614766131.swc	visual
data/fafb_sample/swc/720575940632646457.swc	visual
data/fafb_sample/swc/720575940615841247.swc	visual
data/fafb_sample/swc/720575940625943310.swc	visual
data/fafb_sample/swc/720575940628656917.swc	visual
data/fafb_sample/swc/720575940626666021.swc	visual
data/fafb_sample/swc/720575940615251362.swc	visual
data/fafb_sample/swc/720575940638921700.swc	visual
data/fafb_sample/swc/720575940630439162.swc	visual
data/fafb_sample/swc/720575940627847561.swc	visual
data/fafb_sample/swc/720575940623746573.swc	visual
data/fafb_sample/swc/720575940611933282.swc	visual
data/fafb_sample/swc/720575940612525262.swc	visual
data/fafb_sample/swc/720575940628779752.swc	visual
data/fafb_sample/swc/720575940627052802.swc	visual
data/fafb_sample/swc/720575940623914851.swc	visual
data/fafb_sample/swc/720575940618570909.swc	visual
data/fafb_sample/swc/720575940622654591.swc	visual
data/fafb_sample/swc/720575940621417920.swc	visual
data/fafb_sample/swc/720575940626065447.swc	visual
data/fafb_sample/swc/720575940620851847.swc	visual
data/fafb_sample/swc/720575940621457012.swc	visual
data/fafb_sample/swc/720575940616763698.swc	visual
data/fafb_sample/swc/720575940627747721.swc	visual
data/fafb_sample/swc/720575940620159192.swc	visual
data/fafb_sample/swc/720575940617289403.swc	visual
data/fafb_sample/swc/720575940622562431.swc	visual
data/fafb_sample/swc/720575940614794927.swc	visual
data/fafb_sample/swc/720575940613122789.swc	visual
data/fafb_sample/swc/720575940617893076.swc	visual
data/fafb_sample/swc/720575940614627759.swc	visual
data/fafb_sample/swc/720575940635374231.swc	visual
data/fafb_sample/swc/720575940647328547.swc	visual
data/fafb_sample/swc/720575940625836216.swc	visual
data/fafb_sample/swc/720575940640520563.swc	visual
data/fafb_sample/swc/720575940632504387.swc	visual
data/fafb_sample/swc/720575940618980123.swc	visual
data/fafb_sample/swc/720575940617102604.swc	visual
data/fafb_sample/swc/720575940628203944.swc	visual
data/fafb_sample/swc/720575940630576122.swc	visual
data/fafb_sample/swc/720575940639955509.swc	visual
data/fafb_sample/swc/720575940609773833.swc	visual
data/fafb_sample/swc/720575940607969410.swc	visual
data/fafb_sample/swc/720575940624872701.swc	visual
data/fafb_sample/swc/720575940608939273.swc	visual
data/fafb_sample/swc/720575940623125206.swc	visual
data/fafb_sample/swc/720575940648409220.swc	visual
data/fafb_sample/swc/720575940618803443.swc	visual
data/fafb_sample/swc/720575940606245822.swc	visual
data/fafb_sample/swc/720575940611602296.swc	visual
data/fafb_sample/swc/720575940621167636.swc	visual
data/fafb_sample/swc/720575940626488624.swc	visual
data/fafb_sample/swc/720575940634413794.swc	visual
data/fafb_sample/swc/720575940635552447.swc	visual
data/fafb_sample/swc/720575940622047920.swc	visual
data/fafb_sample/swc/720575940646366574.swc	visual
data/fafb_sample/swc/720575940631040300.swc	visual
data/fafb_sample/swc/720575940619721782.swc	visual
data/fafb_sample/swc/720575940627869309.swc	visual
data/fafb_sample/swc/720575940632205327.swc	visual
data/fafb_sample/swc/720575940640155709.swc	visual
data/fafb_sample/swc/720575940653020662.swc	visual
data/fafb_sample/swc/720575940614053613.swc	visual
data/fafb_sample/swc/720575940641939252.swc	visual
data/fafb_sample/swc/720575940622622335.swc	visual
data/fafb_sample/swc/720575940620623320.swc	visual
data/fafb_sample/swc/720575940616956859.swc	visual
data/fafb_sample/swc/720575940621249007.swc	visual
data/fafb_sample/swc/720575940632848184.swc	visual
data/fafb_sample/swc/720575940638620649.swc	visual
data/fafb_sample/swc/720575940618003929.swc	visual
data/fafb_sample/swc/720575940619849374.swc	visual
data/fafb_sample/swc/720575940613543702.swc	visual
data/fafb_sample/swc/720575940623943629.swc	visual
data/fafb_sample/swc/720575940618657819.swc	visual
data/fafb_sample/swc/720575940615387815.swc	visual
data/fafb_sample/swc/720575940621508262.swc	visual
data/fafb_sample/swc/720575940639979573.swc	visual
data/fafb_sample/swc/720575940622826454.swc	visual
data/fafb_sample/swc/720575940609520393.swc	visual
data/fafb_sample/swc/720575940624349959.swc	visual
data/fafb_sample/swc/720575940644367008.swc	visual
data/fafb_sample/swc/720575940640445555.swc	visual
data/fafb_sample/swc/720575940639045348.swc	visual
data/fafb_sample/swc/720575940646167150.swc	visual
data/fafb_sample/swc/720575940624437130.swc	visual
data/fafb_sample/swc/720575940627789401.swc	visual
data/fafb_sample/swc/720575940625794343.swc	visual
data/fafb_sample/swc/720575940632144146.swc	visual
data/fafb_sample/swc/720575940632601913.swc	visual
data/fafb_sample/swc/720575940631990859.swc	visual
data/fafb_sample/swc/720575940619652731.swc	visual
data/fafb_sample/swc/720575940625449971.swc	visual
data/fafb_sample/swc/720575940614688493.swc	visual
data/fafb_sample/swc/720575940623884643.swc	visual
data/fafb_sample/swc/720575940625290900.swc	visual
data/fafb_sample/swc/720575940618369058.swc	visual
data/fafb_sample/swc/720575940628540420.swc	visual
data/fafb_sample/swc/720575940603449010.swc	visual
data/fafb_sample/swc/720575940631658839.swc	visual
data/fafb_sample/swc/720575940619627166.swc	visual
data/fafb_sample/swc/720575940606792881.swc	visual
data/fafb_sample/swc/720575940624882173.swc	visual
data/fafb_sample/swc/720575940628361476.swc	visual
data/fafb_sample/swc/720575940618090129.swc	visual
data/fafb_sample/swc/720575940634048211.swc	visual
data/fafb_sample/swc/720575940620592587.swc	visual
data/fafb_sample/swc/720575940640018621.swc	visual
data/fafb_sample/swc/720575940643067789.swc	visual
data/fafb_sample/swc/720575940625146376.swc	visual
data/fafb_sample/swc/720575940623768088.swc	visual
data/fafb_sample/swc/720575940618781012.swc	visual
data/fafb_sample/swc/720575940627456089.swc	visual
data/fafb_sample/swc/720575940631980303.swc	visual
data/fafb_sample/swc/720575940605852588.swc	visual
data/fafb_sample/swc/720575940627389321.swc	visual
data/fafb_sample/swc/720575940618886228.swc	visual
data/fafb_sample/swc/720575940633187153.swc	visual
data/fafb_sample/swc/720575940621370351.swc	visual
data/fafb_sample/swc/720575940619577246.swc	visual
data/fafb_sample/swc/720575940624425924.swc	visual
data/fafb_sample/swc/720575940644705736.swc	visual
data/fafb_sample/swc/720575940633254431.swc	visual
data/fafb_sample/swc/720575940632593209.swc	visual
data/fafb_sample/swc/720575940625573012.swc	visual
data/fafb_sample/swc/720575940630201082.swc	visual
data/fafb_sample/swc/720575940612788337.swc	visual
data/fafb_sample/swc/720575940605590444.swc	visual
data/fafb_sample/swc/720575940615449250.swc	visual
data/fafb_sample/swc/720575940622869417.swc	visual
data/fafb_sample/swc/720575940628712964.swc	visual
data/fafb_sample/swc/720575940630043495.swc	visual
data/fafb_sample/swc/720575940629170172.swc	visual
data/fafb_sample/swc/720575940629746435.swc	visual
data/fafb_sample/swc/720575940616382406.swc	visual
data/fafb_sample/swc/720575940607735241.swc	visual
data/fafb_sample/swc/720575940612020834.swc	visual
data/fafb_sample/swc/720575940648171652.swc	visual
data/fafb_sample/swc/720575940619718523.swc	visual
data/fafb_sample/swc/720575940614716141.swc	visual
data/fafb_sample/swc/720575940630937916.swc	visual
data/fafb_sample/swc/720575940630872535.swc	visual
data/fafb_sample/swc/720575940621974710.swc	visual
data/fafb_sample/swc/720575940641998325.swc	visual
data/fafb_sample/swc/720575940634153427.swc	visual
data/fafb_sample/swc/720575940631550457.swc	visual
data/fafb_sample/swc/720575940616364959.swc	visual
data/fafb_sample/swc/720575940618419601.swc	visual
data/fafb_sample/swc/720575940636432308.swc	visual
data/fafb_sample/swc/720575940628372484.swc	visual
data/fafb_sample/swc/720575940637482382.swc	visual
data/fafb_sample/swc/720575940623322444.swc	visual
data/fafb_sample/swc/720575940630321790.swc	visual
data/fafb_sample/swc/720575940619101253.swc	visual
data/fafb_sample/swc/720575940606506272.swc	visual
data/fafb_sample/swc/720575940637225317.swc	visual
data/fafb_sample/swc/720575940621083557.swc	visual
data/fafb_sample/swc/720575940614003427.swc	visual
data/fafb_sample/swc/720575940613630742.swc	visual
data/fafb_sample/swc/720575940615418535.swc	visual
data/fafb_sample/swc/720575940624445674.swc	visual
data/fafb_sample/swc/720575940628748456.swc	visual
data/fafb_sample/swc/720575940623609613.swc	visual
data/fafb_sample/swc/720575940628148111.swc	visual
data/fafb_sample/swc/720575940621038964.swc	visual
data/fafb_sample/swc/720575940611758034.swc	visual
data/fafb_sample/swc/720575940638928105.swc	visual
data/fafb_sample/swc/720575940639102015.swc	visual
data/fafb_sample/swc/720575940618508774.swc	visual
data/fafb_sample/swc/720575940634962457.swc	visual
data/fafb_sample/swc/720575940623939210.swc	visual
data/fafb_sample/swc/720575940606453950.swc	visual
data/fafb_sample/swc/720575940619588475.swc	visual
data/fafb_sample/swc/720575940624090762.swc	visual
data/fafb_sample/swc/720575940627391260.swc	visual
data/fafb_sample/swc/720575940618142676.swc	visual
data/fafb_sample/swc/720575940638813503.swc	visual
data/fafb_sample/swc/720575940630909660.swc	visual
data/fafb_sample/swc/720575940605907884.swc	visual
data/fafb_sample/swc/720575940619018309.swc	visual
data/fafb_sample/swc/720575940620548299.swc	visual
data/fafb_sample/swc/720575940632258346.swc	visual
data/fafb_sample/swc/720575940628894026.swc	visual
data/fafb_sample/swc/720575940619877942.swc	visual
data/fafb_sample/swc/720575940606851249.swc	visual
data/fafb_sample/swc/720575940609241099.swc	visual
data/fafb_sample/swc/720575940609776085.swc	visual
data/fafb_sample/swc/720575940614931013.swc	visual
data/fafb_sample/swc/720575940635177372.swc	visual
data/fafb_sample/swc/720575940632687208.swc	visual
data/fafb_sample/swc/720575940628957180.swc	visual
data/fafb_sample/swc/720575940640634019.swc	visual
data/fafb_sample/swc/720575940638523994.swc	visual
data/fafb_sample/swc/720575940612091342.swc	visual
data/fafb_sample/swc/720575940631312633.swc	visual
data/fafb_sample/swc/720575940609286921.swc	visual
data/fafb_sample/swc/720575940613514098.swc	visual
data/fafb_sample/swc/720575940625658343.swc	visual
data/fafb_sample/swc/720575940618313105.swc	visual
data/fafb_sample/swc/720575940613077221.swc	visual
data/fafb_sample/swc/720575940621335488.swc	visual
data/fafb_sample/swc/720575940624735229.swc	visual
data/fafb_sample/swc/720575940628684292.swc	visual
data/fafb_sample/swc/720575940620629553.swc	visual
data/fafb_sample/swc/720575940632083275.swc	visual
data/fafb_sample/swc/720575940634046419.swc	visual
data/fafb_sample/swc/720575940610392515.swc	visual
data/fafb_sample/swc/720575940624042131.swc	visual
data/fafb_sample/swc/720575940610187971.swc	visual
data/fafb_sample/swc/720575940628469009.swc	visual
data/fafb_sample/swc/720575940635822234.swc	visual
data/fafb_sample/swc/720575940619046939.swc	visual
data/fafb_sample/swc/720575940615571874.swc	visual
data/fafb_sample/swc/720575940624694857.swc	visual
data/fafb_sample/swc/720575940624775753.swc	visual
data/fafb_sample/swc/720575940635717786.swc	visual
data/fafb_sample/swc/720575940631590085.swc	visual
data/fafb_sample/swc/720575940642186971.swc	visual
data/fafb_sample/swc/720575940616093855.swc	visual
data/fafb_sample/swc/720575940618653697.swc	visual
data/fafb_sample/swc/720575940624094975.swc	visual
data/fafb_sample/swc/720575940622890828.swc	visual
data/fafb_sample/swc/720575940623284438.swc	visual
data/fafb_sample/swc/720575940623504605.swc	visual
data/fafb_sample/swc/720575940629126662.swc	visual
data/fafb_sample/swc/720575940613547890.swc	visual
data/fafb_sample/swc/720575940620527819.swc	visual
data/fafb_sample/swc/720575940613488020.swc	visual
data/fafb_sample/swc/720575940631732687.swc	visual
data/fafb_sample/swc/720575940634746268.swc	visual
data/fafb_sample/swc/720575940622990597.swc	visual
data/fafb_sample/swc/720575940624028515.swc	visual
data/fafb_sample/swc/720575940628657320.swc	visual
data/fafb_sample/swc/720575940631939013.swc	visual
data/fafb_sample/swc/720575940638776127.swc	visual
data/fafb_sample/swc/720575940639659965.swc	visual
data/fafb_sample/swc/720575940616149570.swc	visual
data/fafb_sample/swc/720575940620973221.swc	visual
data/fafb_sample/swc/720575940622044336.swc	visual
data/fafb_sample/swc/720575940625396460.swc	visual
data/fafb_sample/swc/720575940642539995.swc	visual
data/fafb_sample/swc/720575940626768165.swc	visual
data/fafb_sample/swc/720575940631505260.swc	visual
data/fafb_sample/swc/720575940613769238.swc	visual
data/fafb_sample/swc/720575940620238296.swc	visual
data/fafb_sample/swc/720575940628550677.swc	visual
data/fafb_sample/swc/720575940613012659.swc	visual
data/fafb_sample/swc/720575940624239498.swc	visual
data/fafb_sample/swc/720575940614614312.swc	visual
data/fafb_sample/swc/720575940619721732.swc	visual
data/fafb_sample/swc/720575940607613385.swc	visual
data/fafb_sample/swc/720575940631061868.swc	visual
data/fafb_sample/swc/720575940609489877.swc	visual
data/fafb_sample/swc/720575940625053844.swc	visual
data/fafb_sample/swc/720575940615209937.swc	visual
data/fafb_sample/swc/720575940620368945.swc	visual
data/fafb_sample/swc/720575940644899784.swc	visual
data/fafb_sample/swc/720575940615202769.swc	visual
data/fafb_sample/swc/720575940605690796.swc	visual
data/fafb_sample/swc/720575940621932897.swc	visual
data/fafb_sample/swc/720575940620102193.swc	visual
data/fafb_sample/swc/720575940626800933.swc	visual
data/fafb_sample/swc/720575940622437503.swc	visual
data/fafb_sample/swc/720575940627780504.swc	visual
data/fafb_sample/swc/720575940655732385.swc	visual
data/fafb_sample/swc/720575940613441433.swc	visual
data/fafb_sample/swc/720575940631937231.swc	visual
data/fafb_sample/swc/720575940627448665.swc	visual
data/fafb_sample/swc/720575940621962337.swc	visual
data/fafb_sample/swc/720575940624312772.swc	visual
data/fafb_sample/swc/720575940627312729.swc	visual
data/fafb_sample/swc/720575940625777639.swc	visual
data/fafb_sample/swc/720575940633541165.swc	visual
data/fafb_sample/swc/720575940606093808.swc	visual
data/fafb_sample/swc/720575940621320107.swc	visual
data/fafb_sample/swc/720575940637284965.swc	visual
data/fafb_sample/swc/720575940622181040.swc	visual
data/fafb_sample/swc/720575940616614598.swc	visual
data/fafb_sample/swc/720575940632410947.swc	visual
data/fafb_sample/swc/720575940625568660.swc	visual
data/fafb_sample/swc/720575940653379830.swc	visual
data/fafb_sample/swc/720575940606578790.swc	visual
data/fafb_sample/swc/720575940624705461.swc	visual
data/fafb_sample/swc/720575940618437922.swc	visual
data/fafb_sample/swc/720575940624191379.swc	visual
data/fafb_sample/swc/720575940618819841.swc	visual
data/fafb_sample/swc/720575940615517586.swc	visual
data/fafb_sample/swc/720575940633284300.swc	visual
data/fafb_sample/swc/720575940630318331.swc	visual
data/fafb_sample/swc/720575940637039973.swc	visual
data/fafb_sample/swc/720575940636226411.swc	visual
data/fafb_sample/swc/720575940624798901.swc	visual
data/fafb_sample/swc/720575940622970394.swc	visual
data/fafb_sample/swc/720575940630162023.swc	visual
data/fafb_sample/swc/720575940615268915.swc	visual
data/fafb_sample/swc/720575940627851530.swc	visual
data/fafb_sample/swc/720575940605718188.swc	visual
data/fafb_sample/swc/720575940638532062.swc	visual
data/fafb_sample/swc/720575940633840211.swc	visual
data/fafb_sample/swc/720575940634602465.swc	visual
data/fafb_sample/swc/720575940619337024.swc	visual
data/fafb_sample/swc/720575940632292171.swc	visual
data/fafb_sample/swc/720575940633177425.swc	visual
data/fafb_sample/swc/720575940617884377.swc	visual
data/fafb_sample/swc/720575940626518309.swc	visual
data/fafb_sample/swc/720575940627958026.swc	visual
data/fafb_sample/swc/720575940631525207.swc	visual
data/fafb_sample/swc/720575940629076073.swc	visual
data/fafb_sample/swc/720575940626751418.swc	visual
data/fafb_sample/swc/720575940615421846.swc	visual
data/fafb_sample/swc/720575940624103465.swc	visual
data/fafb_sample/swc/720575940606265376.swc	visual
data/fafb_sample/swc/720575940653472246.swc	visual
data/fafb_sample/swc/720575940623183996.swc	visual
data/fafb_sample/swc/720575940624042899.swc	visual
data/fafb_sample/swc/720575940633278156.swc	visual
data/fafb_sample/swc/720575940609576459.swc	visual
data/fafb_sample/swc/720575940610757204.swc	visual
data/fafb_sample/swc/720575940624260548.swc	visual
data/fafb_sample/swc/720575940622625663.swc	visual
data/fafb_sample/swc/720575940622643806.swc	visual
data/fafb_sample/swc/720575940621950529.swc	visual
data/fafb_sample/swc/720575940618323641.swc	visual
data/fafb_sample/swc/720575940620373297.swc	visual
data/fafb_sample/swc/720575940633164196.swc	visual
data/fafb_sample/swc/720575940611416440.swc	visual
data/fafb_sample/swc/720575940623100961.swc	visual
data/fafb_sample/swc/720575940628304186.swc	visual
data/fafb_sample/swc/720575940624372883.swc	visual
data/fafb_sample/swc/720575940613682546.swc	visual
data/fafb_sample/swc/720575940621142036.swc	visual
data/fafb_sample/swc/720575940631080822.swc	visual
data/fafb_sample/swc/720575940640753059.swc	visual
data/fafb_sample/swc/720575940613170917.swc	visual
data/fafb_sample/swc/720575940638767593.swc	visual
data/fafb_sample/swc/720575940632108586.swc	visual
data/fafb_sample/swc/720575940614850479.swc	visual
data/fafb_sample/swc/720575940622522864.swc	visual
data/fafb_sample/swc/720575940640289443.swc	visual
data/fafb_sample/swc/720575940617800153.swc	visual
data/fafb_sample/swc/720575940612596954.swc	visual
data/fafb_sample/swc/720575940617489750.swc	visual
data/fafb_sample/swc/720575940631057152.swc	visual
data/fafb_sample/swc/720575940611382574.swc	visual
data/fafb_sample/swc/720575940638646335.swc	visual
data/fafb_sample/swc/720575940624103827.swc	visual
data/fafb_sample/swc/720575940627046684.swc	visual
data/fafb_sample/swc/720575940629475945.swc	visual
data/fafb_sample/swc/720575940631400441.swc	visual
data/fafb_sample/swc/720575940606333118.swc	visual
data/fafb_sample/swc/720575940605561824.swc	visual
data/fafb_sample/swc/720575940622710004.swc	visual
data/fafb_sample/swc/720575940618353081.swc	visual
data/fafb_sample/swc/720575940629075817.swc	visual
data/fafb_sample/swc/720575940628336917.swc	visual
data/fafb_sample/swc/720575940629714793.swc	visual
data/fafb_sample/swc/720575940635518615.swc	visual
data/fafb_sample/swc/720575940616656326.swc	visual
data/fafb_sample/swc/720575940635474583.swc	visual
data/fafb_sample/swc/720575940620883877.swc	visual
data/fafb_sample/swc/720575940621254053.swc	visual
data/fafb_sample/swc/720575940620979476.swc	visual
data/fafb_sample/swc/720575940621589357.swc	visual
data/fafb_sample/swc/720575940620681552.swc	visual
data/fafb_sample/swc/720575940623725823.swc	visual
data/fafb_sample/swc/720575940626511920.swc	visual
data/fafb_sample/swc/720575940618144093.swc	visual
data/fafb_sample/swc/720575940621748929.swc	visual
data/fafb_sample/swc/720575940630875648.swc	visual
data/fafb_sample/swc/720575940622650629.swc	visual
data/fafb_sample/swc/720575940624767927.swc	visual
data/fafb_sample/swc/720575940616590860.swc	visual
data/fafb_sample/swc/720575940629849104.swc	visual
data/fafb_sample/swc/720575940633314387.swc	visual
data/fafb_sample/swc/720575940637650094.swc	visual
data/fafb_sample/swc/720575940637042533.swc	visual
data/fafb_sample/swc/720575940621384641.swc	visual
data/fafb_sample/swc/720575940631007708.swc	visual
data/fafb_sample/swc/720575940618281401.swc	visual
data/fafb_sample/swc/720575940629797648.swc	visual
data/fafb_sample/swc/720575940628557199.swc	visual
data/fafb_sample/swc/720575940611534449.swc	visual
data/fafb_sample/swc/720575940616514370.swc	visual
data/fafb_sample/swc/720575940628447119.swc	visual
data/fafb_sample/swc/720575940622888453.swc	visual
data/fafb_sample/swc/720575940628799050.swc	visual
data/fafb_sample/swc/720575940634048723.swc	visual
data/fafb_sample/swc/720575940640176693.swc	visual
data/fafb_sample/swc/720575940608025218.swc	visual
data/fafb_sample/swc/720575940621482223.swc	visual
data/fafb_sample/swc/720575940621538625.swc	visual
data/fafb_sample/swc/720575940640023741.swc	visual
data/fafb_sample/swc/720575940627769240.swc	visual
data/fafb_sample/swc/720575940624309798.swc	visual
data/fafb_sample/swc/720575940620708299.swc	visual
data/fafb_sample/swc/720575940637603952.swc	visual
data/fafb_sample/swc/720575940609261148.swc	visual
data/fafb_sample/swc/720575940628894794.swc	visual
data/fafb_sample/swc/720575940630544122.swc	visual
data/fafb_sample/swc/720575940622689524.swc	visual
data/fafb_sample/swc/720575940626897552.swc	visual
data/fafb_sample/swc/720575940626544677.swc	visual
data/fafb_sample/swc/720575940609232476.swc	visual
data/fafb_sample/swc/720575940627840531.swc	visual
data/fafb_sample/swc/720575940618369314.swc	visual
data/fafb_sample/swc/720575940619830582.swc	visual
data/fafb_sample/swc/720575940617313723.swc	visual
data/fafb_sample/swc/720575940607492553.swc	visual
data/fafb_sample/swc/720575940632897607.swc	visual
data/fafb_sample/swc/720575940625755123.swc	visual
data/fafb_sample/swc/720575940618455074.swc	visual
data/fafb_sample/swc/720575940613516402.swc	visual
data/fafb_sample/swc/720575940633341521.swc	visual
data/fafb_sample/swc/720575940613153253.swc	visual
data/fafb_sample/swc/720575940621395621.swc	visual
data/fafb_sample/swc/720575940606642609.swc	visual
data/fafb_sample/swc/720575940611510392.swc	visual
data/fafb_sample/swc/720575940619086149.swc	visual
data/fafb_sample/swc/720575940638726633.swc	visual
data/fafb_sample/swc/720575940626647077.swc	visual
data/fafb_sample/swc/720575940616206914.swc	visual
data/fafb_sample/swc/720575940608221618.swc	visual
data/fafb_sample/swc/720575940632960849.swc	visual
data/fafb_sample/swc/720575940622591472.swc	visual
data/fafb_sample/swc/720575940631067692.swc	visual
data/fafb_sample/swc/720575940630105703.swc	visual
data/fafb_sample/swc/720575940639674200.swc	visual
data/fafb_sample/swc/720575940631435095.swc	visual
data/fafb_sample/swc/720575940618713634.swc	visual
data/fafb_sample/swc/720575940634530530.swc	visual
data/fafb_sample/swc/720575940621339585.swc	visual
data/fafb_sample/swc/720575940625239816.swc	visual
data/fafb_sample/swc/720575940645443620.swc	visual
data/fafb_sample/swc/720575940639864765.swc	visual
data/fafb_sample/swc/720575940644762568.swc	visual
data/fafb_sample/swc/720575940627249214.swc	visual
data/fafb_sample/swc/720575940630626754.swc	visual
data/fafb_sample/swc/720575940620857685.swc	visual
data/fafb_sample/swc/720575940629549929.swc	visual
data/fafb_sample/swc/720575940632270098.swc	visual
data/fafb_sample/swc/720575940660997761.swc	visual
data/fafb_sample/swc/720575940632649795.swc	visual
data/fafb_sample/swc/720575940606543038.swc	visual
data/fafb_sample/swc/720575940631351916.swc	visual
data/fafb_sample/swc/720575940644360864.swc	visual
data/fafb_sample/swc/720575940615232977.swc	visual
data/fafb_sample/swc/720575940625790136.swc	visual
data/fafb_sample/swc/720575940639498310.swc	visual
data/fafb_sample/swc/720575940629834768.swc	visual
data/fafb_sample/swc/720575940624281482.swc	visual
data/fafb_sample/swc/720575940619637568.swc	visual
data/fafb_sample/swc/720575940640559704.swc	visual
data/fafb_sample/swc/720575940611741048.swc	visual
data/fafb_sample/swc/720575940618208657.swc	visual
data/fafb_sample/swc/720575940628757252.swc	visual
data/fafb_sample/swc/720575940637156197.swc	visual
data/fafb_sample/swc/720575940610894660.swc	visual
data/fafb_sample/swc/720575940628287249.swc	visual
data/fafb_sample/swc/720575940621982630.swc	visual
data/fafb_sample/swc/720575940608052866.swc	visual
data/fafb_sample/swc/720575940615648662.swc	visual
data/fafb_sample/swc/720575940627462914.swc	visual
data/fafb_sample/swc/720575940610377284.swc	visual
data/fafb_sample/swc/720575940632936007.swc	visual
data/fafb_sample/swc/720575940623337251.swc	visual
data/fafb_sample/swc/720575940634546401.swc	visual
data/fafb_sample/swc/720575940644504736.swc	visual
data/fafb_sample/swc/720575940638949860.swc	visual
data/fafb_sample/swc/720575940627995017.swc	visual
data/fafb_sample/swc/720575940639202276.swc	visual
data/fafb_sample/swc/720575940624827399.swc	visual
data/fafb_sample/swc/720575940613269989.swc	visual
data/fafb_sample/swc/720575940628045322.swc	visual
data/fafb_sample/swc/720575940630351554.swc	visual
data/fafb_sample/swc/720575940630651383.swc	visual
data/fafb_sample/swc/720575940625495480.swc	visual
data/fafb_sample/swc/720575940631438329.swc	visual
data/fafb_sample/swc/720575940621241844.swc	visual
data/fafb_sample/swc/720575940628089938.swc	visual
data/fafb_sample/swc/720575940635988831.swc	visual
data/fafb_sample/swc/720575940605160550.swc	visual
data/fafb_sample/swc/720575940638453225.swc	visual
data/fafb_sample/swc/720575940628789551.swc	visual
data/fafb_sample/swc/720575940632352104.swc	visual
data/fafb_sample/swc/720575940615103998.swc	visual
data/fafb_sample/swc/720575940616073834.swc	visual
data/fafb_sample/swc/720575940644774088.swc	visual
data/fafb_sample/swc/720575940635235936.swc	visual
data/fafb_sample/swc/720575940618362553.swc	visual
data/fafb_sample/swc/720575940616547270.swc	visual
data/fafb_sample/swc/720575940633346847.swc	visual
data/fafb_sample/swc/720575940622302580.swc	visual
data/fafb_sample/swc/720575940612957363.swc	visual
data/fafb_sample/swc/720575940620875173.swc	visual
data/fafb_sample/swc/720575940629785183.swc	visual
data/fafb_sample/swc/720575940629253361.swc	visual
data/fafb_sample/swc/720575940644770760.swc	visual
data/fafb_sample/swc/720575940627210046.swc	visual
data/fafb_sample/swc/720575940638820442.swc	visual
data/fafb_sample/swc/720575940627243962.swc	visual
data/fafb_sample/swc/720575940610073940.swc	visual
data/fafb_sample/swc/720575940624114985.swc	visual
data/fafb_sample/swc/720575940613012954.swc	visual
data/fafb_sample/swc/720575940616032362.swc	visual
data/fafb_sample/swc/720575940613666326.swc	visual
data/fafb_sample/swc/720575940606316222.swc	visual
data/fafb_sample/swc/720575940616757810.swc	visual
data/fafb_sample/swc/720575940630470526.swc	visual
data/fafb_sample/swc/720575940620487504.swc	visual
data/fafb_sample/swc/720575940615746154.swc	visual
data/fafb_sample/swc/720575940610933572.swc	visual
data/fafb_sample/swc/720575940623443304.swc	visual
data/fafb_sample/swc/720575940629650435.swc	visual
data/fafb_sample/swc/720575940618196881.swc	visual
data/fafb_sample/swc/720575940614268653.swc	visual
data/fafb_sample/swc/720575940635865023.swc	visual
data/fafb_sample/swc/720575940621642990.swc	visual
data/fafb_sample/swc/720575940637086382.swc	visual
data/fafb_sample/swc/720575940617920827.swc	visual
data/fafb_sample/swc/720575940632852817.swc	visual
data/fafb_sample/swc/720575940620909989.swc	visual
data/fafb_sample/swc/720575940624008703.swc	visual
data/fafb_sample/swc/720575940618771969.swc	visual
data/fafb_sample/swc/720575940627966730.swc	visual
data/fafb_sample/swc/720575940653608182.swc	visual
data/fafb_sample/swc/720575940621525230.swc	visual
data/fafb_sample/swc/720575940623374156.swc	visual
data/fafb_sample/swc/720575940634280417.swc	visual
data/fafb_sample/swc/720575940634569441.swc	visual
data/fafb_sample/swc/720575940645610276.swc	visual
data/fafb_sample/swc/720575940614441965.swc	visual
data/fafb_sample/swc/720575940627855749.swc	visual
data/fafb_sample/swc/720575940620777095.swc	visual
data/fafb_sample/swc/720575940639744821.swc	visual
data/fafb_sample/swc/720575940620886181.swc	visual
data/fafb_sample/swc/720575940618071481.swc	visual
data/fafb_sample/swc/720575940623059768.swc	visual
data/fafb_sample/swc/720575940644959432.swc	visual
data/fafb_sample/swc/720575940627925842.swc	visual
data/fafb_sample/swc/720575940612797146.swc	visual
data/fafb_sample/swc/720575940615379346.swc	visual
data/fafb_sample/swc/720575940624071935.swc	visual
data/fafb_sample/swc/720575940644819400.swc	visual
data/fafb_sample/swc/720575940633372243.swc	visual
data/fafb_sample/swc/720575940625443564.swc	visual
data/fafb_sample/swc/720575940628473928.swc	visual
data/fafb_sample/swc/720575940624857527.swc	visual
data/fafb_sample/swc/720575940614750127.swc	visual
data/fafb_sample/swc/720575940620429904.swc	visual
data/fafb_sample/swc/720575940628333992.swc	visual
data/fafb_sample/swc/720575940634613985.swc	visual
data/fafb_sample/swc/720575940628404783.swc	visual
data/fafb_sample/swc/720575940620158379.swc	visual
data/fafb_sample/swc/720575940626653130.swc	visual
data/fafb_sample/swc/720575940623932952.swc	visual
data/fafb_sample/swc/720575940646267502.swc	visual
data/fafb_sample/swc/720575940625877762.swc	visual
data/fafb_sample/swc/720575940636628335.swc	visual
data/fafb_sample/swc/720575940618082619.swc	visual
data/fafb_sample/swc/720575940612189390.swc	visual
data/fafb_sample/swc/720575940625274603.swc	visual
data/fafb_sample/swc/720575940630701628.swc	visual
data/fafb_sample/swc/720575940637712496.swc	visual
data/fafb_sample/swc/720575940612814229.swc	visual
data/fafb_sample/swc/720575940629233670.swc	visual
data/fafb_sample/swc/720575940639051236.swc	visual
data/fafb_sample/swc/720575940618453990.swc	visual
data/fafb_sample/swc/720575940627715102.swc	visual
data/fafb_sample/swc/720575940621836897.swc	visual
data/fafb_sample/swc/720575940632809795.swc	visual
data/fafb_sample/swc/720575940622730480.swc	visual
data/fafb_sample/swc/720575940613292202.swc	visual
data/fafb_sample/swc/720575940636444015.swc	visual
data/fafb_sample/swc/720575940611743608.swc	visual
data/fafb_sample/swc/720575940631014393.swc	visual
data/fafb_sample/swc/720575940624530666.swc	visual
data/fafb_sample/swc/720575940636288180.swc	visual
data/fafb_sample/swc/720575940629578256.swc	visual
data/fafb_sample/swc/720575940641656821.swc	visual
data/fafb_sample/swc/720575940631329273.swc	visual
data/fafb_sample/swc/720575940630104423.swc	visual
data/fafb_sample/swc/720575940624983560.swc	visual
data/fafb_sample/swc/720575940623866248.swc	visual
data/fafb_sample/swc/720575940646190446.swc	visual
data/fafb_sample/swc/720575940626956986.swc	visual
data/fafb_sample/swc/720575940629025798.swc	visual
data/fafb_sample/swc/720575940614066915.swc	visual
data/fafb_sample/swc/720575940630984054.swc	visual
data/fafb_sample/swc/720575940625602023.swc	visual
data/fafb_sample/swc/720575940625934925.swc	visual
data/fafb_sample/swc/720575940616017002.swc	visual
data/fafb_sample/swc/720575940608945500.swc	visual
data/fafb_sample/swc/720575940645560612.swc	visual
data/fafb_sample/swc/720575940624435639.swc	visual
data/fafb_sample/swc/720575940609342985.swc	visual
data/fafb_sample/swc/720575940644235168.swc	visual
data/fafb_sample/swc/720575940622825221.swc	visual
data/fafb_sample/swc/720575940613229682.swc	visual
data/fafb_sample/swc/720575940622951006.swc	visual
data/fafb_sample/swc/720575940614506536.swc	visual
data/fafb_sample/swc/720575940630570618.swc	visual
data/fafb_sample/swc/720575940631286636.swc	visual
data/fafb_sample/swc/720575940618999380.swc	visual
data/fafb_sample/swc/720575940613216229.swc	visual
data/fafb_sample/swc/720575940617955165.swc	visual
data/fafb_sample/swc/720575940641374160.swc	visual
data/fafb_sample/swc/720575940622502640.swc	visual
data/fafb_sample/swc/720575940620548056.swc	visual
data/fafb_sample/swc/720575940628884648.swc	visual
data/fafb_sample/swc/720575940622572159.swc	visual
data/fafb_sample/swc/720575940617551190.swc	visual
data/fafb_sample/swc/720575940613353701.swc	visual
data/fafb_sample/swc/720575940653195510.swc	visual
data/fafb_sample/swc/720575940614765864.swc	visual
data/fafb_sample/swc/720575940629310193.swc	visual
data/fafb_sample/swc/720575940617766361.swc	visual
data/fafb_sample/swc/720575940640047925.swc	visual
data/fafb_sample/swc/720575940630982495.swc	visual
data/fafb_sample/swc/720575940628634116.swc	visual
data/fafb_sample/swc/720575940613379045.swc	visual
data/fafb_sample/swc/720575940640140597.swc	visual
data/fafb_sample/swc/720575940631043900.swc	visual
data/fafb_sample/swc/720575940607806642.swc	visual
data/fafb_sample/swc/720575940644265376.swc	visual
data/fafb_sample/swc/720575940618156628.swc	visual
data/fafb_sample/swc/720575940617079858.swc	visual
data/fafb_sample/swc/720575940630275372.swc	visual
data/fafb_sample/swc/720575940631158999.swc	visual
data/fafb_sample/swc/720575940613228018.swc	visual
data/fafb_sample/swc/720575940626995033.swc	visual
data/fafb_sample/swc/720575940646219630.swc	visual
data/fafb_sample/swc/720575940625969336.swc	visual
data/fafb_sample/swc/720575940609523209.swc	visual
data/fafb_sample/swc/720575940655926689.swc	visual
data/fafb_sample/swc/720575940615990122.swc	visual
data/fafb_sample/swc/720575940634787097.swc	visual
data/fafb_sample/swc/720575940623752205.swc	visual
data/fafb_sample/swc/720575940627225274.swc	visual
data/fafb_sample/swc/720575940636553071.swc	visual
data/fafb_sample/swc/720575940623410200.swc	visual
data/fafb_sample/swc/720575940617419350.swc	visual
data/fafb_sample/swc/720575940643052173.swc	visual
data/fafb_sample/swc/720575940625237923.swc	visual
data/fafb_sample/swc/720575940613635242.swc	visual
data/fafb_sample/swc/720575940625861134.swc	visual
data/fafb_sample/swc/720575940621762497.swc	visual
data/fafb_sample/swc/720575940607124707.swc	visual
data/fafb_sample/swc/720575940623406557.swc	visual
data/fafb_sample/swc/720575940609853653.swc	visual
data/fafb_sample/swc/720575940628873192.swc	visual
data/fafb_sample/swc/720575940623826125.swc	visual
data/fafb_sample/swc/720575940619504507.swc	visual
data/fafb_sample/swc/720575940626420426.swc	visual
data/fafb_sample/swc/720575940613513494.swc	visual
data/fafb_sample/swc/720575940607755394.swc	visual
data/fafb_sample/swc/720575940620342577.swc	visual
data/fafb_sample/swc/720575940629835419.swc	visual
data/fafb_sample/swc/720575940621366644.swc	visual
data/fafb_sample/swc/720575940618159650.swc	visual
data/fafb_sample/swc/720575940627169636.swc	visual
data/fafb_sample/swc/720575940609622281.swc	visual
data/fafb_sample/swc/720575940641195216.swc	visual
data/fafb_sample/swc/720575940623572445.swc	visual
data/fafb_sample/swc/720575940611622008.swc	visual
data/fafb_sample/swc/720575940635455130.swc	visual
data/fafb_sample/swc/720575940653415926.swc	visual
data/fafb_sample/swc/720575940609221212.swc	visual
data/fafb_sample/swc/720575940645156040.swc	visual
data/fafb_sample/swc/720575940608365746.swc	visual
data/fafb_sample/swc/720575940630498686.swc	visual
data/fafb_sample/swc/720575940618849025.swc	visual
data/fafb_sample/swc/720575940613904355.swc	visual
data/fafb_sample/swc/720575940640574579.swc	visual
data/fafb_sample/swc/720575940640186165.swc	visual
data/fafb_sample/swc/720575940640979840.swc	visual
data/fafb_sample/swc/720575940630486263.swc	visual
data/fafb_sample/swc/720575940621043109.swc	visual
data/fafb_sample/swc/720575940617885243.swc	visual
data/fafb_sample/swc/720575940636590772.swc	visual
data/fafb_sample/swc/720575940618253241.swc	visual
data/fafb_sample/swc/720575940628700904.swc	visual
data/fafb_sample/swc/720575940631342329.swc	visual
data/fafb_sample/swc/720575940612298702.swc	visual
data/fafb_sample/swc/720575940621323435.swc	visual
data/fafb_sample/swc/720575940635633855.swc	visual
data/fafb_sample/swc/720575940614891518.swc	visual
data/fafb_sample/swc/720575940625299947.swc	visual
data/fafb_sample/swc/720575940641888731.swc	visual
data/fafb_sample/swc/720575940624132134.swc	visual
data/fafb_sample/swc/720575940653620470.swc	visual
data/fafb_sample/swc/720575940629778987.swc	visual
data/fafb_sample/swc/720575940632318250.swc	visual
data/fafb_sample/swc/720575940640784984.swc	visual
data/fafb_sample/swc/720575940625849016.swc	visual
data/fafb_sample/swc/720575940629048070.swc	visual
data/fafb_sample/swc/720575940609502473.swc	visual
data/fafb_sample/swc/720575940611556562.swc	visual
data/fafb_sample/swc/720575940631998149.swc	visual
data/fafb_sample/swc/720575940624153226.swc	visual
data/fafb_sample/swc/720575940624708021.swc	visual
data/fafb_sample/swc/720575940632012363.swc	visual
data/fafb_sample/swc/720575940616156482.swc	visual
data/fafb_sample/swc/720575940632172867.swc	visual
data/fafb_sample/swc/720575940625125640.swc	visual
data/fafb_sample/swc/720575940606401982.swc	visual
data/fafb_sample/swc/720575940606930865.swc	visual
data/fafb_sample/swc/720575940624870217.swc	visual
data/fafb_sample/swc/720575940628046469.swc	visual
data/fafb_sample/swc/720575940628792906.swc	visual
data/fafb_sample/swc/720575940637426350.swc	visual
data/fafb_sample/swc/720575940613600278.swc	visual
data/fafb_sample/swc/720575940628386376.swc	visual
data/fafb_sample/swc/720575940628729256.swc	visual
data/fafb_sample/swc/720575940629752987.swc	visual
data/fafb_sample/swc/720575940627166333.swc	visual
data/fafb_sample/swc/720575940623636579.swc	visual
data/fafb_sample/swc/720575940623826568.swc	visual
data/fafb_sample/swc/720575940637102455.swc	visual
data/fafb_sample/swc/720575940626784037.swc	visual
data/fafb_sample/swc/720575940626336186.swc	visual
data/fafb_sample/swc/720575940623338966.swc	visual
data/fafb_sample/swc/720575940625049161.swc	visual
data/fafb_sample/swc/720575940625072201.swc	visual
data/fafb_sample/swc/720575940618232793.swc	visual
data/fafb_sample/swc/720575940639937981.swc	visual
data/fafb_sample/swc/720575940631629765.swc	visual
data/fafb_sample/swc/720575940617552011.swc	visual
data/fafb_sample/swc/720575940636982903.swc	visual
data/fafb_sample/swc/720575940619538486.swc	visual
data/fafb_sample/swc/720575940615223038.swc	visual
data/fafb_sample/swc/720575940634218963.swc	visual
data/fafb_sample/swc/720575940623187806.swc	visual
data/fafb_sample/swc/720575940625640179.swc	visual
data/fafb_sample/swc/720575940606679742.swc	visual
data/fafb_sample/swc/720575940646166894.swc	visual
data/fafb_sample/swc/720575940608976850.swc	visual
data/fafb_sample/swc/720575940648702084.swc	visual
data/fafb_sample/swc/720575940631213686.swc	visual
data/fafb_sample/swc/720575940632356921.swc	visual
data/fafb_sample/swc/720575940619144000.swc	visual
data/fafb_sample/swc/720575940627240478.swc	visual
data/fafb_sample/swc/720575940616412127.swc	visual
data/fafb_sample/swc/720575940619744891.swc	visual
data/fafb_sample/swc/720575940633959379.swc	visual
data/fafb_sample/swc/720575940620752469.swc	visual
data/fafb_sample/swc/720575940609946123.swc	visual
data/fafb_sample/swc/720575940644954312.swc	visual
data/fafb_sample/swc/720575940653323254.swc	visual
data/fafb_sample/swc/720575940606492774.swc	visual
data/fafb_sample/swc/720575940631104823.swc	visual
data/fafb_sample/swc/720575940619072285.swc	visual
data/fafb_sample/swc/720575940618918145.swc	visual
data/fafb_sample/swc/720575940632950831.swc	visual
data/fafb_sample/swc/720575940628230223.swc	visual
data/fafb_sample/swc/720575940622747380.swc	visual
data/fafb_sample/swc/720575940630676930.swc	visual
data/fafb_sample/swc/720575940634867107.swc	visual
data/fafb_sample/swc/720575940645647127.swc	visual
data/fafb_sample/swc/720575940633341604.swc	visual
data/fafb_sample/swc/720575940616440774.swc	visual
data/fafb_sample/swc/720575940616705734.swc	visual
data/fafb_sample/swc/720575940641929973.swc	visual
data/fafb_sample/swc/720575940635677887.swc	visual
data/fafb_sample/swc/720575940630331642.swc	visual
data/fafb_sample/swc/720575940609414411.swc	visual
data/fafb_sample/swc/720575940606388000.swc	visual
data/fafb_sample/swc/720575940631659205.swc	visual
data/fafb_sample/swc/720575940608110466.swc	visual
data/fafb_sample/swc/720575940634667289.swc	visual
data/fafb_sample/swc/720575940624180232.swc	visual
data/fafb_sample/swc/720575940624444356.swc	visual
data/fafb_sample/swc/720575940633191761.swc	visual
data/fafb_sample/swc/720575940630254687.swc	visual
data/fafb_sample/swc/720575940630265082.swc	visual
data/fafb_sample/swc/720575940623887203.swc	visual
data/fafb_sample/swc/720575940628597781.swc	visual
data/fafb_sample/swc/720575940623804685.swc	visual
data/fafb_sample/swc/720575940621663067.swc	visual
data/fafb_sample/swc/720575940612621169.swc	visual
data/fafb_sample/swc/720575940644919240.swc	visual
data/fafb_sample/swc/720575940619601462.swc	visual
data/fafb_sample/swc/720575940614838323.swc	visual
data/fafb_sample/swc/720575940632908103.swc	visual
data/fafb_sample/swc/720575940619044123.swc	visual
data/fafb_sample/swc/720575940620695120.swc	visual
data/fafb_sample/swc/720575940634511585.swc	visual
data/fafb_sample/swc/720575940626634698.swc	visual
data/fafb_sample/swc/720575940627118723.swc	visual
data/fafb_sample/swc/720575940633779117.swc	visual
data/fafb_sample/swc/720575940622035376.swc	visual
data/fafb_sample/swc/720575940622294221.swc	visual
data/fafb_sample/swc/720575940630153978.swc	visual
data/fafb_sample/swc/720575940631638981.swc	visual
data/fafb_sample/swc/720575940627146268.swc	visual
data/fafb_sample/swc/720575940609601291.swc	visual
data/fafb_sample/swc/720575940632792899.swc	visual
data/fafb_sample/swc/720575940619807542.swc	visual
data/fafb_sample/swc/720575940609769941.swc	visual
data/fafb_sample/swc/720575940635847519.swc	visual
data/fafb_sample/swc/720575940612153038.swc	visual
data/fafb_sample/swc/720575940643004301.swc	visual
data/fafb_sample/swc/720575940615514774.swc	visual
data/fafb_sample/swc/720575940630377854.swc	visual
data/fafb_sample/swc/720575940626630288.swc	visual
data/fafb_sample/swc/720575940625037509.swc	visual
data/fafb_sample/swc/720575940624797959.swc	visual
data/fafb_sample/swc/720575940631037244.swc	visual
data/fafb_sample/swc/720575940625448968.swc	visual
data/fafb_sample/swc/720575940618144729.swc	visual
data/fafb_sample/swc/720575940630521695.swc	visual
data/fafb_sample/swc/720575940635893867.swc	visual
data/fafb_sample/swc/720575940614406952.swc	visual
data/fafb_sample/swc/720575940618591920.swc	visual
data/fafb_sample/swc/720575940614063853.swc	visual
data/fafb_sample/swc/720575940640531773.swc	visual
data/fafb_sample/swc/720575940631447148.swc	visual
data/fafb_sample/swc/720575940633781037.swc	visual
data/fafb_sample/swc/720575940615355282.swc	visual
data/fafb_sample/swc/720575940628820073.swc	visual
data/fafb_sample/swc/720575940620480561.swc	visual
data/fafb_sample/swc/720575940619677494.swc	visual
data/fafb_sample/swc/720575940625635119.swc	visual
data/fafb_sample/swc/720575940628964938.swc	visual
data/fafb_sample/swc/720575940628411153.swc	visual
data/fafb_sample/swc/720575940622658684.swc	visual
data/fafb_sample/swc/720575940631027963.swc	visual
data/fafb_sample/swc/720575940624703211.swc	visual
data/fafb_sample/swc/720575940618410274.swc	visual
data/fafb_sample/swc/720575940640288590.swc	visual
data/fafb_sample/swc/720575940613595414.swc	visual
data/fafb_sample/swc/720575940610079683.swc	visual
data/fafb_sample/swc/720575940627506777.swc	visual
data/fafb_sample/swc/720575940627807065.swc	visual
data/fafb_sample/swc/720575940618495522.swc	visual
data/fafb_sample/swc/720575940619915318.swc	visual
data/fafb_sample/swc/720575940623462499.swc	visual
data/fafb_sample/swc/720575940620673286.swc	visual
data/fafb_sample/swc/720575940621535470.swc	visual
data/fafb_sample/swc/720575940621473958.swc	visual
data/fafb_sample/swc/720575940640558755.swc	visual
data/fafb_sample/swc/720575940621901633.swc	visual
data/fafb_sample/swc/720575940641763981.swc	visual
data/fafb_sample/swc/720575940625820308.swc	visual
data/fafb_sample/swc/720575940628938314.swc	visual
data/fafb_sample/swc/720575940622866345.swc	visual
data/fafb_sample/swc/720575940614153955.swc	visual
data/fafb_sample/swc/720575940615463058.swc	visual
data/fafb_sample/swc/720575940607414729.swc	visual
data/fafb_sample/swc/720575940628024330.swc	visual
data/fafb_sample/swc/720575940632877112.swc	visual
data/fafb_sample/swc/720575940633553060.swc	visual
data/fafb_sample/swc/720575940625363529.swc	visual
data/fafb_sample/swc/720575940641445840.swc	visual
data/fafb_sample/swc/720575940627941202.swc	visual
data/fafb_sample/swc/720575940648098948.swc	visual
data/fafb_sample/swc/720575940632011983.swc	visual
data/fafb_sample/swc/720575940623093161.swc	visual
data/fafb_sample/swc/720575940623796041.swc	visual
data/fafb_sample/swc/720575940647298595.swc	visual
data/fafb_sample/swc/720575940635854943.swc	visual
data/fafb_sample/swc/720575940628396049.swc	visual
data/fafb_sample/swc/720575940631461740.swc	visual
data/fafb_sample/swc/720575940620996628.swc	visual
data/fafb_sample/swc/720575940624869629.swc	visual
data/fafb_sample/swc/720575940633191727.swc	visual
data/fafb_sample/swc/720575940618661277.swc	visual
data/fafb_sample/swc/720575940605989804.swc	visual
data/fafb_sample/swc/720575940611625682.swc	visual
data/fafb_sample/swc/720575940630371831.swc	visual
data/fafb_sample/swc/720575940644726728.swc	visual
data/fafb_sample/swc/720575940631237238.swc	visual
data/fafb_sample/swc/720575940624271338.swc	visual
data/fafb_sample/swc/720575940645871895.swc	visual
data/fafb_sample/swc/720575940611450926.swc	visual
data/fafb_sample/swc/720575940629616719.swc	visual
data/fafb_sample/swc/720575940624156100.swc	visual
data/fafb_sample/swc/720575940622749722.swc	visual
data/fafb_sample/swc/720575940613100467.swc	visual
data/fafb_sample/swc/720575940628617732.swc	visual
data/fafb_sample/swc/720575940624163978.swc	visual
data/fafb_sample/swc/720575940629022961.swc	visual
data/fafb_sample/swc/720575940626322992.swc	visual
data/fafb_sample/swc/720575940629386502.swc	visual
data/fafb_sample/swc/720575940638593114.swc	visual
data/fafb_sample/swc/720575940636832375.swc	visual
data/fafb_sample/swc/720575940609386251.swc	visual
data/fafb_sample/swc/720575940616717874.swc	visual
data/fafb_sample/swc/720575940626400304.swc	visual
data/fafb_sample/swc/720575940640129358.swc	visual
data/fafb_sample/swc/720575940642891405.swc	visual
data/fafb_sample/swc/720575940635075740.swc	visual
data/fafb_sample/swc/720575940625742606.swc	visual
data/fafb_sample/swc/720575940626508325.swc	visual
data/fafb_sample/swc/720575940628391240.swc	visual
data/fafb_sample/swc/720575940634628833.swc	visual
data/fafb_sample/swc/720575940609501451.swc	visual
data/fafb_sample/swc/720575940632745543.swc	visual
data/fafb_sample/swc/720575940607877042.swc	visual
data/fafb_sample/swc/720575940624088105.swc	visual
data/fafb_sample/swc/720575940608078345.swc	visual
data/fafb_sample/swc/720575940611739634.swc	visual
data/fafb_sample/swc/720575940606367166.swc	visual
data/fafb_sample/swc/720575940623897624.swc	visual
data/fafb_sample/swc/720575940622839557.swc	visual
data/fafb_sample/swc/720575940629409128.swc	visual
data/fafb_sample/swc/720575940632864327.swc	visual
data/fafb_sample/swc/720575940610144084.swc	visual
data/fafb_sample/swc/720575940621907265.swc	visual
data/fafb_sample/swc/720575940627917949.swc	visual
data/fafb_sample/swc/720575940624253930.swc	visual
data/fafb_sample/swc/720575940609979861.swc	visual
data/fafb_sample/swc/720575940630277626.swc	visual
data/fafb_sample/swc/720575940620181584.swc	visual
data/fafb_sample/swc/720575940611971170.swc	visual
data/fafb_sample/swc/720575940622261168.swc	visual
data/fafb_sample/swc/720575940622653311.swc	visual
data/fafb_sample/swc/720575940627251484.swc	visual
data/fafb_sample/swc/720575940636692335.swc	visual
data/fafb_sample/swc/720575940628616964.swc	visual
data/fafb_sample/swc/720575940639698766.swc	visual
data/fafb_sample/swc/720575940614725295.swc	visual
data/fafb_sample/swc/720575940624836023.swc	visual
data/fafb_sample/swc/720575940626848037.swc	visual
data/fafb_sample/swc/720575940629550697.swc	visual
data/fafb_sample/swc/720575940632464232.swc	visual
data/fafb_sample/swc/720575940617070348.swc	visual
data/fafb_sample/swc/720575940623721741.swc	visual
data/fafb_sample/swc/720575940661138305.swc	visual
data/fafb_sample/swc/720575940629071815.swc	visual
data/fafb_sample/swc/720575940621320128.swc	visual
data/fafb_sample/swc/720575940620263384.swc	visual
data/fafb_sample/swc/720575940622185588.swc	visual
data/fafb_sample/swc/720575940621071963.swc	visual
data/fafb_sample/swc/720575940632001733.swc	visual
data/fafb_sample/swc/720575940624790269.swc	visual
data/fafb_sample/swc/720575940637538958.swc	visual
data/fafb_sample/swc/720575940637497701.swc	visual
data/fafb_sample/swc/720575940617528662.swc	visual
data/fafb_sample/swc/720575940617481589.swc	visual
data/fafb_sample/swc/720575940617667670.swc	visual
data/fafb_sample/swc/720575940609676553.swc	visual
data/fafb_sample/swc/720575940636058987.swc	visual
data/fafb_sample/swc/720575940630548162.swc	visual
data/fafb_sample/swc/720575940621611503.swc	visual
data/fafb_sample/swc/720575940634312929.swc	visual
data/fafb_sample/swc/720575940622171252.swc	visual
data/fafb_sample/swc/720575940616944140.swc	visual
data/fafb_sample/swc/720575940615346430.swc	visual
data/fafb_sample/swc/720575940660988545.swc	visual
data/fafb_sample/swc/720575940628100489.swc	visual
data/fafb_sample/swc/720575940614742751.swc	visual
data/fafb_sample/swc/720575940640218702.swc	visual
data/fafb_sample/swc/720575940620522955.swc	visual
data/fafb_sample/swc/720575940608886108.swc	visual
data/fafb_sample/swc/720575940619860022.swc	visual
data/fafb_sample/swc/720575940622159286.swc	visual
data/fafb_sample/swc/720575940630807852.swc	visual
data/fafb_sample/swc/720575940624992747.swc	visual
data/fafb_sample/swc/720575940624693767.swc	visual
data/fafb_sample/swc/720575940622805537.swc	visual
data/fafb_sample/swc/720575940632280338.swc	visual
data/fafb_sample/swc/720575940624393510.swc	visual
data/fafb_sample/swc/720575940633175121.swc	visual
data/fafb_sample/swc/720575940637353573.swc	visual
data/fafb_sample/swc/720575940627221020.swc	visual
data/fafb_sample/swc/720575940616193503.swc	visual
data/fafb_sample/swc/720575940621952577.swc	visual
data/fafb_sample/swc/720575940639046372.swc	visual
data/fafb_sample/swc/720575940631594583.swc	visual
data/fafb_sample/swc/720575940626913342.swc	visual
data/fafb_sample/swc/720575940615345554.swc	visual
data/fafb_sample/swc/720575940632088907.swc	visual
data/fafb_sample/swc/720575940636823407.swc	visual
data/fafb_sample/swc/720575940653304566.swc	visual
data/fafb_sample/swc/720575940637927792.swc	visual
data/fafb_sample/swc/720575940613193189.swc	visual
data/fafb_sample/swc/720575940618876955.swc	visual
data/fafb_sample/swc/720575940610309059.swc	visual
data/fafb_sample/swc/720575940635189088.swc	visual
data/fafb_sample/swc/720575940630546882.swc	visual
data/fafb_sample/swc/720575940631028791.swc	visual
data/fafb_sample/swc/720575940625708732.swc	visual
data/fafb_sample/swc/720575940628063613.swc	visual
data/fafb_sample/swc/720575940611725778.swc	visual
data/fafb_sample/swc/720575940633311277.swc	visual
data/fafb_sample/swc/720575940618814491.swc	visual
data/fafb_sample/swc/720575940637024631.swc	visual
data/fafb_sample/swc/720575940623012112.swc	visual
data/fafb_sample/swc/720575940620562773.swc	visual
data/fafb_sample/swc/720575940629132649.swc	visual
data/fafb_sample/swc/720575940621605286.swc	visual
data/fafb_sample/swc/720575940627888509.swc	visual
data/fafb_sample/swc/720575940632090666.swc	visual
data/fafb_sample/swc/720575940621691233.swc	visual
data/fafb_sample/swc/720575940625604284.swc	visual
data/fafb_sample/swc/720575940614935347.swc	visual
data/fafb_sample/swc/720575940632626024.swc	visual
data/fafb_sample/swc/720575940627588953.swc	visual
data/fafb_sample/swc/720575940629794603.swc	visual
data/fafb_sample/swc/720575940612939506.swc	visual
data/fafb_sample/swc/720575940613939171.swc	visual
data/fafb_sample/swc/720575940632793912.swc	visual
data/fafb_sample/swc/720575940629837819.swc	visual
data/fafb_sample/swc/720575940615164881.swc	visual
data/fafb_sample/swc/720575940629040202.swc	visual
data/fafb_sample/swc/720575940639713845.swc	visual
data/fafb_sample/swc/720575940619674678.swc	visual
data/fafb_sample/swc/720575940628524309.swc	visual
data/fafb_sample/swc/720575940631870671.swc	visual
data/fafb_sample/swc/720575940624504516.swc	visual
data/fafb_sample/swc/720575940627968911.swc	visual
data/fafb_sample/swc/720575940618415249.swc	visual
data/fafb_sample/swc/720575940618794779.swc	visual
data/fafb_sample/swc/720575940623875096.swc	visual
data/fafb_sample/swc/720575940628957436.swc	visual
data/fafb_sample/swc/720575940615993194.swc	visual
data/fafb_sample/swc/720575940640363683.swc	visual
data/fafb_sample/swc/720575940609481737.swc	visual
data/fafb_sample/swc/720575940628481167.swc	visual
data/fafb_sample/swc/720575940613193458.swc	visual
data/fafb_sample/swc/720575940615616935.swc	visual
data/fafb_sample/swc/720575940615379858.swc	visual
data/fafb_sample/swc/720575940628429841.swc	visual
data/fafb_sample/swc/720575940623719679.swc	visual
data/fafb_sample/swc/720575940629315057.swc	visual
data/fafb_sample/swc/720575940639071814.swc	visual
data/fafb_sample/swc/720575940622703640.swc	visual
data/fafb_sample/swc/720575940623470038.swc	visual
data/fafb_sample/swc/720575940610871876.swc	visual
data/fafb_sample/swc/720575940640056654.swc	visual
data/fafb_sample/swc/720575940630404346.swc	visual
data/fafb_sample/swc/720575940626685232.swc	visual
data/fafb_sample/swc/720575940628341818.swc	visual
data/fafb_sample/swc/720575940611448440.swc	visual
data/fafb_sample/swc/720575940631913047.swc	visual
data/fafb_sample/swc/720575940624543495.swc	visual
data/fafb_sample/swc/720575940625597880.swc	visual
data/fafb_sample/swc/720575940627919902.swc	visual
data/fafb_sample/swc/720575940633240268.swc	visual
data/fafb_sample/swc/720575940615406226.swc	visual
data/fafb_sample/swc/720575940628239162.swc	visual
data/fafb_sample/swc/720575940615830934.swc	visual
data/fafb_sample/swc/720575940624731883.swc	visual
data/fafb_sample/swc/720575940628043834.swc	visual
data/fafb_sample/swc/720575940632245567.swc	visual
data/fafb_sample/swc/720575940619930161.swc	visual
data/fafb_sample/swc/720575940630399170.swc	visual
data/fafb_sample/swc/720575940623988248.swc	visual
data/fafb_sample/swc/720575940631140919.swc	visual
data/fafb_sample/swc/720575940632780857.swc	visual
data/fafb_sample/swc/720575940610155203.swc	visual
data/fafb_sample/swc/720575940609252873.swc	visual
data/fafb_sample/swc/720575940613619865.swc	visual
data/fafb_sample/swc/720575940624809735.swc	visual
data/fafb_sample/swc/720575940639815989.swc	visual
data/fafb_sample/swc/720575940607773314.swc	visual
data/fafb_sample/swc/720575940628478225.swc	visual
data/fafb_sample/swc/720575940616010602.swc	visual
data/fafb_sample/swc/720575940629995623.swc	visual
data/fafb_sample/swc/720575940630939868.swc	visual
data/fafb_sample/swc/720575940639016767.swc	visual
data/fafb_sample/swc/720575940640384163.swc	visual
data/fafb_sample/swc/720575940626893514.swc	visual
data/fafb_sample/swc/720575940636926053.swc	visual
data/fafb_sample/swc/720575940632666435.swc	visual
data/fafb_sample/swc/720575940621373355.swc	visual
data/fafb_sample/swc/720575940640028275.swc	visual
data/fafb_sample/swc/720575940648236676.swc	visual
data/fafb_sample/swc/720575940633115217.swc	visual
data/fafb_sample/swc/720575940621768545.swc	visual
data/fafb_sample/swc/720575940606315040.swc	visual
data/fafb_sample/swc/720575940625954744.swc	visual
data/fafb_sample/swc/720575940615939178.swc	visual
data/fafb_sample/swc/720575940610301379.swc	visual
data/fafb_sample/swc/720575940630891308.swc	visual
data/fafb_sample/swc/720575940629079814.swc	visual
data/fafb_sample/swc/720575940622678110.swc	visual
data/fafb_sample/swc/720575940633857107.swc	visual
data/fafb_sample/swc/720575940623051297.swc	visual
data/fafb_sample/swc/720575940623123881.swc	visual
data/fafb_sample/swc/720575940625211400.swc	visual
data/fafb_sample/swc/720575940638556382.swc	visual
data/fafb_sample/swc/720575940605861036.swc	visual
data/fafb_sample/swc/720575940620921734.swc	visual
data/fafb_sample/swc/720575940638520542.swc	visual
data/fafb_sample/swc/720575940613211801.swc	visual
data/fafb_sample/swc/720575940615465110.swc	visual
data/fafb_sample/swc/720575940640532285.swc	visual
data/fafb_sample/swc/720575940619746171.swc	visual
data/fafb_sample/swc/720575940628031505.swc	visual
data/fafb_sample/swc/720575940618600020.swc	visual
data/fafb_sample/swc/720575940611485560.swc	visual
data/fafb_sample/swc/720575940623193164.swc	visual
data/fafb_sample/swc/720575940606421257.swc	visual
data/fafb_sample/swc/720575940631095296.swc	visual
data/fafb_sample/swc/720575940624358697.swc	visual
data/fafb_sample/swc/720575940627319171.swc	visual
data/fafb_sample/swc/720575940619299397.swc	visual
data/fafb_sample/swc/720575940624254088.swc	visual
data/fafb_sample/swc/720575940639891133.swc	visual
data/fafb_sample/swc/720575940633512908.swc	visual
data/fafb_sample/swc/720575940611565522.swc	visual
data/fafb_sample/swc/720575940621543083.swc	visual
data/fafb_sample/swc/720575940630630135.swc	visual
data/fafb_sample/swc/720575940642951309.swc	visual
data/fafb_sample/swc/720575940617970525.swc	visual
data/fafb_sample/swc/720575940624156296.swc	visual
data/fafb_sample/swc/720575940641572560.swc	visual
data/fafb_sample/swc/720575940633686829.swc	visual
data/fafb_sample/swc/720575940618600349.swc	visual
data/fafb_sample/swc/720575940623924248.swc	visual
data/fafb_sample/swc/720575940642503131.swc	visual
data/fafb_sample/swc/720575940629102922.swc	visual
data/fafb_sample/swc/720575940635925867.swc	visual
data/fafb_sample/swc/720575940655912865.swc	visual
data/fafb_sample/swc/720575940647182627.swc	visual
data/fafb_sample/swc/720575940642309621.swc	visual
data/fafb_sample/swc/720575940631278444.swc	visual
data/fafb_sample/swc/720575940626108749.swc	visual
data/fafb_sample/swc/720575940635541143.swc	visual
data/fafb_sample/swc/720575940629393513.swc	visual
data/fafb_sample/swc/720575940630239327.swc	visual
data/fafb_sample/swc/720575940632752953.swc	visual
data/fafb_sample/swc/720575940622522608.swc	visual
data/fafb_sample/swc/720575940630564599.swc	visual
data/fafb_sample/swc/720575940633604691.swc	visual
data/fafb_sample/swc/720575940635494810.swc	visual
data/fafb_sample/swc/720575940611450158.swc	visual
data/fafb_sample/swc/720575940625174805.swc	visual
data/fafb_sample/swc/720575940645838359.swc	visual
data/fafb_sample/swc/720575940618766917.swc	visual
data/fafb_sample/swc/720575940606023408.swc	visual
data/fafb_sample/swc/720575940618320162.swc	visual
data/fafb_sample/swc/720575940621324564.swc	visual
data/fafb_sample/swc/720575940619691131.swc	visual
data/fafb_sample/swc/720575940636300651.swc	visual
data/fafb_sample/swc/720575940606682558.swc	visual
data/fafb_sample/swc/720575940628986567.swc	visual
data/fafb_sample/swc/720575940650492025.swc	visual
data/fafb_sample/swc/720575940620608336.swc	visual
data/fafb_sample/swc/720575940628600808.swc	visual
data/fafb_sample/swc/720575940618115801.swc	visual
data/fafb_sample/swc/720575940624522423.swc	visual
data/fafb_sample/swc/720575940625360020.swc	visual
data/fafb_sample/swc/720575940614472173.swc	visual
data/fafb_sample/swc/720575940631599611.swc	visual
data/fafb_sample/swc/720575940632118991.swc	visual
data/fafb_sample/swc/720575940605808044.swc	visual
data/fafb_sample/swc/720575940623821848.swc	visual
data/fafb_sample/swc/720575940621537190.swc	visual
data/fafb_sample/swc/720575940615816671.swc	visual
data/fafb_sample/swc/720575940629293830.swc	visual
data/fafb_sample/swc/720575940617899993.swc	visual
data/fafb_sample/swc/720575940621531245.swc	visual
data/fafb_sample/swc/720575940631928139.swc	visual
data/fafb_sample/swc/720575940605634220.swc	visual
data/fafb_sample/swc/720575940636017259.swc	visual
data/fafb_sample/swc/720575940640484003.swc	visual
data/fafb_sample/swc/720575940631620601.swc	visual
data/fafb_sample/swc/720575940623642723.swc	visual
data/fafb_sample/swc/720575940611419438.swc	visual
data/fafb_sample/swc/720575940611634091.swc	visual
data/fafb_sample/swc/720575940615317866.swc	visual
data/fafb_sample/swc/720575940653496822.swc	visual
data/fafb_sample/swc/720575940628134410.swc	visual
data/fafb_sample/swc/720575940623840196.swc	visual
data/fafb_sample/swc/720575940641843252.swc	visual
data/fafb_sample/swc/720575940613354213.swc	visual
data/fafb_sample/swc/720575940629885799.swc	visual
data/fafb_sample/swc/720575940609983189.swc	visual
data/fafb_sample/swc/720575940628443560.swc	visual
data/fafb_sample/swc/720575940628414440.swc	visual
data/fafb_sample/swc/720575940634737689.swc	visual
data/fafb_sample/swc/720575940612496346.swc	visual
data/fafb_sample/swc/720575940626110362.swc	visual
data/fafb_sample/swc/720575940636114027.swc	visual
data/fafb_sample/swc/720575940610761300.swc	visual
data/fafb_sample/swc/720575940625510899.swc	visual
data/fafb_sample/swc/720575940624679403.swc	visual
data/fafb_sample/swc/720575940620439381.swc	visual
data/fafb_sample/swc/720575940632680760.swc	visual
data/fafb_sample/swc/720575940623132329.swc	visual
data/fafb_sample/swc/720575940647723316.swc	visual
data/fafb_sample/swc/720575940637377166.swc	visual
data/fafb_sample/swc/720575940617766971.swc	visual
data/fafb_sample/swc/720575940623316860.swc	visual
data/fafb_sample/swc/720575940629579567.swc	visual
data/fafb_sample/swc/720575940650617977.swc	visual
data/fafb_sample/swc/720575940608218290.swc	visual
data/fafb_sample/swc/720575940639039465.swc	visual
data/fafb_sample/swc/720575940619505472.swc	visual
data/fafb_sample/swc/720575940624404115.swc	visual
data/fafb_sample/swc/720575940632675129.swc	visual
data/fafb_sample/swc/720575940628546632.swc	visual
data/fafb_sample/swc/720575940609942211.swc	visual
data/fafb_sample/swc/720575940633508004.swc	visual
data/fafb_sample/swc/720575940609276681.swc	visual
data/fafb_sample/swc/720575940624028003.swc	visual
data/fafb_sample/swc/720575940640613208.swc	visual
data/fafb_sample/swc/720575940630689474.swc	visual
data/fafb_sample/swc/720575940609647881.swc	visual
data/fafb_sample/swc/720575940606401894.swc	visual
data/fafb_sample/swc/720575940618385698.swc	visual
data/fafb_sample/swc/720575940638719834.swc	visual
data/fafb_sample/swc/720575940632208971.swc	visual
data/fafb_sample/swc/720575940618018141.swc	visual
data/fafb_sample/swc/720575940636386222.swc	visual
data/fafb_sample/swc/720575940618037051.swc	visual
data/fafb_sample/swc/720575940644534944.swc	visual
data/fafb_sample/swc/720575940624294084.swc	visual
data/fafb_sample/swc/720575940629428418.swc	visual
data/fafb_sample/swc/720575940617235430.swc	visual
data/fafb_sample/swc/720575940640531875.swc	visual
data/fafb_sample/swc/720575940632230418.swc	visual
data/fafb_sample/swc/720575940636725103.swc	visual
data/fafb_sample/swc/720575940623240572.swc	visual
data/fafb_sample/swc/720575940628810472.swc	visual
data/fafb_sample/swc/720575940621426159.swc	visual
data/fafb_sample/swc/720575940619910046.swc	visual
data/fafb_sample/swc/720575940609348873.swc	visual
data/fafb_sample/swc/720575940606504224.swc	visual
data/fafb_sample/swc/720575940621117830.swc	visual
data/fafb_sample/swc/720575940630871260.swc	visual
data/fafb_sample/swc/720575940659627649.swc	visual
data/fafb_sample/swc/720575940627402073.swc	visual
data/fafb_sample/swc/720575940606631089.swc	visual
data/fafb_sample/swc/720575940637857648.swc	visual
data/fafb_sample/swc/720575940621662145.swc	visual
data/fafb_sample/swc/720575940655809185.swc	visual
data/fafb_sample/swc/720575940643192973.swc	visual
data/fafb_sample/swc/720575940623971085.swc	visual
data/fafb_sample/swc/720575940617281909.swc	visual
data/fafb_sample/swc/720575940628044184.swc	visual
data/fafb_sample/swc/720575940644949960.swc	visual
data/fafb_sample/swc/720575940610215875.swc	visual
data/fafb_sample/swc/720575940631508311.swc	visual
data/fafb_sample/swc/720575940631153884.swc	visual
data/fafb_sample/swc/720575940627661913.swc	visual
data/fafb_sample/swc/720575940633086668.swc	visual
data/fafb_sample/swc/720575940622020528.swc	visual
data/fafb_sample/swc/720575940609479179.swc	visual
data/fafb_sample/swc/720575940633472083.swc	visual
data/fafb_sample/swc/720575940640304462.swc	visual
data/fafb_sample/swc/720575940616605490.swc	visual
data/fafb_sample/swc/720575940619271493.swc	visual
data/fafb_sample/swc/720575940628445973.swc	visual
data/fafb_sample/swc/720575940629954203.swc	visual
data/fafb_sample/swc/720575940632511555.swc	visual
data/fafb_sample/swc/720575940622939998.swc	visual
data/fafb_sample/swc/720575940622645748.swc	visual
data/fafb_sample/swc/720575940613192677.swc	visual
data/fafb_sample/swc/720575940624302118.swc	visual
data/fafb_sample/swc/720575940625911224.swc	visual
data/fafb_sample/swc/720575940611820754.swc	visual
data/fafb_sample/swc/720575940623047969.swc	visual
data/fafb_sample/swc/720575940629878787.swc	visual
data/fafb_sample/swc/720575940622140086.swc	visual
data/fafb_sample/swc/720575940623265757.swc	visual
data/fafb_sample/swc/720575940643068301.swc	visual
data/fafb_sample/swc/720575940650515321.swc	visual
data/fafb_sample/swc/720575940632384569.swc	visual
data/fafb_sample/swc/720575940639709237.swc	visual
data/fafb_sample/swc/720575940645915671.swc	visual
data/fafb_sample/swc/720575940636957047.swc	visual
data/fafb_sample/swc/720575940621668120.swc	visual
data/fafb_sample/swc/720575940628348218.swc	visual
data/fafb_sample/swc/720575940633552804.swc	visual
data/fafb_sample/swc/720575940630302055.swc	visual
data/fafb_sample/swc/720575940627087106.swc	visual
data/fafb_sample/swc/720575940626449200.swc	visual
data/fafb_sample/swc/720575940628299797.swc	visual
data/fafb_sample/swc/720575940624979431.swc	visual
data/fafb_sample/swc/720575940628441105.swc	visual
data/fafb_sample/swc/720575940640772952.swc	visual
data/fafb_sample/swc/720575940631839685.swc	visual
data/fafb_sample/swc/720575940642191323.swc	visual
data/fafb_sample/swc/720575940632185898.swc	visual
data/fafb_sample/swc/720575940614592237.swc	visual
data/fafb_sample/swc/720575940620433713.swc	visual
data/fafb_sample/swc/720575940632358504.swc	visual
data/fafb_sample/swc/720575940614691025.swc	visual
data/fafb_sample/swc/720575940628970183.swc	visual
data/fafb_sample/swc/720575940624492778.swc	visual
data/fafb_sample/swc/720575940647078691.swc	visual
data/fafb_sample/swc/720575940610282947.swc	visual
data/fafb_sample/swc/720575940647587124.swc	visual
data/fafb_sample/swc/720575940609685257.swc	visual
data/fafb_sample/swc/720575940605571040.swc	visual
data/fafb_sample/swc/720575940621605485.swc	visual
data/fafb_sample/swc/720575940622718490.swc	visual
data/fafb_sample/swc/720575940629528425.swc	visual
data/fafb_sample/swc/720575940636344056.swc	visual
data/fafb_sample/swc/720575940615051304.swc	visual
data/fafb_sample/swc/720575940611567224.swc	visual
data/fafb_sample/swc/720575940633149900.swc	visual
data/fafb_sample/swc/720575940609546691.swc	visual
data/fafb_sample/swc/720575940631176748.swc	visual
data/fafb_sample/swc/720575940635669355.swc	visual
data/fafb_sample/swc/720575940646459502.swc	visual
data/fafb_sample/swc/720575940642328539.swc	visual
data/fafb_sample/swc/720575940620549835.swc	visual
data/fafb_sample/swc/720575940614401455.swc	visual
data/fafb_sample/swc/720575940628469672.swc	visual
data/fafb_sample/swc/720575940613288677.swc	visual
data/fafb_sample/swc/720575940617819963.swc	visual
data/fafb_sample/swc/720575940631186550.swc	visual
data/fafb_sample/swc/720575940625750164.swc	visual
data/fafb_sample/swc/720575940621261221.swc	visual
data/fafb_sample/swc/720575940633027399.swc	visual
data/fafb_sample/swc/720575940611622354.swc	visual
data/fafb_sample/swc/720575940618722475.swc	Kenyon_Cell
data/fafb_sample/swc/720575940619828359.swc	Kenyon_Cell
data/fafb_sample/swc/720575940633243755.swc	Kenyon_Cell
data/fafb_sample/swc/720575940638468678.swc	Kenyon_Cell
data/fafb_sample/swc/720575940640158939.swc	Kenyon_Cell
data/fafb_sample/swc/720575940624562836.swc	Kenyon_Cell
data/fafb_sample/swc/720575940635659486.swc	Kenyon_Cell
data/fafb_sample/swc/720575940625786899.swc	Kenyon_Cell
data/fafb_sample/swc/720575940614825026.swc	Kenyon_Cell
data/fafb_sample/swc/720575940606452681.swc	Kenyon_Cell
data/fafb_sample/swc/720575940633732448.swc	Kenyon_Cell
data/fafb_sample/swc/720575940610562713.swc	Kenyon_Cell
data/fafb_sample/swc/720575940622727572.swc	Kenyon_Cell
data/fafb_sample/swc/720575940628798799.swc	Kenyon_Cell
data/fafb_sample/swc/720575940631470417.swc	Kenyon_Cell
data/fafb_sample/swc/720575940638474112.swc	Kenyon_Cell
data/fafb_sample/swc/720575940637407209.swc	Kenyon_Cell
data/fafb_sample/swc/720575940606698697.swc	Kenyon_Cell
data/fafb_sample/swc/720575940623542972.swc	Kenyon_Cell
data/fafb_sample/swc/720575940628741881.swc	Kenyon_Cell
data/fafb_sample/swc/720575940634235744.swc	Kenyon_Cell
data/fafb_sample/swc/720575940620109191.swc	Kenyon_Cell
data/fafb_sample/swc/720575940614027074.swc	Kenyon_Cell
data/fafb_sample/swc/720575940643195159.swc	Kenyon_Cell
data/fafb_sample/swc/720575940613729576.swc	Kenyon_Cell
data/fafb_sample/swc/720575940629507706.swc	Kenyon_Cell
data/fafb_sample/swc/720575940625258506.swc	Kenyon_Cell
data/fafb_sample/swc/720575940633340753.swc	Kenyon_Cell
data/fafb_sample/swc/720575940631964620.swc	Kenyon_Cell
data/fafb_sample/swc/720575940623356493.swc	Kenyon_Cell
data/fafb_sample/swc/720575940631589689.swc	Kenyon_Cell
data/fafb_sample/swc/720575940626950147.swc	Kenyon_Cell
data/fafb_sample/swc/720575940619977566.swc	Kenyon_Cell
data/fafb_sample/swc/720575940640856795.swc	Kenyon_Cell
data/fafb_sample/swc/720575940617474629.swc	Kenyon_Cell
data/fafb_sample/swc/720575940609694818.swc	Kenyon_Cell
data/fafb_sample/swc/720575940619226607.swc	Kenyon_Cell
data/fafb_sample/swc/720575940630715410.swc	Kenyon_Cell
data/fafb_sample/swc/720575940627741562.swc	Kenyon_Cell
data/fafb_sample/swc/720575940611644825.swc	Kenyon_Cell
data/fafb_sample/swc/720575940626855171.swc	Kenyon_Cell
data/fafb_sample/swc/720575940615957433.swc	Kenyon_Cell
data/fafb_sample/swc/720575940615125307.swc	Kenyon_Cell
data/fafb_sample/swc/720575940616860318.swc	Kenyon_Cell
data/fafb_sample/swc/720575940628350211.swc	Kenyon_Cell
data/fafb_sample/swc/720575940624574922.swc	Kenyon_Cell
data/fafb_sample/swc/720575940607971908.swc	Kenyon_Cell
data/fafb_sample/swc/720575940659536257.swc	Kenyon_Cell
data/fafb_sample/swc/720575940611204323.swc	Kenyon_Cell
data/fafb_sample/swc/720575940616539419.swc	Kenyon_Cell
data/fafb_sample/swc/720575940628424527.swc	Kenyon_Cell
data/fafb_sample/swc/720575940604884396.swc	Kenyon_Cell
data/fafb_sample/swc/720575940624041545.swc	Kenyon_Cell
data/fafb_sample/swc/720575940625223690.swc	Kenyon_Cell
data/fafb_sample/swc/720575940640566736.swc	Kenyon_Cell
data/fafb_sample/swc/720575940614443788.swc	Kenyon_Cell
data/fafb_sample/swc/720575940616284955.swc	Kenyon_Cell
data/fafb_sample/swc/720575940619155541.swc	Kenyon_Cell
data/fafb_sample/swc/720575940622629193.swc	Kenyon_Cell
data/fafb_sample/swc/720575940626712921.swc	Kenyon_Cell
data/fafb_sample/swc/720575940616707421.swc	Kenyon_Cell
data/fafb_sample/swc/720575940605997513.swc	Kenyon_Cell
data/fafb_sample/swc/720575940608631342.swc	Kenyon_Cell
data/fafb_sample/swc/720575940614386738.swc	Kenyon_Cell
data/fafb_sample/swc/720575940617865117.swc	Kenyon_Cell
data/fafb_sample/swc/720575940614281214.swc	Kenyon_Cell
data/fafb_sample/swc/720575940624036339.swc	Kenyon_Cell
data/fafb_sample/swc/720575940635493044.swc	Kenyon_Cell
data/fafb_sample/swc/720575940632169007.swc	Kenyon_Cell
data/fafb_sample/swc/720575940608505795.swc	Kenyon_Cell
data/fafb_sample/swc/720575940605627057.swc	Kenyon_Cell
data/fafb_sample/swc/720575940608433476.swc	Kenyon_Cell
data/fafb_sample/swc/720575940626975899.swc	Kenyon_Cell
data/fafb_sample/swc/720575940628152838.swc	Kenyon_Cell
data/fafb_sample/swc/720575940625377688.swc	Kenyon_Cell
data/fafb_sample/swc/720575940628217643.swc	Kenyon_Cell
data/fafb_sample/swc/720575940610907490.swc	Kenyon_Cell
data/fafb_sample/swc/720575940638185048.swc	Kenyon_Cell
data/fafb_sample/swc/720575940628610811.swc	Kenyon_Cell
data/fafb_sample/swc/720575940628761039.swc	Kenyon_Cell
data/fafb_sample/swc/720575940619604134.swc	Kenyon_Cell
data/fafb_sample/swc/720575940631458371.swc	Kenyon_Cell
data/fafb_sample/swc/720575940631492419.swc	Kenyon_Cell
data/fafb_sample/swc/720575940636640602.swc	Kenyon_Cell
data/fafb_sample/swc/720575940636841286.swc	Kenyon_Cell
data/fafb_sample/swc/720575940621829813.swc	Kenyon_Cell
data/fafb_sample/swc/720575940621590250.swc	Kenyon_Cell
data/fafb_sample/swc/720575940624125626.swc	Kenyon_Cell
data/fafb_sample/swc/720575940628536055.swc	Kenyon_Cell
data/fafb_sample/swc/720575940626779398.swc	Kenyon_Cell
data/fafb_sample/swc/720575940632805037.swc	Kenyon_Cell
data/fafb_sample/swc/720575940629388026.swc	Kenyon_Cell
data/fafb_sample/swc/720575940624375088.swc	Kenyon_Cell
data/fafb_sample/swc/720575940619404214.swc	Kenyon_Cell
data/fafb_sample/swc/720575940629966710.swc	Kenyon_Cell
data/fafb_sample/swc/720575940628802042.swc	Kenyon_Cell
data/fafb_sample/swc/720575940619487414.swc	Kenyon_Cell
data/fafb_sample/swc/720575940622102763.swc	Kenyon_Cell
data/fafb_sample/swc/720575940624392220.swc	Kenyon_Cell
data/fafb_sample/swc/720575940619404982.swc	Kenyon_Cell
data/fafb_sample/swc/720575940631017932.swc	Kenyon_Cell
data/fafb_sample/swc/720575940627573766.swc	Kenyon_Cell
data/fafb_sample/swc/720575940613460034.swc	Kenyon_Cell
data/fafb_sample/swc/720575940607310531.swc	Kenyon_Cell
data/fafb_sample/swc/720575940605705650.swc	Kenyon_Cell
data/fafb_sample/swc/720575940639409315.swc	Kenyon_Cell
data/fafb_sample/swc/720575940607054770.swc	Kenyon_Cell
data/fafb_sample/swc/720575940616308597.swc	Kenyon_Cell
data/fafb_sample/swc/720575940627307855.swc	Kenyon_Cell
data/fafb_sample/swc/720575940637316029.swc	Kenyon_Cell
data/fafb_sample/swc/720575940628844187.swc	Kenyon_Cell
data/fafb_sample/swc/720575940636675817.swc	Kenyon_Cell
data/fafb_sample/swc/720575940617649969.swc	Kenyon_Cell
data/fafb_sample/swc/720575940620273279.swc	Kenyon_Cell
data/fafb_sample/swc/720575940623881801.swc	Kenyon_Cell
data/fafb_sample/swc/720575940628355843.swc	Kenyon_Cell
data/fafb_sample/swc/720575940610353381.swc	Kenyon_Cell
data/fafb_sample/swc/720575940629141607.swc	Kenyon_Cell
data/fafb_sample/swc/720575940616788409.swc	Kenyon_Cell
data/fafb_sample/swc/720575940627552680.swc	Kenyon_Cell
data/fafb_sample/swc/720575940633989999.swc	Kenyon_Cell
data/fafb_sample/swc/720575940611987240.swc	Kenyon_Cell
data/fafb_sample/swc/720575940612879341.swc	Kenyon_Cell
data/fafb_sample/swc/720575940615476667.swc	Kenyon_Cell
data/fafb_sample/swc/720575940637999950.swc	Kenyon_Cell
data/fafb_sample/swc/720575940609132642.swc	Kenyon_Cell
data/fafb_sample/swc/720575940634609815.swc	Kenyon_Cell
data/fafb_sample/swc/720575940631088402.swc	Kenyon_Cell
data/fafb_sample/swc/720575940614772383.swc	Kenyon_Cell
data/fafb_sample/swc/720575940626015294.swc	Kenyon_Cell
data/fafb_sample/swc/720575940620578269.swc	Kenyon_Cell
data/fafb_sample/swc/720575940622844903.swc	Kenyon_Cell
data/fafb_sample/swc/720575940618671495.swc	Kenyon_Cell
data/fafb_sample/swc/720575940622001020.swc	Kenyon_Cell
data/fafb_sample/swc/720575940626316974.swc	Kenyon_Cell
data/fafb_sample/swc/720575940621516179.swc	Kenyon_Cell
data/fafb_sample/swc/720575940614416018.swc	Kenyon_Cell
data/fafb_sample/swc/720575940620349632.swc	Kenyon_Cell
data/fafb_sample/swc/720575940623582904.swc	Kenyon_Cell
data/fafb_sample/swc/720575940629498306.swc	Kenyon_Cell
data/fafb_sample/swc/720575940622800589.swc	Kenyon_Cell
data/fafb_sample/swc/720575940616913822.swc	Kenyon_Cell
data/fafb_sample/swc/720575940640115675.swc	Kenyon_Cell
data/fafb_sample/swc/720575940621763767.swc	Kenyon_Cell
data/fafb_sample/swc/720575940625354904.swc	Kenyon_Cell
data/fafb_sample/swc/720575940621146956.swc	Kenyon_Cell
data/fafb_sample/swc/720575940626242054.swc	Kenyon_Cell
data/fafb_sample/swc/720575940631998023.swc	Kenyon_Cell
data/fafb_sample/swc/720575940614183218.swc	Kenyon_Cell
data/fafb_sample/swc/720575940618547280.swc	Kenyon_Cell
data/fafb_sample/swc/720575940632437331.swc	Kenyon_Cell
data/fafb_sample/swc/720575940634045084.swc	Kenyon_Cell
data/fafb_sample/swc/720575940621097855.swc	Kenyon_Cell
data/fafb_sample/swc/720575940631302186.swc	Kenyon_Cell
data/fafb_sample/swc/720575940611760021.swc	Kenyon_Cell
data/fafb_sample/swc/720575940620653377.swc	Kenyon_Cell
data/fafb_sample/swc/720575940628826873.swc	Kenyon_Cell
data/fafb_sample/swc/720575940626655321.swc	Kenyon_Cell
data/fafb_sample/swc/720575940638960547.swc	Kenyon_Cell
data/fafb_sample/swc/720575940625773605.swc	Kenyon_Cell
data/fafb_sample/swc/720575940630947395.swc	Kenyon_Cell
data/fafb_sample/swc/720575940636551086.swc	Kenyon_Cell
data/fafb_sample/swc/720575940644800535.swc	Kenyon_Cell
data/fafb_sample/swc/720575940612178418.swc	Kenyon_Cell
data/fafb_sample/swc/720575940631584057.swc	Kenyon_Cell
data/fafb_sample/swc/720575940616885298.swc	Kenyon_Cell
data/fafb_sample/swc/720575940612421290.swc	Kenyon_Cell
data/fafb_sample/swc/720575940626222609.swc	Kenyon_Cell
data/fafb_sample/swc/720575940622054340.swc	Kenyon_Cell
data/fafb_sample/swc/720575940619535563.swc	Kenyon_Cell
data/fafb_sample/swc/720575940609684946.swc	Kenyon_Cell
data/fafb_sample/swc/720575940620434671.swc	Kenyon_Cell
data/fafb_sample/swc/720575940604497888.swc	Kenyon_Cell
data/fafb_sample/swc/720575940632336685.swc	Kenyon_Cell
data/fafb_sample/swc/720575940614219370.swc	Kenyon_Cell
data/fafb_sample/swc/720575940630668751.swc	Kenyon_Cell
data/fafb_sample/swc/720575940634199732.swc	Kenyon_Cell
data/fafb_sample/swc/720575940630067816.swc	Kenyon_Cell
data/fafb_sample/swc/720575940630432932.swc	Kenyon_Cell
data/fafb_sample/swc/720575940617478961.swc	Kenyon_Cell
data/fafb_sample/swc/720575940624941838.swc	Kenyon_Cell
data/fafb_sample/swc/720575940628612112.swc	Kenyon_Cell
data/fafb_sample/swc/720575940619808756.swc	Kenyon_Cell
data/fafb_sample/swc/720575940604483040.swc	Kenyon_Cell
data/fafb_sample/swc/720575940617093533.swc	Kenyon_Cell
data/fafb_sample/swc/720575940616798784.swc	Kenyon_Cell
data/fafb_sample/swc/720575940630912512.swc	Kenyon_Cell
data/fafb_sample/swc/720575940628138246.swc	Kenyon_Cell
data/fafb_sample/swc/720575940616139606.swc	Kenyon_Cell
data/fafb_sample/swc/720575940611113109.swc	Kenyon_Cell
data/fafb_sample/swc/720575940618839942.swc	Kenyon_Cell
data/fafb_sample/swc/720575940644238496.swc	Kenyon_Cell
data/fafb_sample/swc/720575940644145687.swc	Kenyon_Cell
data/fafb_sample/swc/720575940612829863.swc	Kenyon_Cell
data/fafb_sample/swc/720575940617908820.swc	Kenyon_Cell
data/fafb_sample/swc/720575940639116888.swc	Kenyon_Cell
data/fafb_sample/swc/720575940603984486.swc	Kenyon_Cell
data/fafb_sample/swc/720575940628186667.swc	Kenyon_Cell
data/fafb_sample/swc/720575940617473748.swc	Kenyon_Cell
data/fafb_sample/swc/720575940619272920.swc	Kenyon_Cell
data/fafb_sample/swc/720575940606666953.swc	Kenyon_Cell
data/fafb_sample/swc/720575940631360429.swc	Kenyon_Cell
data/fafb_sample/swc/720575940632271780.swc	Kenyon_Cell
data/fafb_sample/swc/720575940618517440.swc	Kenyon_Cell
data/fafb_sample/swc/720575940614229415.swc	Kenyon_Cell
data/fafb_sample/swc/720575940622812003.swc	Kenyon_Cell
data/fafb_sample/swc/720575940611748594.swc	Kenyon_Cell
data/fafb_sample/swc/720575940628773675.swc	Kenyon_Cell
data/fafb_sample/swc/720575940622467293.swc	Kenyon_Cell
data/fafb_sample/swc/720575940621837601.swc	Kenyon_Cell
data/fafb_sample/swc/720575940617612578.swc	Kenyon_Cell
data/fafb_sample/swc/720575940632963245.swc	Kenyon_Cell
data/fafb_sample/swc/720575940623533645.swc	Kenyon_Cell
data/fafb_sample/swc/720575940625328915.swc	Kenyon_Cell
data/fafb_sample/swc/720575940608662574.swc	Kenyon_Cell
data/fafb_sample/swc/720575940615910228.swc	Kenyon_Cell
data/fafb_sample/swc/720575940606910850.swc	Kenyon_Cell
data/fafb_sample/swc/720575940626460420.swc	Kenyon_Cell
data/fafb_sample/swc/720575940629878519.swc	Kenyon_Cell
data/fafb_sample/swc/720575940612111346.swc	Kenyon_Cell
data/fafb_sample/swc/720575940628689963.swc	Kenyon_Cell
data/fafb_sample/swc/720575940633336727.swc	Kenyon_Cell
data/fafb_sample/swc/720575940643063200.swc	Kenyon_Cell
data/fafb_sample/swc/720575940611390742.swc	Kenyon_Cell
data/fafb_sample/swc/720575940626353905.swc	Kenyon_Cell
data/fafb_sample/swc/720575940622064809.swc	Kenyon_Cell
data/fafb_sample/swc/720575940620036385.swc	Kenyon_Cell
data/fafb_sample/swc/720575940624612839.swc	Kenyon_Cell
data/fafb_sample/swc/720575940637689688.swc	Kenyon_Cell
data/fafb_sample/swc/720575940622879501.swc	Kenyon_Cell
data/fafb_sample/swc/720575940620813478.swc	Kenyon_Cell
data/fafb_sample/swc/720575940659323009.swc	Kenyon_Cell
data/fafb_sample/swc/720575940625991524.swc	Kenyon_Cell
data/fafb_sample/swc/720575940609202244.swc	Kenyon_Cell
data/fafb_sample/swc/720575940627585028.swc	Kenyon_Cell
data/fafb_sample/swc/720575940627157008.swc	Kenyon_Cell
data/fafb_sample/swc/720575940621322534.swc	Kenyon_Cell
data/fafb_sample/swc/720575940624572052.swc	Kenyon_Cell
data/fafb_sample/swc/720575940636698286.swc	Kenyon_Cell
data/fafb_sample/swc/720575940617849920.swc	Kenyon_Cell
data/fafb_sample/swc/720575940624740878.swc	Kenyon_Cell
data/fafb_sample/swc/720575940628115185.swc	Kenyon_Cell
data/fafb_sample/swc/720575940625311418.swc	Kenyon_Cell
data/fafb_sample/swc/720575940612613551.swc	Kenyon_Cell
data/fafb_sample/swc/720575940622202807.swc	Kenyon_Cell
data/fafb_sample/swc/720575940604985888.swc	Kenyon_Cell
data/fafb_sample/swc/720575940630926866.swc	Kenyon_Cell
data/fafb_sample/swc/720575940612019570.swc	Kenyon_Cell
data/fafb_sample/swc/720575940630418937.swc	Kenyon_Cell
data/fafb_sample/swc/720575940628321539.swc	Kenyon_Cell
data/fafb_sample/swc/720575940626510211.swc	Kenyon_Cell
data/fafb_sample/swc/720575940630751535.swc	Kenyon_Cell
data/fafb_sample/swc/720575940652403446.swc	Kenyon_Cell
data/fafb_sample/swc/720575940614523871.swc	Kenyon_Cell
data/fafb_sample/swc/720575940646250275.swc	Kenyon_Cell
data/fafb_sample/swc/720575940628651792.swc	Kenyon_Cell
data/fafb_sample/swc/720575940630917293.swc	Kenyon_Cell
data/fafb_sample/swc/720575940619153749.swc	Kenyon_Cell
data/fafb_sample/swc/720575940627377937.swc	Kenyon_Cell
data/fafb_sample/swc/720575940619008192.swc	Kenyon_Cell
data/fafb_sample/swc/720575940621650303.swc	Kenyon_Cell
data/fafb_sample/swc/720575940627480363.swc	Kenyon_Cell
data/fafb_sample/swc/720575940619971009.swc	Kenyon_Cell
data/fafb_sample/swc/720575940622998920.swc	Kenyon_Cell
data/fafb_sample/swc/720575940620197658.swc	Kenyon_Cell
data/fafb_sample/swc/720575940624737464.swc	Kenyon_Cell
data/fafb_sample/swc/720575940630420985.swc	Kenyon_Cell
data/fafb_sample/swc/720575940621388301.swc	Kenyon_Cell
data/fafb_sample/swc/720575940623386762.swc	Kenyon_Cell
data/fafb_sample/swc/720575940634032376.swc	Kenyon_Cell
data/fafb_sample/swc/720575940620042375.swc	Kenyon_Cell
data/fafb_sample/swc/720575940605436262.swc	Kenyon_Cell
data/fafb_sample/swc/720575940621174192.swc	Kenyon_Cell
data/fafb_sample/swc/720575940624852120.swc	Kenyon_Cell
data/fafb_sample/swc/720575940605312945.swc	Kenyon_Cell
data/fafb_sample/swc/720575940620311430.swc	Kenyon_Cell
data/fafb_sample/swc/720575940620889302.swc	Kenyon_Cell
data/fafb_sample/swc/720575940605551718.swc	Kenyon_Cell
data/fafb_sample/swc/720575940627155589.swc	Kenyon_Cell
data/fafb_sample/swc/720575940626787313.swc	Kenyon_Cell
data/fafb_sample/swc/720575940630769962.swc	Kenyon_Cell
data/fafb_sample/swc/720575940621767977.swc	Kenyon_Cell
data/fafb_sample/swc/720575940635370096.swc	Kenyon_Cell
data/fafb_sample/swc/720575940639099992.swc	Kenyon_Cell
data/fafb_sample/swc/720575940616650201.swc	Kenyon_Cell
data/fafb_sample/swc/720575940602829536.swc	Kenyon_Cell
data/fafb_sample/swc/720575940604509374.swc	Kenyon_Cell
data/fafb_sample/swc/720575940619978266.swc	Kenyon_Cell
data/fafb_sample/swc/720575940638925877.swc	Kenyon_Cell
data/fafb_sample/swc/720575940620652214.swc	Kenyon_Cell
data/fafb_sample/swc/720575940606892162.swc	Kenyon_Cell
data/fafb_sample/swc/720575940611424882.swc	Kenyon_Cell
data/fafb_sample/swc/720575940642071437.swc	Kenyon_Cell
data/fafb_sample/swc/720575940620020769.swc	Kenyon_Cell
data/fafb_sample/swc/720575940620576494.swc	Kenyon_Cell
data/fafb_sample/swc/720575940629788983.swc	Kenyon_Cell
data/fafb_sample/swc/720575940632195887.swc	Kenyon_Cell
data/fafb_sample/swc/720575940621692440.swc	Kenyon_Cell
data/fafb_sample/swc/720575940637846618.swc	Kenyon_Cell
data/fafb_sample/swc/720575940619055969.swc	Kenyon_Cell
data/fafb_sample/swc/720575940629067351.swc	Kenyon_Cell
data/fafb_sample/swc/720575940622293091.swc	Kenyon_Cell
data/fafb_sample/swc/720575940648235641.swc	Kenyon_Cell
data/fafb_sample/swc/720575940618436672.swc	Kenyon_Cell
data/fafb_sample/swc/720575940630983186.swc	Kenyon_Cell
data/fafb_sample/swc/720575940622855560.swc	Kenyon_Cell
data/fafb_sample/swc/720575940612436264.swc	Kenyon_Cell
data/fafb_sample/swc/720575940621471732.swc	Kenyon_Cell
data/fafb_sample/swc/720575940629621975.swc	Kenyon_Cell
data/fafb_sample/swc/720575940637037126.swc	Kenyon_Cell
data/fafb_sample/swc/720575940637954532.swc	Kenyon_Cell
data/fafb_sample/swc/720575940613793602.swc	Kenyon_Cell
data/fafb_sample/swc/720575940624036656.swc	Kenyon_Cell
data/fafb_sample/swc/720575940614981087.swc	Kenyon_Cell
data/fafb_sample/swc/720575940619259886.swc	Kenyon_Cell
data/fafb_sample/swc/720575940646419235.swc	Kenyon_Cell
data/fafb_sample/swc/720575940612961686.swc	Kenyon_Cell
data/fafb_sample/swc/720575940632241828.swc	Kenyon_Cell
data/fafb_sample/swc/720575940612091601.swc	Kenyon_Cell
data/fafb_sample/swc/720575940651864822.swc	Kenyon_Cell
data/fafb_sample/swc/720575940626679385.swc	Kenyon_Cell
data/fafb_sample/swc/720575940613248479.swc	Kenyon_Cell
data/fafb_sample/swc/720575940612575230.swc	Kenyon_Cell
data/fafb_sample/swc/720575940627153930.swc	Kenyon_Cell
data/fafb_sample/swc/720575940618683328.swc	Kenyon_Cell
data/fafb_sample/swc/720575940632584787.swc	Kenyon_Cell
data/fafb_sample/swc/720575940611733997.swc	Kenyon_Cell
data/fafb_sample/swc/720575940644843031.swc	Kenyon_Cell
data/fafb_sample/swc/720575940621391636.swc	Kenyon_Cell
data/fafb_sample/swc/720575940626825853.swc	Kenyon_Cell
data/fafb_sample/swc/720575940613197608.swc	Kenyon_Cell
data/fafb_sample/swc/720575940623888461.swc	Kenyon_Cell
data/fafb_sample/swc/720575940616068539.swc	Kenyon_Cell
data/fafb_sample/swc/720575940617376980.swc	Kenyon_Cell
data/fafb_sample/swc/720575940625898780.swc	Kenyon_Cell
data/fafb_sample/swc/720575940636571310.swc	Kenyon_Cell
data/fafb_sample/swc/720575940629132288.swc	Kenyon_Cell
data/fafb_sample/swc/720575940617825344.swc	Kenyon_Cell
data/fafb_sample/swc/720575940614143942.swc	Kenyon_Cell
data/fafb_sample/swc/720575940632915937.swc	Kenyon_Cell
data/fafb_sample/swc/720575940623461134.swc	Kenyon_Cell
data/fafb_sample/swc/720575940618671751.swc	Kenyon_Cell
data/fafb_sample/swc/720575940615125877.swc	Kenyon_Cell
data/fafb_sample/swc/720575940614811222.swc	Kenyon_Cell
data/fafb_sample/swc/720575940606433713.swc	Kenyon_Cell
data/fafb_sample/swc/720575940631425235.swc	Kenyon_Cell
data/fafb_sample/swc/720575940608806776.swc	Kenyon_Cell
data/fafb_sample/swc/720575940610784179.swc	Kenyon_Cell
data/fafb_sample/swc/720575940623536205.swc	Kenyon_Cell
data/fafb_sample/swc/720575940623825077.swc	Kenyon_Cell
data/fafb_sample/swc/720575940623353013.swc	Kenyon_Cell
data/fafb_sample/swc/720575940626191108.swc	Kenyon_Cell
data/fafb_sample/swc/720575940631100175.swc	Kenyon_Cell
data/fafb_sample/swc/720575940622227381.swc	Kenyon_Cell
data/fafb_sample/swc/720575940613863330.swc	Kenyon_Cell
data/fafb_sample/swc/720575940645709335.swc	Kenyon_Cell
data/fafb_sample/swc/720575940605817522.swc	Kenyon_Cell
data/fafb_sample/swc/720575940617540838.swc	Kenyon_Cell
data/fafb_sample/swc/720575940616187649.swc	Kenyon_Cell
data/fafb_sample/swc/720575940625399077.swc	Kenyon_Cell
data/fafb_sample/swc/720575940630969555.swc	Kenyon_Cell
data/fafb_sample/swc/720575940621073117.swc	Kenyon_Cell
data/fafb_sample/swc/720575940638496896.swc	Kenyon_Cell
data/fafb_sample/swc/720575940618225566.swc	Kenyon_Cell
data/fafb_sample/swc/720575940612650792.swc	Kenyon_Cell
data/fafb_sample/swc/720575940637112390.swc	Kenyon_Cell
data/fafb_sample/swc/720575940606436128.swc	Kenyon_Cell
data/fafb_sample/swc/720575940614313890.swc	Kenyon_Cell
data/fafb_sample/swc/720575940610307374.swc	Kenyon_Cell
data/fafb_sample/swc/720575940610773714.swc	Kenyon_Cell
data/fafb_sample/swc/720575940624597788.swc	Kenyon_Cell
data/fafb_sample/swc/720575940629029370.swc	Kenyon_Cell
data/fafb_sample/swc/720575940618400459.swc	Kenyon_Cell
data/fafb_sample/swc/720575940605199305.swc	Kenyon_Cell
data/fafb_sample/swc/720575940622067113.swc	Kenyon_Cell
data/fafb_sample/swc/720575940612356904.swc	Kenyon_Cell
data/fafb_sample/swc/720575940622641132.swc	Kenyon_Cell
data/fafb_sample/swc/720575940608535747.swc	Kenyon_Cell
data/fafb_sample/swc/720575940616295069.swc	Kenyon_Cell
data/fafb_sample/swc/720575940611669145.swc	Kenyon_Cell
data/fafb_sample/swc/720575940633565154.swc	Kenyon_Cell
data/fafb_sample/swc/720575940619684299.swc	Kenyon_Cell
data/fafb_sample/swc/720575940631621689.swc	Kenyon_Cell
data/fafb_sample/swc/720575940636159198.swc	Kenyon_Cell
data/fafb_sample/swc/720575940638995005.swc	Kenyon_Cell
data/fafb_sample/swc/720575940639218165.swc	Kenyon_Cell
data/fafb_sample/swc/720575940633496290.swc	Kenyon_Cell
data/fafb_sample/swc/720575940613764364.swc	Kenyon_Cell
data/fafb_sample/swc/720575940632433828.swc	Kenyon_Cell
data/fafb_sample/swc/720575940636026089.swc	Kenyon_Cell
data/fafb_sample/swc/720575940611336726.swc	Kenyon_Cell
data/fafb_sample/swc/720575940625325630.swc	Kenyon_Cell
data/fafb_sample/swc/720575940620741485.swc	Kenyon_Cell
data/fafb_sample/swc/720575940625502608.swc	Kenyon_Cell
data/fafb_sample/swc/720575940624800188.swc	Kenyon_Cell
data/fafb_sample/swc/720575940629979897.swc	Kenyon_Cell
data/fafb_sample/swc/720575940625669660.swc	Kenyon_Cell
data/fafb_sample/swc/720575940621762330.swc	Kenyon_Cell
data/fafb_sample/swc/720575940626792209.swc	Kenyon_Cell
data/fafb_sample/swc/720575940632510048.swc	Kenyon_Cell
data/fafb_sample/swc/720575940628239671.swc	Kenyon_Cell
data/fafb_sample/swc/720575940620862273.swc	Kenyon_Cell
data/fafb_sample/swc/720575940623985189.swc	Kenyon_Cell
data/fafb_sample/swc/720575940611343218.swc	Kenyon_Cell
data/fafb_sample/swc/720575940617899403.swc	Kenyon_Cell
data/fafb_sample/swc/720575940645334126.swc	Kenyon_Cell
data/fafb_sample/swc/720575940613909555.swc	Kenyon_Cell
data/fafb_sample/swc/720575940632123439.swc	Kenyon_Cell
data/fafb_sample/swc/720575940649691513.swc	Kenyon_Cell
data/fafb_sample/swc/720575940640758157.swc	Kenyon_Cell
data/fafb_sample/swc/720575940630906029.swc	Kenyon_Cell
data/fafb_sample/swc/720575940627153668.swc	Kenyon_Cell
data/fafb_sample/swc/720575940632928173.swc	Kenyon_Cell
data/fafb_sample/swc/720575940614983274.swc	Kenyon_Cell
data/fafb_sample/swc/720575940611350234.swc	Kenyon_Cell
data/fafb_sample/swc/720575940653460385.swc	Kenyon_Cell
data/fafb_sample/swc/720575940628582915.swc	Kenyon_Cell
data/fafb_sample/swc/720575940627205386.swc	Kenyon_Cell
data/fafb_sample/swc/720575940628385546.swc	Kenyon_Cell
data/fafb_sample/swc/720575940622565887.swc	Kenyon_Cell
data/fafb_sample/swc/720575940644838766.swc	Kenyon_Cell
data/fafb_sample/swc/720575940623808693.swc	Kenyon_Cell
data/fafb_sample/swc/720575940621997921.swc	Kenyon_Cell
data/fafb_sample/swc/720575940619358257.swc	Kenyon_Cell
data/fafb_sample/swc/720575940621888169.swc	Kenyon_Cell
data/fafb_sample/swc/720575940626930947.swc	Kenyon_Cell
data/fafb_sample/swc/720575940618396399.swc	Kenyon_Cell
data/fafb_sample/swc/720575940620889153.swc	Kenyon_Cell
data/fafb_sample/swc/720575940631483949.swc	Kenyon_Cell
data/fafb_sample/swc/720575940637164260.swc	Kenyon_Cell
data/fafb_sample/swc/720575940618277681.swc	Kenyon_Cell
data/fafb_sample/swc/720575940608313301.swc	Kenyon_Cell
data/fafb_sample/swc/720575940614524127.swc	Kenyon_Cell
data/fafb_sample/swc/720575940626834762.swc	Kenyon_Cell
data/fafb_sample/swc/720575940617485083.swc	Kenyon_Cell
data/fafb_sample/swc/720575940617811540.swc	Kenyon_Cell
data/fafb_sample/swc/720575940609634571.swc	Kenyon_Cell
data/fafb_sample/swc/720575940620649084.swc	Kenyon_Cell
data/fafb_sample/swc/720575940614010419.swc	Kenyon_Cell
data/fafb_sample/swc/720575940639328640.swc	Kenyon_Cell
data/fafb_sample/swc/720575940630036332.swc	Kenyon_Cell
data/fafb_sample/swc/720575940633493660.swc	Kenyon_Cell
data/fafb_sample/swc/720575940623904181.swc	Kenyon_Cell
data/fafb_sample/swc/720575940631741613.swc	Kenyon_Cell
data/fafb_sample/swc/720575940610585011.swc	Kenyon_Cell
data/fafb_sample/swc/720575940624494996.swc	Kenyon_Cell
data/fafb_sample/swc/720575940627583217.swc	Kenyon_Cell
data/fafb_sample/swc/720575940624584579.swc	Kenyon_Cell
data/fafb_sample/swc/720575940605000550.swc	Kenyon_Cell
data/fafb_sample/swc/720575940612991730.swc	Kenyon_Cell
data/fafb_sample/swc/720575940618036509.swc	Kenyon_Cell
data/fafb_sample/swc/720575940621178206.swc	Kenyon_Cell
data/fafb_sample/swc/720575940624497959.swc	Kenyon_Cell
data/fafb_sample/swc/720575940631571247.swc	Kenyon_Cell
data/fafb_sample/swc/720575940625529477.swc	Kenyon_Cell
data/fafb_sample/swc/720575940611098517.swc	Kenyon_Cell
data/fafb_sample/swc/720575940610380498.swc	Kenyon_Cell
data/fafb_sample/swc/720575940612789219.swc	Kenyon_Cell
data/fafb_sample/swc/720575940622163197.swc	Kenyon_Cell
data/fafb_sample/swc/720575940659297153.swc	Kenyon_Cell
data/fafb_sample/swc/720575940616859259.swc	Kenyon_Cell
data/fafb_sample/swc/720575940639023011.swc	Kenyon_Cell
data/fafb_sample/swc/720575940638691200.swc	Kenyon_Cell
data/fafb_sample/swc/720575940649501817.swc	Kenyon_Cell
data/fafb_sample/swc/720575940631154380.swc	Kenyon_Cell
data/fafb_sample/swc/720575940653313953.swc	Kenyon_Cell
data/fafb_sample/swc/720575940636839280.swc	Kenyon_Cell
data/fafb_sample/swc/720575940629298885.swc	Kenyon_Cell
data/fafb_sample/swc/720575940623441387.swc	Kenyon_Cell
data/fafb_sample/swc/720575940612924054.swc	Kenyon_Cell
data/fafb_sample/swc/720575940632434340.swc	Kenyon_Cell
data/fafb_sample/swc/720575940627426837.swc	Kenyon_Cell
data/fafb_sample/swc/720575940613961403.swc	Kenyon_Cell
data/fafb_sample/swc/720575940620932684.swc	Kenyon_Cell
data/fafb_sample/swc/720575940617317305.swc	Kenyon_Cell
data/fafb_sample/swc/720575940634968939.swc	Kenyon_Cell
data/fafb_sample/swc/720575940638270080.swc	Kenyon_Cell
data/fafb_sample/swc/720575940621403844.swc	Kenyon_Cell
data/fafb_sample/swc/720575940629438202.swc	Kenyon_Cell
data/fafb_sample/swc/720575940615274838.swc	Kenyon_Cell
data/fafb_sample/swc/720575940621880541.swc	Kenyon_Cell
data/fafb_sample/swc/720575940615768693.swc	Kenyon_Cell
data/fafb_sample/swc/720575940622948872.swc	Kenyon_Cell
data/fafb_sample/swc/720575940622888205.swc	Kenyon_Cell
data/fafb_sample/swc/720575940621351876.swc	Kenyon_Cell
data/fafb_sample/swc/720575940619938998.swc	Kenyon_Cell
data/fafb_sample/swc/720575940615332674.swc	Kenyon_Cell
data/fafb_sample/swc/720575940623430365.swc	Kenyon_Cell
data/fafb_sample/swc/720575940639989120.swc	Kenyon_Cell
data/fafb_sample/swc/720575940615456985.swc	Kenyon_Cell
data/fafb_sample/swc/720575940619970586.swc	Kenyon_Cell
data/fafb_sample/swc/720575940633210475.swc	Kenyon_Cell
data/fafb_sample/swc/720575940622748868.swc	Kenyon_Cell
data/fafb_sample/swc/720575940629839863.swc	Kenyon_Cell
data/fafb_sample/swc/720575940616229410.swc	Kenyon_Cell
data/fafb_sample/swc/720575940630219055.swc	Kenyon_Cell
data/fafb_sample/swc/720575940644607854.swc	Kenyon_Cell
data/fafb_sample/swc/720575940637714264.swc	Kenyon_Cell
data/fafb_sample/swc/720575940629332606.swc	Kenyon_Cell
data/fafb_sample/swc/720575940628145667.swc	Kenyon_Cell
data/fafb_sample/swc/720575940629624702.swc	Kenyon_Cell
data/fafb_sample/swc/720575940626217341.swc	Kenyon_Cell
data/fafb_sample/swc/720575940634868472.swc	Kenyon_Cell
data/fafb_sample/swc/720575940623009549.swc	Kenyon_Cell
data/fafb_sample/swc/720575940631782447.swc	Kenyon_Cell
data/fafb_sample/swc/720575940632495052.swc	Kenyon_Cell
data/fafb_sample/swc/720575940627912464.swc	Kenyon_Cell
data/fafb_sample/swc/720575940624713660.swc	Kenyon_Cell
data/fafb_sample/swc/720575940611686629.swc	Kenyon_Cell
data/fafb_sample/swc/720575940625317139.swc	Kenyon_Cell
data/fafb_sample/swc/720575940650519542.swc	Kenyon_Cell
data/fafb_sample/swc/720575940611284174.swc	Kenyon_Cell
data/fafb_sample/swc/720575940647714425.swc	Kenyon_Cell
data/fafb_sample/swc/720575940621966827.swc	Kenyon_Cell
data/fafb_sample/swc/720575940628777948.swc	Kenyon_Cell
data/fafb_sample/swc/720575940624147976.swc	Kenyon_Cell
data/fafb_sample/swc/720575940620020257.swc	Kenyon_Cell
data/fafb_sample/swc/720575940621084771.swc	Kenyon_Cell
data/fafb_sample/swc/720575940636576436.swc	Kenyon_Cell
data/fafb_sample/swc/720575940621146294.swc	Kenyon_Cell
data/fafb_sample/swc/720575940626274822.swc	Kenyon_Cell
data/fafb_sample/swc/720575940619968647.swc	Kenyon_Cell
data/fafb_sample/swc/720575940627236874.swc	Kenyon_Cell
data/fafb_sample/swc/720575940629162693.swc	Kenyon_Cell
data/fafb_sample/swc/720575940603751782.swc	Kenyon_Cell
data/fafb_sample/swc/720575940608126386.swc	Kenyon_Cell
data/fafb_sample/swc/720575940638445894.swc	Kenyon_Cell
data/fafb_sample/swc/720575940623010253.swc	Kenyon_Cell
data/fafb_sample/swc/720575940620746662.swc	Kenyon_Cell
data/fafb_sample/swc/720575940625507888.swc	Kenyon_Cell
data/fafb_sample/swc/720575940613317738.swc	Kenyon_Cell
data/fafb_sample/swc/720575940618184839.swc	Kenyon_Cell
data/fafb_sample/swc/720575940618266491.swc	Kenyon_Cell
data/fafb_sample/swc/720575940629871146.swc	Kenyon_Cell
data/fafb_sample/swc/720575940614348394.swc	Kenyon_Cell
data/fafb_sample/swc/720575940615859385.swc	Kenyon_Cell
data/fafb_sample/swc/720575940643404744.swc	Kenyon_Cell
data/fafb_sample/swc/720575940621460645.swc	Kenyon_Cell
data/fafb_sample/swc/720575940631003410.swc	Kenyon_Cell
data/fafb_sample/swc/720575940623314765.swc	Kenyon_Cell
data/fafb_sample/swc/720575940616578646.swc	Kenyon_Cell
data/fafb_sample/swc/720575940622307096.swc	Kenyon_Cell
data/fafb_sample/swc/720575940633058897.swc	Kenyon_Cell
data/fafb_sample/swc/720575940627958466.swc	Kenyon_Cell
data/fafb_sample/swc/720575940620351838.swc	Kenyon_Cell
data/fafb_sample/swc/720575940622995080.swc	Kenyon_Cell
data/fafb_sample/swc/720575940627920071.swc	Kenyon_Cell
data/fafb_sample/swc/720575940627332100.swc	Kenyon_Cell
data/fafb_sample/swc/720575940623403773.swc	Kenyon_Cell
data/fafb_sample/swc/720575940621359142.swc	Kenyon_Cell
data/fafb_sample/swc/720575940635656670.swc	Kenyon_Cell
data/fafb_sample/swc/720575940634839743.swc	Kenyon_Cell
data/fafb_sample/swc/720575940612918930.swc	Kenyon_Cell
data/fafb_sample/swc/720575940637769088.swc	Kenyon_Cell
data/fafb_sample/swc/720575940621650116.swc	Kenyon_Cell
data/fafb_sample/swc/720575940606477660.swc	Kenyon_Cell
data/fafb_sample/swc/720575940628773113.swc	Kenyon_Cell
data/fafb_sample/swc/720575940619696660.swc	Kenyon_Cell
data/fafb_sample/swc/720575940631769145.swc	Kenyon_Cell
data/fafb_sample/swc/720575940628238586.swc	Kenyon_Cell
data/fafb_sample/swc/720575940605528422.swc	Kenyon_Cell
data/fafb_sample/swc/720575940622045865.swc	Kenyon_Cell
data/fafb_sample/swc/720575940630868013.swc	Kenyon_Cell
data/fafb_sample/swc/720575940627025039.swc	Kenyon_Cell
data/fafb_sample/swc/720575940632531231.swc	Kenyon_Cell
data/fafb_sample/swc/720575940625681171.swc	Kenyon_Cell
data/fafb_sample/swc/720575940627908624.swc	Kenyon_Cell
data/fafb_sample/swc/720575940628304578.swc	Kenyon_Cell
data/fafb_sample/swc/720575940614176927.swc	Kenyon_Cell
data/fafb_sample/swc/720575940620420129.swc	Kenyon_Cell
data/fafb_sample/swc/720575940631650274.swc	Kenyon_Cell
data/fafb_sample/swc/720575940628209212.swc	Kenyon_Cell
data/fafb_sample/swc/720575940611196110.swc	Kenyon_Cell
data/fafb_sample/swc/720575940620012321.swc	Kenyon_Cell
data/fafb_sample/swc/720575940633785369.swc	Kenyon_Cell
data/fafb_sample/swc/720575940626949909.swc	Kenyon_Cell
data/fafb_sample/swc/720575940621447704.swc	Kenyon_Cell
data/fafb_sample/swc/720575940620475630.swc	Kenyon_Cell
data/fafb_sample/swc/720575940626124743.swc	Kenyon_Cell
data/fafb_sample/swc/720575940628641847.swc	Kenyon_Cell
data/fafb_sample/swc/720575940628353244.swc	Kenyon_Cell
data/fafb_sample/swc/720575940629723690.swc	Kenyon_Cell
data/fafb_sample/swc/720575940633102361.swc	Kenyon_Cell
data/fafb_sample/swc/720575940617176413.swc	Kenyon_Cell
data/fafb_sample/swc/720575940632529439.swc	Kenyon_Cell
data/fafb_sample/swc/720575940627550214.swc	Kenyon_Cell
data/fafb_sample/swc/720575940632006481.swc	Kenyon_Cell
data/fafb_sample/swc/720575940614969055.swc	Kenyon_Cell
data/fafb_sample/swc/720575940621225910.swc	Kenyon_Cell
data/fafb_sample/swc/720575940649536377.swc	Kenyon_Cell
data/fafb_sample/swc/720575940631502509.swc	Kenyon_Cell
data/fafb_sample/swc/720575940636306789.swc	Kenyon_Cell
data/fafb_sample/swc/720575940626363791.swc	Kenyon_Cell
data/fafb_sample/swc/720575940633674521.swc	Kenyon_Cell
data/fafb_sample/swc/720575940634743903.swc	Kenyon_Cell
data/fafb_sample/swc/720575940611988008.swc	Kenyon_Cell
data/fafb_sample/swc/720575940631880217.swc	Kenyon_Cell
data/fafb_sample/swc/720575940613955039.swc	Kenyon_Cell
data/fafb_sample/swc/720575940619143590.swc	Kenyon_Cell
data/fafb_sample/swc/720575940612747158.swc	Kenyon_Cell
data/fafb_sample/swc/720575940626582842.swc	Kenyon_Cell
data/fafb_sample/swc/720575940615604363.swc	Kenyon_Cell
data/fafb_sample/swc/720575940621730687.swc	Kenyon_Cell
data/fafb_sample/swc/720575940611013785.swc	Kenyon_Cell
data/fafb_sample/swc/720575940628983963.swc	Kenyon_Cell
data/fafb_sample/swc/720575940610206387.swc	Kenyon_Cell
data/fafb_sample/swc/720575940627198085.swc	Kenyon_Cell
data/fafb_sample/swc/720575940656078241.swc	Kenyon_Cell
data/fafb_sample/swc/720575940646354211.swc	Kenyon_Cell
data/fafb_sample/swc/720575940622103974.swc	Kenyon_Cell
data/fafb_sample/swc/720575940626906142.swc	Kenyon_Cell
data/fafb_sample/swc/720575940604997152.swc	Kenyon_Cell
data/fafb_sample/swc/720575940623014328.swc	Kenyon_Cell
data/fafb_sample/swc/720575940622628104.swc	Kenyon_Cell
data/fafb_sample/swc/720575940631767353.swc	Kenyon_Cell
data/fafb_sample/swc/720575940623943316.swc	Kenyon_Cell
data/fafb_sample/swc/720575940627450385.swc	Kenyon_Cell
data/fafb_sample/swc/720575940620073606.swc	Kenyon_Cell
data/fafb_sample/swc/720575940637657189.swc	Kenyon_Cell
data/fafb_sample/swc/720575940632940442.swc	Kenyon_Cell
data/fafb_sample/swc/720575940608537027.swc	Kenyon_Cell
data/fafb_sample/swc/720575940614635666.swc	Kenyon_Cell
data/fafb_sample/swc/720575940620273344.swc	Kenyon_Cell
data/fafb_sample/swc/720575940626782218.swc	Kenyon_Cell
data/fafb_sample/swc/720575940621176670.swc	Kenyon_Cell
data/fafb_sample/swc/720575940626757209.swc	Kenyon_Cell
data/fafb_sample/swc/720575940631186861.swc	Kenyon_Cell
data/fafb_sample/swc/720575940612031411.swc	Kenyon_Cell
data/fafb_sample/swc/720575940630780755.swc	Kenyon_Cell
data/fafb_sample/swc/720575940630049337.swc	Kenyon_Cell
data/fafb_sample/swc/720575940609184210.swc	Kenyon_Cell
data/fafb_sample/swc/720575940620931750.swc	Kenyon_Cell
data/fafb_sample/swc/720575940614909579.swc	Kenyon_Cell
data/fafb_sample/swc/720575940627615400.swc	Kenyon_Cell
data/fafb_sample/swc/720575940639727067.swc	Kenyon_Cell
data/fafb_sample/swc/720575940621561226.swc	Kenyon_Cell
data/fafb_sample/swc/720575940637412841.swc	Kenyon_Cell
data/fafb_sample/swc/720575940625309882.swc	Kenyon_Cell
data/fafb_sample/swc/720575940628400940.swc	Kenyon_Cell
data/fafb_sample/swc/720575940622965944.swc	Kenyon_Cell
data/fafb_sample/swc/720575940632696877.swc	Kenyon_Cell
data/fafb_sample/swc/720575940620273023.swc	Kenyon_Cell
data/fafb_sample/swc/720575940616402260.swc	Kenyon_Cell
data/fafb_sample/swc/720575940645220718.swc	Kenyon_Cell
data/fafb_sample/swc/720575940609747780.swc	Kenyon_Cell
data/fafb_sample/swc/720575940635016048.swc	Kenyon_Cell
data/fafb_sample/swc/720575940622307051.swc	Kenyon_Cell
data/fafb_sample/swc/720575940615961684.swc	Kenyon_Cell
data/fafb_sample/swc/720575940625600048.swc	Kenyon_Cell
data/fafb_sample/swc/720575940633212779.swc	Kenyon_Cell
data/fafb_sample/swc/720575940625476964.swc	Kenyon_Cell
data/fafb_sample/swc/720575940630617681.swc	Kenyon_Cell
data/fafb_sample/swc/720575940610823010.swc	Kenyon_Cell
data/fafb_sample/swc/720575940626331978.swc	Kenyon_Cell
data/fafb_sample/swc/720575940619054027.swc	Kenyon_Cell
data/fafb_sample/swc/720575940613337640.swc	Kenyon_Cell
data/fafb_sample/swc/720575940623003917.swc	Kenyon_Cell
data/fafb_sample/swc/720575940637726180.swc	Kenyon_Cell
data/fafb_sample/swc/720575940631387463.swc	Kenyon_Cell
data/fafb_sample/swc/720575940623331475.swc	Kenyon_Cell
data/fafb_sample/swc/720575940643418391.swc	Kenyon_Cell
data/fafb_sample/swc/720575940609651554.swc	Kenyon_Cell
data/fafb_sample/swc/720575940611615986.swc	Kenyon_Cell
data/fafb_sample/swc/720575940627298639.swc	Kenyon_Cell
data/fafb_sample/swc/720575940617855133.swc	Kenyon_Cell
data/fafb_sample/swc/720575940620472046.swc	Kenyon_Cell
data/fafb_sample/swc/720575940632353499.swc	Kenyon_Cell
data/fafb_sample/swc/720575940626087780.swc	Kenyon_Cell
data/fafb_sample/swc/720575940630547916.swc	Kenyon_Cell
data/fafb_sample/swc/720575940612706706.swc	Kenyon_Cell
data/fafb_sample/swc/720575940615320076.swc	Kenyon_Cell
data/fafb_sample/swc/720575940619667041.swc	Kenyon_Cell
data/fafb_sample/swc/720575940629804544.swc	Kenyon_Cell
data/fafb_sample/swc/720575940628079872.swc	Kenyon_Cell
data/fafb_sample/swc/720575940623965513.swc	Kenyon_Cell
data/fafb_sample/swc/720575940643406615.swc	Kenyon_Cell
data/fafb_sample/swc/720575940622878477.swc	Kenyon_Cell
data/fafb_sample/swc/720575940604908972.swc	Kenyon_Cell
data/fafb_sample/swc/720575940624884920.swc	Kenyon_Cell
data/fafb_sample/swc/720575940630775891.swc	Kenyon_Cell
data/fafb_sample/swc/720575940641765773.swc	Kenyon_Cell
data/fafb_sample/swc/720575940606725131.swc	Kenyon_Cell
data/fafb_sample/swc/720575940620588653.swc	Kenyon_Cell
data/fafb_sample/swc/720575940629955446.swc	Kenyon_Cell
data/fafb_sample/swc/720575940613071587.swc	Kenyon_Cell
data/fafb_sample/swc/720575940659577217.swc	Kenyon_Cell
data/fafb_sample/swc/720575940628175363.swc	Kenyon_Cell
data/fafb_sample/swc/720575940618739621.swc	Kenyon_Cell
data/fafb_sample/swc/720575940622103275.swc	Kenyon_Cell
data/fafb_sample/swc/720575940622830856.swc	Kenyon_Cell
data/fafb_sample/swc/720575940620956173.swc	Kenyon_Cell
data/fafb_sample/swc/720575940627343108.swc	Kenyon_Cell
data/fafb_sample/swc/720575940632371040.swc	Kenyon_Cell
data/fafb_sample/swc/720575940620700769.swc	Kenyon_Cell
data/fafb_sample/swc/720575940615728102.swc	Kenyon_Cell
data/fafb_sample/swc/720575940637595507.swc	Kenyon_Cell
data/fafb_sample/swc/720575940628924887.swc	Kenyon_Cell
data/fafb_sample/swc/720575940620608238.swc	Kenyon_Cell
data/fafb_sample/swc/720575940622461149.swc	Kenyon_Cell
data/fafb_sample/swc/720575940622647501.swc	Kenyon_Cell
data/fafb_sample/swc/720575940625023869.swc	Kenyon_Cell
data/fafb_sample/swc/720575940608517385.swc	Kenyon_Cell
data/fafb_sample/swc/720575940627085578.swc	Kenyon_Cell
data/fafb_sample/swc/720575940619319512.swc	Kenyon_Cell
data/fafb_sample/swc/720575940611394019.swc	Kenyon_Cell
data/fafb_sample/swc/720575940616009729.swc	Kenyon_Cell
data/fafb_sample/swc/720575940626253318.swc	Kenyon_Cell
data/fafb_sample/swc/720575940624693287.swc	Kenyon_Cell
data/fafb_sample/swc/720575940604557792.swc	Kenyon_Cell
data/fafb_sample/swc/720575940613272799.swc	Kenyon_Cell
data/fafb_sample/swc/720575940634706789.swc	Kenyon_Cell
data/fafb_sample/swc/720575940624704551.swc	Kenyon_Cell
data/fafb_sample/swc/720575940624642492.swc	Kenyon_Cell
data/fafb_sample/swc/720575940611694565.swc	Kenyon_Cell
data/fafb_sample/swc/720575940632149039.swc	Kenyon_Cell
data/fafb_sample/swc/720575940622999944.swc	Kenyon_Cell
data/fafb_sample/swc/720575940629746626.swc	Kenyon_Cell
data/fafb_sample/swc/720575940632927405.swc	Kenyon_Cell
data/fafb_sample/swc/720575940626158692.swc	Kenyon_Cell
data/fafb_sample/swc/720575940620378657.swc	Kenyon_Cell
data/fafb_sample/swc/720575940609203268.swc	Kenyon_Cell
data/fafb_sample/swc/720575940617328477.swc	Kenyon_Cell
data/fafb_sample/swc/720575940613929670.swc	Kenyon_Cell
data/fafb_sample/swc/720575940622673703.swc	Kenyon_Cell
data/fafb_sample/swc/720575940645269614.swc	Kenyon_Cell
data/fafb_sample/swc/720575940634939546.swc	Kenyon_Cell
data/fafb_sample/swc/720575940630351903.swc	Kenyon_Cell
data/fafb_sample/swc/720575940632364717.swc	Kenyon_Cell
data/fafb_sample/swc/720575940625330494.swc	Kenyon_Cell
data/fafb_sample/swc/720575940611263090.swc	Kenyon_Cell
data/fafb_sample/swc/720575940621913897.swc	Kenyon_Cell
data/fafb_sample/swc/720575940628901246.swc	Kenyon_Cell
data/fafb_sample/swc/720575940622013564.swc	Kenyon_Cell
data/fafb_sample/swc/720575940624125114.swc	Kenyon_Cell
data/fafb_sample/swc/720575940630039547.swc	Kenyon_Cell
data/fafb_sample/swc/720575940639126325.swc	Kenyon_Cell
data/fafb_sample/swc/720575940621581802.swc	Kenyon_Cell
data/fafb_sample/swc/720575940635286958.swc	Kenyon_Cell
data/fafb_sample/swc/720575940625372293.swc	Kenyon_Cell
data/fafb_sample/swc/720575940626464901.swc	Kenyon_Cell
data/fafb_sample/swc/720575940619556437.swc	Kenyon_Cell
data/fafb_sample/swc/720575940617266833.swc	Kenyon_Cell
data/fafb_sample/swc/720575940614777247.swc	Kenyon_Cell
data/fafb_sample/swc/720575940628137478.swc	Kenyon_Cell
data/fafb_sample/swc/720575940608328713.swc	Kenyon_Cell
data/fafb_sample/swc/720575940623221161.swc	Kenyon_Cell
data/fafb_sample/swc/720575940637055797.swc	Kenyon_Cell
data/fafb_sample/swc/720575940632229788.swc	Kenyon_Cell
data/fafb_sample/swc/720575940612763542.swc	Kenyon_Cell
data/fafb_sample/swc/720575940626252273.swc	Kenyon_Cell
data/fafb_sample/swc/720575940633146007.swc	Kenyon_Cell
data/fafb_sample/swc/720575940620268123.swc	Kenyon_Cell
data/fafb_sample/swc/720575940631577569.swc	Kenyon_Cell
data/fafb_sample/swc/720575940621203376.swc	Kenyon_Cell
data/fafb_sample/swc/720575940626562665.swc	Kenyon_Cell
data/fafb_sample/swc/720575940610391854.swc	Kenyon_Cell
data/fafb_sample/swc/720575940618506155.swc	Kenyon_Cell
data/fafb_sample/swc/720575940622813418.swc	Kenyon_Cell
data/fafb_sample/swc/720575940629499330.swc	Kenyon_Cell
data/fafb_sample/swc/720575940613622312.swc	Kenyon_Cell
data/fafb_sample/swc/720575940638053609.swc	Kenyon_Cell
data/fafb_sample/swc/720575940615764422.swc	Kenyon_Cell
data/fafb_sample/swc/720575940619527845.swc	Kenyon_Cell
data/fafb_sample/swc/720575940637685476.swc	Kenyon_Cell
data/fafb_sample/swc/720575940609941653.swc	Kenyon_Cell
data/fafb_sample/swc/720575940636171383.swc	Kenyon_Cell
data/fafb_sample/swc/720575940637050933.swc	Kenyon_Cell
data/fafb_sample/swc/720575940626669957.swc	Kenyon_Cell
data/fafb_sample/swc/720575940630493292.swc	Kenyon_Cell
data/fafb_sample/swc/720575940621807300.swc	Kenyon_Cell
data/fafb_sample/swc/720575940621392901.swc	Kenyon_Cell
data/fafb_sample/swc/720575940606850434.swc	Kenyon_Cell
data/fafb_sample/swc/720575940620039589.swc	Kenyon_Cell
data/fafb_sample/swc/720575940629693239.swc	Kenyon_Cell
data/fafb_sample/swc/720575940617035521.swc	Kenyon_Cell
data/fafb_sample/swc/720575940627197739.swc	Kenyon_Cell
data/fafb_sample/swc/720575940631054540.swc	Kenyon_Cell
data/fafb_sample/swc/720575940639964032.swc	Kenyon_Cell
data/fafb_sample/swc/720575940620682934.swc	Kenyon_Cell
data/fafb_sample/swc/720575940621076429.swc	Kenyon_Cell
data/fafb_sample/swc/720575940626524691.swc	Kenyon_Cell
data/fafb_sample/swc/720575940621513165.swc	Kenyon_Cell
data/fafb_sample/swc/720575940602553568.swc	Kenyon_Cell
data/fafb_sample/swc/720575940624153608.swc	Kenyon_Cell
data/fafb_sample/swc/720575940634969701.swc	Kenyon_Cell
data/fafb_sample/swc/720575940605421670.swc	Kenyon_Cell
data/fafb_sample/swc/720575940614412946.swc	Kenyon_Cell
data/fafb_sample/swc/720575940623859127.swc	Kenyon_Cell
data/fafb_sample/swc/720575940623111679.swc	Kenyon_Cell
data/fafb_sample/swc/720575940629849196.swc	Kenyon_Cell
data/fafb_sample/swc/720575940613977041.swc	Kenyon_Cell
data/fafb_sample/swc/720575940632030412.swc	Kenyon_Cell
data/fafb_sample/swc/720575940624770574.swc	Kenyon_Cell
data/fafb_sample/swc/720575940639157968.swc	Kenyon_Cell
data/fafb_sample/swc/720575940627198799.swc	Kenyon_Cell
data/fafb_sample/swc/720575940615068383.swc	Kenyon_Cell
data/fafb_sample/swc/720575940635110286.swc	Kenyon_Cell
data/fafb_sample/swc/720575940628917980.swc	Kenyon_Cell
data/fafb_sample/swc/720575940638662352.swc	Kenyon_Cell
data/fafb_sample/swc/720575940637509173.swc	Kenyon_Cell
data/fafb_sample/swc/720575940618210251.swc	Kenyon_Cell
data/fafb_sample/swc/720575940614131131.swc	Kenyon_Cell
data/fafb_sample/swc/720575940619597761.swc	Kenyon_Cell
data/fafb_sample/swc/720575940621948810.swc	Kenyon_Cell
data/fafb_sample/swc/720575940614967007.swc	Kenyon_Cell
data/fafb_sample/swc/720575940623981385.swc	Kenyon_Cell
data/fafb_sample/swc/720575940618376327.swc	Kenyon_Cell
data/fafb_sample/swc/720575940608524483.swc	Kenyon_Cell
data/fafb_sample/swc/720575940618894528.swc	Kenyon_Cell
data/fafb_sample/swc/720575940611471090.swc	Kenyon_Cell
data/fafb_sample/swc/720575940614714518.swc	Kenyon_Cell
data/fafb_sample/swc/720575940620124028.swc	Kenyon_Cell
data/fafb_sample/swc/720575940619434887.swc	Kenyon_Cell
data/fafb_sample/swc/720575940624638396.swc	Kenyon_Cell
data/fafb_sample/swc/720575940634849375.swc	Kenyon_Cell
data/fafb_sample/swc/720575940617820929.swc	Kenyon_Cell
data/fafb_sample/swc/720575940611943976.swc	Kenyon_Cell
data/fafb_sample/swc/720575940637949161.swc	Kenyon_Cell
data/fafb_sample/swc/720575940639096125.swc	Kenyon_Cell
data/fafb_sample/swc/720575940617374262.swc	Kenyon_Cell
data/fafb_sample/swc/720575940626251778.swc	Kenyon_Cell
data/fafb_sample/swc/720575940628107249.swc	Kenyon_Cell
data/fafb_sample/swc/720575940612770418.swc	Kenyon_Cell
data/fafb_sample/swc/720575940613386050.swc	Kenyon_Cell
data/fafb_sample/swc/720575940626874097.swc	Kenyon_Cell
data/fafb_sample/swc/720575940644479267.swc	Kenyon_Cell
data/fafb_sample/swc/720575940628312049.swc	Kenyon_Cell
data/fafb_sample/swc/720575940629489103.swc	Kenyon_Cell
data/fafb_sample/swc/720575940616350011.swc	Kenyon_Cell
data/fafb_sample/swc/720575940631756136.swc	Kenyon_Cell
data/fafb_sample/swc/720575940628557527.swc	Kenyon_Cell
data/fafb_sample/swc/720575940610906521.swc	Kenyon_Cell
data/fafb_sample/swc/720575940625329726.swc	Kenyon_Cell
data/fafb_sample/swc/720575940642010056.swc	Kenyon_Cell
data/fafb_sample/swc/720575940623443859.swc	Kenyon_Cell
data/fafb_sample/swc/720575940623032781.swc	Kenyon_Cell
data/fafb_sample/swc/720575940614522043.swc	Kenyon_Cell
data/fafb_sample/swc/720575940610101210.swc	Kenyon_Cell
data/fafb_sample/swc/720575940633551028.swc	Kenyon_Cell
data/fafb_sample/swc/720575940636069751.swc	Kenyon_Cell
data/fafb_sample/swc/720575940623321226.swc	Kenyon_Cell
data/fafb_sample/swc/720575940624276784.swc	Kenyon_Cell
data/fafb_sample/swc/720575940606864341.swc	Kenyon_Cell
data/fafb_sample/swc/720575940622861971.swc	Kenyon_Cell
data/fafb_sample/swc/720575940628806876.swc	Kenyon_Cell
data/fafb_sample/swc/720575940615577542.swc	Kenyon_Cell
data/fafb_sample/swc/720575940633572250.swc	Kenyon_Cell
data/fafb_sample/swc/720575940614033932.swc	Kenyon_Cell
data/fafb_sample/swc/720575940620058350.swc	Kenyon_Cell
data/fafb_sample/swc/720575940626953732.swc	Kenyon_Cell
data/fafb_sample/swc/720575940618266747.swc	Kenyon_Cell
data/fafb_sample/swc/720575940626423171.swc	Kenyon_Cell
data/fafb_sample/swc/720575940624006477.swc	Kenyon_Cell
data/fafb_sample/swc/720575940629951292.swc	Kenyon_Cell
data/fafb_sample/swc/720575940620058236.swc	Kenyon_Cell
data/fafb_sample/swc/720575940629632894.swc	Kenyon_Cell
data/fafb_sample/swc/720575940622838797.swc	Kenyon_Cell
data/fafb_sample/swc/720575940643380759.swc	Kenyon_Cell
data/fafb_sample/swc/720575940614240766.swc	Kenyon_Cell
data/fafb_sample/swc/720575940611696042.swc	Kenyon_Cell
data/fafb_sample/swc/720575940617771421.swc	Kenyon_Cell
data/fafb_sample/swc/720575940621786602.swc	Kenyon_Cell
data/fafb_sample/swc/720575940621957267.swc	Kenyon_Cell
data/fafb_sample/swc/720575940623218666.swc	Kenyon_Cell
data/fafb_sample/swc/720575940637335518.swc	Kenyon_Cell
data/fafb_sample/swc/720575940615243020.swc	Kenyon_Cell
data/fafb_sample/swc/720575940615113867.swc	Kenyon_Cell
data/fafb_sample/swc/720575940628363642.swc	Kenyon_Cell
data/fafb_sample/swc/720575940626244348.swc	Kenyon_Cell
data/fafb_sample/swc/720575940627936784.swc	Kenyon_Cell
data/fafb_sample/swc/720575940632135249.swc	Kenyon_Cell
data/fafb_sample/swc/720575940622023262.swc	Kenyon_Cell
data/fafb_sample/swc/720575940617174365.swc	Kenyon_Cell
data/fafb_sample/swc/720575940620429317.swc	Kenyon_Cell
data/fafb_sample/swc/720575940625175845.swc	Kenyon_Cell
data/fafb_sample/swc/720575940629318394.swc	Kenyon_Cell
data/fafb_sample/swc/720575940616306210.swc	Kenyon_Cell
data/fafb_sample/swc/720575940632019247.swc	Kenyon_Cell
data/fafb_sample/swc/720575940636230746.swc	Kenyon_Cell
data/fafb_sample/swc/720575940634954164.swc	Kenyon_Cell
data/fafb_sample/swc/720575940632357984.swc	Kenyon_Cell
data/fafb_sample/swc/720575940619743680.swc	Kenyon_Cell
data/fafb_sample/swc/720575940639726555.swc	Kenyon_Cell
data/fafb_sample/swc/720575940628254263.swc	Kenyon_Cell
data/fafb_sample/swc/720575940644472100.swc	Kenyon_Cell
data/fafb_sample/swc/720575940616649433.swc	Kenyon_Cell
data/fafb_sample/swc/720575940610833250.swc	Kenyon_Cell
data/fafb_sample/swc/720575940608535819.swc	Kenyon_Cell
data/fafb_sample/swc/720575940626194716.swc	Kenyon_Cell
data/fafb_sample/swc/720575940605083838.swc	Kenyon_Cell
data/fafb_sample/swc/720575940632582807.swc	Kenyon_Cell
data/fafb_sample/swc/720575940623225284.swc	Kenyon_Cell
data/fafb_sample/swc/720575940614534367.swc	Kenyon_Cell
data/fafb_sample/swc/720575940622993800.swc	Kenyon_Cell
data/fafb_sample/swc/720575940616677661.swc	Kenyon_Cell
data/fafb_sample/swc/720575940625405744.swc	Kenyon_Cell
data/fafb_sample/swc/720575940645277294.swc	Kenyon_Cell
data/fafb_sample/swc/720575940628055558.swc	Kenyon_Cell
data/fafb_sample/swc/720575940623252164.swc	Kenyon_Cell
data/fafb_sample/swc/720575940615323990.swc	Kenyon_Cell
data/fafb_sample/swc/720575940622906867.swc	Kenyon_Cell
data/fafb_sample/swc/720575940606954507.swc	Kenyon_Cell
data/fafb_sample/swc/720575940610476506.swc	Kenyon_Cell
data/fafb_sample/swc/720575940634342007.swc	Kenyon_Cell
data/fafb_sample/swc/720575940628724284.swc	Kenyon_Cell
data/fafb_sample/swc/720575940632930458.swc	Kenyon_Cell
data/fafb_sample/swc/720575940610990821.swc	Kenyon_Cell
data/fafb_sample/swc/720575940615346363.swc	Kenyon_Cell
data/fafb_sample/swc/720575940628695414.swc	Kenyon_Cell
data/fafb_sample/swc/720575940628309186.swc	Kenyon_Cell
data/fafb_sample/swc/720575940620551901.swc	Kenyon_Cell
data/fafb_sample/swc/720575940629971191.swc	Kenyon_Cell
data/fafb_sample/swc/720575940621051468.swc	Kenyon_Cell
data/fafb_sample/swc/720575940634244788.swc	Kenyon_Cell
data/fafb_sample/swc/720575940631387719.swc	Kenyon_Cell
data/fafb_sample/swc/720575940629638211.swc	Kenyon_Cell
data/fafb_sample/swc/720575940627045642.swc	Kenyon_Cell
data/fafb_sample/swc/720575940618876062.swc	Kenyon_Cell
data/fafb_sample/swc/720575940632077127.swc	Kenyon_Cell
data/fafb_sample/swc/720575940627045636.swc	Kenyon_Cell
data/fafb_sample/swc/720575940621878021.swc	Kenyon_Cell
data/fafb_sample/swc/720575940632377375.swc	Kenyon_Cell
data/fafb_sample/swc/720575940617677784.swc	Kenyon_Cell
data/fafb_sample/swc/720575940612337203.swc	Kenyon_Cell
data/fafb_sample/swc/720575940633207962.swc	Kenyon_Cell
data/fafb_sample/swc/720575940652211958.swc	Kenyon_Cell
data/fafb_sample/swc/720575940614842741.swc	Kenyon_Cell
data/fafb_sample/swc/720575940613478422.swc	Kenyon_Cell
data/fafb_sample/swc/720575940618306718.swc	Kenyon_Cell
data/fafb_sample/swc/720575940645139508.swc	Kenyon_Cell
data/fafb_sample/swc/720575940612435198.swc	Kenyon_Cell
data/fafb_sample/swc/720575940628975482.swc	Kenyon_Cell
data/fafb_sample/swc/720575940628291407.swc	Kenyon_Cell
data/fafb_sample/swc/720575940631399978.swc	Kenyon_Cell
data/fafb_sample/swc/720575940625942590.swc	Kenyon_Cell
data/fafb_sample/swc/720575940626916126.swc	Kenyon_Cell
data/fafb_sample/swc/720575940627584262.swc	Kenyon_Cell
data/fafb_sample/swc/720575940624250160.swc	Kenyon_Cell
data/fafb_sample/swc/720575940628404188.swc	Kenyon_Cell
data/fafb_sample/swc/720575940608772821.swc	Kenyon_Cell
data/fafb_sample/swc/720575940646682932.swc	Kenyon_Cell
data/fafb_sample/swc/720575940615907997.swc	Kenyon_Cell
data/fafb_sample/swc/720575940632335129.swc	Kenyon_Cell
data/fafb_sample/swc/720575940631019468.swc	Kenyon_Cell
data/fafb_sample/swc/720575940614899851.swc	Kenyon_Cell
data/fafb_sample/swc/720575940635012238.swc	Kenyon_Cell
data/fafb_sample/swc/720575940605290441.swc	Kenyon_Cell
data/fafb_sample/swc/720575940620413355.swc	Kenyon_Cell
data/fafb_sample/swc/720575940644609134.swc	Kenyon_Cell
data/fafb_sample/swc/720575940613501855.swc	Kenyon_Cell
data/fafb_sample/swc/720575940628072721.swc	Kenyon_Cell
data/fafb_sample/swc/720575940617795073.swc	Kenyon_Cell
data/fafb_sample/swc/720575940640634787.swc	Kenyon_Cell
data/fafb_sample/swc/720575940629509829.swc	Kenyon_Cell
data/fafb_sample/swc/720575940620905174.swc	Kenyon_Cell
data/fafb_sample/swc/720575940616790713.swc	Kenyon_Cell
data/fafb_sample/swc/720575940627372284.swc	Kenyon_Cell
data/fafb_sample/swc/720575940625343640.swc	Kenyon_Cell
data/fafb_sample/swc/720575940611045700.swc	Kenyon_Cell
data/fafb_sample/swc/720575940622005025.swc	Kenyon_Cell
data/fafb_sample/swc/720575940623111463.swc	Kenyon_Cell
data/fafb_sample/swc/720575940625461534.swc	Kenyon_Cell
data/fafb_sample/swc/720575940633231827.swc	Kenyon_Cell
data/fafb_sample/swc/720575940626227202.swc	Kenyon_Cell
data/fafb_sample/swc/720575940627575464.swc	Kenyon_Cell
data/fafb_sample/swc/720575940611669674.swc	Kenyon_Cell
data/fafb_sample/swc/720575940617834560.swc	Kenyon_Cell
data/fafb_sample/swc/720575940623438571.swc	Kenyon_Cell
data/fafb_sample/swc/720575940620154206.swc	Kenyon_Cell
data/fafb_sample/swc/720575940618548975.swc	Kenyon_Cell
data/fafb_sample/swc/720575940611059609.swc	Kenyon_Cell
data/fafb_sample/swc/720575940628219692.swc	Kenyon_Cell
data/fafb_sample/swc/720575940604318129.swc	Kenyon_Cell
data/fafb_sample/swc/720575940621576063.swc	Kenyon_Cell
data/fafb_sample/swc/720575940623689148.swc	Kenyon_Cell
data/fafb_sample/swc/720575940619271384.swc	Kenyon_Cell
data/fafb_sample/swc/720575940629270060.swc	Kenyon_Cell
data/fafb_sample/swc/720575940610951577.swc	Kenyon_Cell
data/fafb_sample/swc/720575940623036903.swc	Kenyon_Cell
data/fafb_sample/swc/720575940629765451.swc	Kenyon_Cell
data/fafb_sample/swc/720575940626364956.swc	Kenyon_Cell
data/fafb_sample/swc/720575940624144107.swc	Kenyon_Cell
data/fafb_sample/swc/720575940637333214.swc	Kenyon_Cell
data/fafb_sample/swc/720575940614008785.swc	Kenyon_Cell
data/fafb_sample/swc/720575940629020794.swc	Kenyon_Cell
data/fafb_sample/swc/720575940629471610.swc	Kenyon_Cell
data/fafb_sample/swc/720575940616902374.swc	Kenyon_Cell
data/fafb_sample/swc/720575940619197899.swc	Kenyon_Cell
data/fafb_sample/swc/720575940631216682.swc	Kenyon_Cell
data/fafb_sample/swc/720575940606783362.swc	Kenyon_Cell
data/fafb_sample/swc/720575940622228812.swc	Kenyon_Cell
data/fafb_sample/swc/720575940613741864.swc	Kenyon_Cell
data/fafb_sample/swc/720575940619770228.swc	Kenyon_Cell
data/fafb_sample/swc/720575940629201423.swc	Kenyon_Cell
data/fafb_sample/swc/720575940612740886.swc	Kenyon_Cell
data/fafb_sample/swc/720575940618779118.swc	Kenyon_Cell
data/fafb_sample/swc/720575940627075407.swc	Kenyon_Cell
data/fafb_sample/swc/720575940630961464.swc	Kenyon_Cell
data/fafb_sample/swc/720575940618926319.swc	Kenyon_Cell
data/fafb_sample/swc/720575940625871741.swc	Kenyon_Cell
data/fafb_sample/swc/720575940620436395.swc	Kenyon_Cell
data/fafb_sample/swc/720575940628732471.swc	Kenyon_Cell
data/fafb_sample/swc/720575940638936629.swc	Kenyon_Cell
data/fafb_sample/swc/720575940631943649.swc	Kenyon_Cell
data/fafb_sample/swc/720575940618994880.swc	Kenyon_Cell
data/fafb_sample/swc/720575940624114494.swc	Kenyon_Cell
data/fafb_sample/swc/720575940633808665.swc	Kenyon_Cell
data/fafb_sample/swc/720575940633186771.swc	Kenyon_Cell
data/fafb_sample/swc/720575940634141024.swc	Kenyon_Cell
data/fafb_sample/swc/720575940609676100.swc	Kenyon_Cell
data/fafb_sample/swc/720575940634992735.swc	Kenyon_Cell
data/fafb_sample/swc/720575940606621362.swc	Kenyon_Cell
data/fafb_sample/swc/720575940620682662.swc	Kenyon_Cell
data/fafb_sample/swc/720575940603747616.swc	Kenyon_Cell
data/fafb_sample/swc/720575940631562031.swc	Kenyon_Cell
data/fafb_sample/swc/720575940618873723.swc	Kenyon_Cell
data/fafb_sample/swc/720575940627069203.swc	Kenyon_Cell
data/fafb_sample/swc/720575940629917482.swc	Kenyon_Cell
data/fafb_sample/swc/720575940618790966.swc	Kenyon_Cell
data/fafb_sample/swc/720575940635900773.swc	Kenyon_Cell
data/fafb_sample/swc/720575940625910354.swc	Kenyon_Cell
data/fafb_sample/swc/720575940614768278.swc	Kenyon_Cell
data/fafb_sample/swc/720575940630868525.swc	Kenyon_Cell
data/fafb_sample/swc/720575940615543995.swc	Kenyon_Cell
data/fafb_sample/swc/720575940624489620.swc	Kenyon_Cell
data/fafb_sample/swc/720575940610856874.swc	Kenyon_Cell
data/fafb_sample/swc/720575940621944583.swc	Kenyon_Cell
data/fafb_sample/swc/720575940635489272.swc	Kenyon_Cell
data/fafb_sample/swc/720575940620623725.swc	Kenyon_Cell
data/fafb_sample/swc/720575940623170055.swc	Kenyon_Cell
data/fafb_sample/swc/720575940619031572.swc	Kenyon_Cell
data/fafb_sample/swc/720575940621121206.swc	Kenyon_Cell
data/fafb_sample/swc/720575940617034753.swc	Kenyon_Cell
data/fafb_sample/swc/720575940620464204.swc	Kenyon_Cell
data/fafb_sample/swc/720575940630250543.swc	Kenyon_Cell
data/fafb_sample/swc/720575940631262125.swc	Kenyon_Cell
data/fafb_sample/swc/720575940628920987.swc	Kenyon_Cell
data/fafb_sample/swc/720575940616426869.swc	Kenyon_Cell
data/fafb_sample/swc/720575940603045804.swc	Kenyon_Cell
data/fafb_sample/swc/720575940618075733.swc	Kenyon_Cell
data/fafb_sample/swc/720575940613773890.swc	Kenyon_Cell
data/fafb_sample/swc/720575940635614942.swc	Kenyon_Cell
data/fafb_sample/swc/720575940620467836.swc	Kenyon_Cell
data/fafb_sample/swc/720575940620684156.swc	Kenyon_Cell
data/fafb_sample/swc/720575940614792086.swc	Kenyon_Cell
data/fafb_sample/swc/720575940633155226.swc	Kenyon_Cell
data/fafb_sample/swc/720575940621183768.swc	Kenyon_Cell
data/fafb_sample/swc/720575940628376080.swc	Kenyon_Cell
data/fafb_sample/swc/720575940620684014.swc	Kenyon_Cell
data/fafb_sample/swc/720575940616878238.swc	Kenyon_Cell
data/fafb_sample/swc/720575940632210145.swc	Kenyon_Cell
data/fafb_sample/swc/720575940635753071.swc	Kenyon_Cell
data/fafb_sample/swc/720575940611686809.swc	Kenyon_Cell
data/fafb_sample/swc/720575940605541920.swc	Kenyon_Cell
data/fafb_sample/swc/720575940636513882.swc	Kenyon_Cell
data/fafb_sample/swc/720575940619060321.swc	Kenyon_Cell
data/fafb_sample/swc/720575940621174960.swc	Kenyon_Cell
data/fafb_sample/swc/720575940622926472.swc	Kenyon_Cell
data/fafb_sample/swc/720575940619649109.swc	Kenyon_Cell
data/fafb_sample/swc/720575940636676976.swc	Kenyon_Cell
data/fafb_sample/swc/720575940617372957.swc	Kenyon_Cell
data/fafb_sample/swc/720575940606399068.swc	Kenyon_Cell
data/fafb_sample/swc/720575940649682809.swc	Kenyon_Cell
data/fafb_sample/swc/720575940627292218.swc	Kenyon_Cell
data/fafb_sample/swc/720575940634463083.swc	Kenyon_Cell
data/fafb_sample/swc/720575940603642982.swc	Kenyon_Cell
data/fafb_sample/swc/720575940629717034.swc	Kenyon_Cell
data/fafb_sample/swc/720575940617924432.swc	Kenyon_Cell
data/fafb_sample/swc/720575940646697780.swc	Kenyon_Cell
data/fafb_sample/swc/720575940633300927.swc	Kenyon_Cell
data/fafb_sample/swc/720575940638446936.swc	Kenyon_Cell
data/fafb_sample/swc/720575940634464869.swc	Kenyon_Cell
data/fafb_sample/swc/720575940624060208.swc	Kenyon_Cell
data/fafb_sample/swc/720575940615196063.swc	Kenyon_Cell
data/fafb_sample/swc/720575940645303918.swc	Kenyon_Cell
data/fafb_sample/swc/720575940611111829.swc	Kenyon_Cell
data/fafb_sample/swc/720575940646783284.swc	Kenyon_Cell
data/fafb_sample/swc/720575940626547817.swc	Kenyon_Cell
data/fafb_sample/swc/720575940607146162.swc	Kenyon_Cell
data/fafb_sample/swc/720575940627048522.swc	Kenyon_Cell
data/fafb_sample/swc/720575940623503111.swc	Kenyon_Cell
data/fafb_sample/swc/720575940630452495.swc	Kenyon_Cell
data/fafb_sample/swc/720575940630067255.swc	Kenyon_Cell
data/fafb_sample/swc/720575940621017840.swc	Kenyon_Cell
data/fafb_sample/swc/720575940610505426.swc	Kenyon_Cell
data/fafb_sample/swc/720575940625766984.swc	Kenyon_Cell
data/fafb_sample/swc/720575940614825622.swc	Kenyon_Cell
data/fafb_sample/swc/720575940652784289.swc	Kenyon_Cell
data/fafb_sample/swc/720575940620226470.swc	Kenyon_Cell
data/fafb_sample/swc/720575940631694137.swc	Kenyon_Cell
data/fafb_sample/swc/720575940621594723.swc	Kenyon_Cell
data/fafb_sample/swc/720575940620354849.swc	Kenyon_Cell
data/fafb_sample/swc/720575940609006712.swc	Kenyon_Cell
data/fafb_sample/swc/720575940621022836.swc	Kenyon_Cell
data/fafb_sample/swc/720575940631056971.swc	Kenyon_Cell
data/fafb_sample/swc/720575940617456798.swc	Kenyon_Cell
data/fafb_sample/swc/720575940630419983.swc	Kenyon_Cell
data/fafb_sample/swc/720575940619298865.swc	Kenyon_Cell
data/fafb_sample/swc/720575940611001061.swc	Kenyon_Cell
data/fafb_sample/swc/720575940628300529.swc	Kenyon_Cell
data/fafb_sample/swc/720575940630488827.swc	Kenyon_Cell
data/fafb_sample/swc/720575940616910310.swc	Kenyon_Cell
data/fafb_sample/swc/720575940628080902.swc	Kenyon_Cell
data/fafb_sample/swc/720575940615448793.swc	Kenyon_Cell
data/fafb_sample/swc/720575940639483125.swc	Kenyon_Cell
data/fafb_sample/swc/720575940636553390.swc	Kenyon_Cell
data/fafb_sample/swc/720575940638053865.swc	Kenyon_Cell
data/fafb_sample/swc/720575940613532831.swc	Kenyon_Cell
data/fafb_sample/swc/720575940624428019.swc	Kenyon_Cell
data/fafb_sample/swc/720575940634849460.swc	Kenyon_Cell
data/fafb_sample/swc/720575940621924103.swc	Kenyon_Cell
data/fafb_sample/swc/720575940619898759.swc	Kenyon_Cell
data/fafb_sample/swc/720575940620823617.swc	Kenyon_Cell
data/fafb_sample/swc/720575940626526218.swc	Kenyon_Cell
data/fafb_sample/swc/720575940615904145.swc	Kenyon_Cell
data/fafb_sample/swc/720575940620272832.swc	Kenyon_Cell
data/fafb_sample/swc/720575940612737233.swc	Kenyon_Cell
data/fafb_sample/swc/720575940634989560.swc	Kenyon_Cell
data/fafb_sample/swc/720575940624729528.swc	Kenyon_Cell
data/fafb_sample/swc/720575940619311286.swc	Kenyon_Cell
data/fafb_sample/swc/720575940614308146.swc	Kenyon_Cell
data/fafb_sample/swc/720575940629978666.swc	Kenyon_Cell
data/fafb_sample/swc/720575940604806345.swc	Kenyon_Cell
data/fafb_sample/swc/720575940622549759.swc	Kenyon_Cell
data/fafb_sample/swc/720575940645714211.swc	Kenyon_Cell
data/fafb_sample/swc/720575940624711655.swc	Kenyon_Cell
data/fafb_sample/swc/720575940604999526.swc	Kenyon_Cell
data/fafb_sample/swc/720575940619985140.swc	Kenyon_Cell
data/fafb_sample/swc/720575940631498819.swc	Kenyon_Cell
data/fafb_sample/swc/720575940623413898.swc	Kenyon_Cell
data/fafb_sample/swc/720575940654752417.swc	Kenyon_Cell
data/fafb_sample/swc/720575940625504868.swc	Kenyon_Cell
data/fafb_sample/swc/720575940639686488.swc	Kenyon_Cell
data/fafb_sample/swc/720575940621947486.swc	Kenyon_Cell
data/fafb_sample/swc/720575940622979475.swc	Kenyon_Cell
data/fafb_sample/swc/720575940612590754.swc	Kenyon_Cell
data/fafb_sample/swc/720575940630332753.swc	Kenyon_Cell
data/fafb_sample/swc/720575940619813637.swc	Kenyon_Cell
data/fafb_sample/swc/720575940624264718.swc	Kenyon_Cell
data/fafb_sample/swc/720575940607828233.swc	Kenyon_Cell
data/fafb_sample/swc/720575940630180935.swc	Kenyon_Cell
data/fafb_sample/swc/720575940618185296.swc	Kenyon_Cell
data/fafb_sample/swc/720575940630878253.swc	Kenyon_Cell
data/fafb_sample/swc/720575940612690338.swc	Kenyon_Cell
data/fafb_sample/swc/720575940646604932.swc	Kenyon_Cell
data/fafb_sample/swc/720575940620936925.swc	Kenyon_Cell
data/fafb_sample/swc/720575940634362999.swc	Kenyon_Cell
data/fafb_sample/swc/720575940619949040.swc	Kenyon_Cell
data/fafb_sample/swc/720575940625981028.swc	Kenyon_Cell
data/fafb_sample/swc/720575940630652663.swc	Kenyon_Cell
data/fafb_sample/swc/720575940607168523.swc	Kenyon_Cell
data/fafb_sample/swc/720575940621250486.swc	Kenyon_Cell
data/fafb_sample/swc/720575940632338145.swc	Kenyon_Cell
data/fafb_sample/swc/720575940621529215.swc	Kenyon_Cell
data/fafb_sample/swc/720575940629294636.swc	Kenyon_Cell
data/fafb_sample/swc/720575940625428093.swc	Kenyon_Cell
data/fafb_sample/swc/720575940634000495.swc	Kenyon_Cell
data/fafb_sample/swc/720575940626919409.swc	Kenyon_Cell
data/fafb_sample/swc/720575940621382852.swc	Kenyon_Cell
data/fafb_sample/swc/720575940614869387.swc	Kenyon_Cell
data/fafb_sample/swc/720575940625748510.swc	Kenyon_Cell
data/fafb_sample/swc/720575940621919428.swc	Kenyon_Cell
data/fafb_sample/swc/720575940618337300.swc	Kenyon_Cell
data/fafb_sample/swc/720575940621728844.swc	Kenyon_Cell
data/fafb_sample/swc/720575940607763467.swc	Kenyon_Cell
data/fafb_sample/swc/720575940604466912.swc	Kenyon_Cell
data/fafb_sample/swc/720575940619353766.swc	Kenyon_Cell
data/fafb_sample/swc/720575940636224142.swc	Kenyon_Cell
data/fafb_sample/swc/720575940620659489.swc	Kenyon_Cell
data/fafb_sample/swc/720575940614313996.swc	Kenyon_Cell
data/fafb_sample/swc/720575940631201079.swc	Kenyon_Cell
data/fafb_sample/swc/720575940616711254.swc	Kenyon_Cell
data/fafb_sample/swc/720575940628714358.swc	Kenyon_Cell
data/fafb_sample/swc/720575940628121287.swc	Kenyon_Cell
data/fafb_sample/swc/720575940629406012.swc	Kenyon_Cell
data/fafb_sample/swc/720575940621791356.swc	Kenyon_Cell
data/fafb_sample/swc/720575940617514726.swc	Kenyon_Cell
data/fafb_sample/swc/720575940617856340.swc	Kenyon_Cell
data/fafb_sample/swc/720575940628304113.swc	Kenyon_Cell
data/fafb_sample/swc/720575940630222895.swc	Kenyon_Cell
data/fafb_sample/swc/720575940622894349.swc	Kenyon_Cell
data/fafb_sample/swc/720575940615090444.swc	Kenyon_Cell
data/fafb_sample/swc/720575940621413158.swc	Kenyon_Cell
data/fafb_sample/swc/720575940627210373.swc	Kenyon_Cell
data/fafb_sample/swc/720575940637946968.swc	Kenyon_Cell
data/fafb_sample/swc/720575940608184156.swc	Kenyon_Cell
data/fafb_sample/swc/720575940634377327.swc	Kenyon_Cell
data/fafb_sample/swc/720575940629261159.swc	Kenyon_Cell
data/fafb_sample/swc/720575940636353934.swc	Kenyon_Cell
data/fafb_sample/swc/720575940624024555.swc	Kenyon_Cell
data/fafb_sample/swc/720575940606967730.swc	Kenyon_Cell
data/fafb_sample/swc/720575940634442091.swc	Kenyon_Cell
data/fafb_sample/swc/720575940632203823.swc	Kenyon_Cell
data/fafb_sample/swc/720575940623289831.swc	Kenyon_Cell
data/fafb_sample/swc/720575940626313546.swc	Kenyon_Cell
data/fafb_sample/swc/720575940625683740.swc	Kenyon_Cell
data/fafb_sample/swc/720575940617438865.swc	Kenyon_Cell
data/fafb_sample/swc/720575940615931293.swc	Kenyon_Cell
data/fafb_sample/swc/720575940625312186.swc	Kenyon_Cell
data/fafb_sample/swc/720575940634236015.swc	Kenyon_Cell
data/fafb_sample/swc/720575940639172560.swc	Kenyon_Cell
data/fafb_sample/swc/720575940620600700.swc	Kenyon_Cell
data/fafb_sample/swc/720575940616105302.swc	Kenyon_Cell
data/fafb_sample/swc/720575940626621498.swc	Kenyon_Cell
data/fafb_sample/swc/720575940622742477.swc	Kenyon_Cell
data/fafb_sample/swc/720575940620996621.swc	Kenyon_Cell
data/fafb_sample/swc/720575940625572240.swc	Kenyon_Cell
data/fafb_sample/swc/720575940619872372.swc	Kenyon_Cell
data/fafb_sample/swc/720575940654810017.swc	Kenyon_Cell
data/fafb_sample/swc/720575940642162573.swc	Kenyon_Cell
data/fafb_sample/swc/720575940609226702.swc	Kenyon_Cell
data/fafb_sample/swc/720575940628830551.swc	Kenyon_Cell
data/fafb_sample/swc/720575940626930186.swc	Kenyon_Cell
data/fafb_sample/swc/720575940629724354.swc	Kenyon_Cell
data/fafb_sample/swc/720575940620936870.swc	Kenyon_Cell
data/fafb_sample/swc/720575940614318482.swc	Kenyon_Cell
data/fafb_sample/swc/720575940632652077.swc	Kenyon_Cell
data/fafb_sample/swc/720575940619896581.swc	Kenyon_Cell
data/fafb_sample/swc/720575940610823141.swc	Kenyon_Cell
data/fafb_sample/swc/720575940623041772.swc	Kenyon_Cell
data/fafb_sample/swc/720575940625003907.swc	Kenyon_Cell
data/fafb_sample/swc/720575940619954091.swc	Kenyon_Cell
data/fafb_sample/swc/720575940619695860.swc	Kenyon_Cell
data/fafb_sample/swc/720575940630146135.swc	Kenyon_Cell
data/fafb_sample/swc/720575940603317216.swc	Kenyon_Cell
data/fafb_sample/swc/720575940637171684.swc	Kenyon_Cell
data/fafb_sample/swc/720575940627147578.swc	Kenyon_Cell
data/fafb_sample/swc/720575940624302520.swc	Kenyon_Cell
data/fafb_sample/swc/720575940605407846.swc	Kenyon_Cell
data/fafb_sample/swc/720575940620530812.swc	Kenyon_Cell
data/fafb_sample/swc/720575940631284012.swc	Kenyon_Cell
data/fafb_sample/swc/720575940632835810.swc	Kenyon_Cell
data/fafb_sample/swc/720575940624763850.swc	Kenyon_Cell
data/fafb_sample/swc/720575940604626912.swc	Kenyon_Cell
data/fafb_sample/swc/720575940606891221.swc	Kenyon_Cell
data/fafb_sample/swc/720575940617341597.swc	Kenyon_Cell
data/fafb_sample/swc/720575940619731392.swc	Kenyon_Cell
data/fafb_sample/swc/720575940619842580.swc	Kenyon_Cell
data/fafb_sample/swc/720575940625864964.swc	Kenyon_Cell
data/fafb_sample/swc/720575940621129181.swc	Kenyon_Cell
data/fafb_sample/swc/720575940626277382.swc	Kenyon_Cell
data/fafb_sample/swc/720575940623934100.swc	Kenyon_Cell
data/fafb_sample/swc/720575940628807503.swc	Kenyon_Cell
data/fafb_sample/swc/720575940625584688.swc	Kenyon_Cell
data/fafb_sample/swc/720575940633575275.swc	Kenyon_Cell
data/fafb_sample/swc/720575940631761977.swc	Kenyon_Cell
data/fafb_sample/swc/720575940614486690.swc	Kenyon_Cell
data/fafb_sample/swc/720575940618572422.swc	Kenyon_Cell
data/fafb_sample/swc/720575940611285454.swc	Kenyon_Cell
data/fafb_sample/swc/720575940621179230.swc	Kenyon_Cell
data/fafb_sample/swc/720575940614749883.swc	Kenyon_Cell
data/fafb_sample/swc/720575940616746891.swc	Kenyon_Cell
data/fafb_sample/swc/720575940624749258.swc	Kenyon_Cell
data/fafb_sample/swc/720575940608145877.swc	Kenyon_Cell
data/fafb_sample/swc/720575940615344315.swc	Kenyon_Cell
data/fafb_sample/swc/720575940625753621.swc	Kenyon_Cell
data/fafb_sample/swc/720575940625665149.swc	Kenyon_Cell
data/fafb_sample/swc/720575940636447630.swc	Kenyon_Cell
data/fafb_sample/swc/720575940637315418.swc	Kenyon_Cell
data/fafb_sample/swc/720575940609179331.swc	Kenyon_Cell
data/fafb_sample/swc/720575940624229322.swc	Kenyon_Cell
data/fafb_sample/swc/720575940620382854.swc	Kenyon_Cell
data/fafb_sample/swc/720575940620303040.swc	Kenyon_Cell
data/fafb_sample/swc/720575940627251216.swc	Kenyon_Cell
data/fafb_sample/swc/720575940620187305.swc	Kenyon_Cell
data/fafb_sample/swc/720575940630533650.swc	Kenyon_Cell
data/fafb_sample/swc/720575940622050186.swc	Kenyon_Cell
data/fafb_sample/swc/720575940629259638.swc	Kenyon_Cell
data/fafb_sample/swc/720575940626758489.swc	Kenyon_Cell
data/fafb_sample/swc/720575940617456614.swc	Kenyon_Cell
data/fafb_sample/swc/720575940627138888.swc	Kenyon_Cell
data/fafb_sample/swc/720575940650760438.swc	Kenyon_Cell
data/fafb_sample/swc/720575940618182981.swc	Kenyon_Cell
data/fafb_sample/swc/720575940621280801.swc	Kenyon_Cell
data/fafb_sample/swc/720575940614605458.swc	Kenyon_Cell
data/fafb_sample/swc/720575940637965028.swc	Kenyon_Cell
data/fafb_sample/swc/720575940615263903.swc	Kenyon_Cell
data/fafb_sample/swc/720575940635288943.swc	Kenyon_Cell
data/fafb_sample/swc/720575940606347394.swc	Kenyon_Cell
data/fafb_sample/swc/720575940630411894.swc	Kenyon_Cell
data/fafb_sample/swc/720575940625837060.swc	Kenyon_Cell
data/fafb_sample/swc/720575940627243322.swc	Kenyon_Cell
data/fafb_sample/swc/720575940606745289.swc	Kenyon_Cell
data/fafb_sample/swc/720575940614549650.swc	Kenyon_Cell
data/fafb_sample/swc/720575940636898281.swc	Kenyon_Cell
data/fafb_sample/swc/720575940613684906.swc	Kenyon_Cell
data/fafb_sample/swc/720575940629895484.swc	Kenyon_Cell
data/fafb_sample/swc/720575940627018383.swc	Kenyon_Cell
data/fafb_sample/swc/720575940643547296.swc	Kenyon_Cell
data/fafb_sample/swc/720575940661275009.swc	Kenyon_Cell
data/fafb_sample/swc/720575940615219778.swc	Kenyon_Cell
data/fafb_sample/swc/720575940628788496.swc	Kenyon_Cell
data/fafb_sample/swc/720575940610658674.swc	Kenyon_Cell
data/fafb_sample/swc/720575940625702949.swc	Kenyon_Cell
data/fafb_sample/swc/720575940613727399.swc	Kenyon_Cell
data/fafb_sample/swc/720575940604493024.swc	Kenyon_Cell
data/fafb_sample/swc/720575940607280306.swc	Kenyon_Cell
data/fafb_sample/swc/720575940647973497.swc	Kenyon_Cell
data/fafb_sample/swc/720575940626143570.swc	Kenyon_Cell
data/fafb_sample/swc/720575940614899061.swc	Kenyon_Cell
data/fafb_sample/swc/720575940624221488.swc	Kenyon_Cell
data/fafb_sample/swc/720575940620465996.swc	Kenyon_Cell
data/fafb_sample/swc/720575940630687827.swc	Kenyon_Cell
data/fafb_sample/swc/720575940614027059.swc	Kenyon_Cell
data/fafb_sample/swc/720575940621845018.swc	Kenyon_Cell
data/fafb_sample/swc/720575940631919756.swc	Kenyon_Cell
data/fafb_sample/swc/720575940630613835.swc	Kenyon_Cell
data/fafb_sample/swc/720575940637580659.swc	Kenyon_Cell
data/fafb_sample/swc/720575940620834544.swc	Kenyon_Cell
data/fafb_sample/swc/720575940612240918.swc	Kenyon_Cell
data/fafb_sample/swc/720575940613042403.swc	Kenyon_Cell
data/fafb_sample/swc/720575940652109046.swc	Kenyon_Cell
data/fafb_sample/swc/720575940611597795.swc	Kenyon_Cell
data/fafb_sample/swc/720575940625750671.swc	Kenyon_Cell
data/fafb_sample/swc/720575940630299254.swc	Kenyon_Cell
data/fafb_sample/swc/720575940629734442.swc	Kenyon_Cell
data/fafb_sample/swc/720575940632951266.swc	Kenyon_Cell
data/fafb_sample/swc/720575940630427131.swc	Kenyon_Cell
data/fafb_sample/swc/720575940631237433.swc	Kenyon_Cell
data/fafb_sample/swc/720575940637124422.swc	Kenyon_Cell
data/fafb_sample/swc/720575940618132184.swc	Kenyon_Cell
data/fafb_sample/swc/720575940636422372.swc	Kenyon_Cell
data/fafb_sample/swc/720575940611370610.swc	Kenyon_Cell
data/fafb_sample/swc/720575940627588337.swc	Kenyon_Cell
data/fafb_sample/swc/720575940622204669.swc	Kenyon_Cell
data/fafb_sample/swc/720575940623679495.swc	Kenyon_Cell
data/fafb_sample/swc/720575940620316766.swc	Kenyon_Cell
data/fafb_sample/swc/720575940612980990.swc	Kenyon_Cell
data/fafb_sample/swc/720575940617444219.swc	Kenyon_Cell
data/fafb_sample/swc/720575940604500448.swc	Kenyon_Cell
data/fafb_sample/swc/720575940629477674.swc	Kenyon_Cell
data/fafb_sample/swc/720575940610862506.swc	Kenyon_Cell
data/fafb_sample/swc/720575940634131356.swc	Kenyon_Cell
data/fafb_sample/swc/720575940639158480.swc	Kenyon_Cell
data/fafb_sample/swc/720575940625860026.swc	Kenyon_Cell
data/fafb_sample/swc/720575940626535434.swc	Kenyon_Cell
data/fafb_sample/swc/720575940630419364.swc	Kenyon_Cell
data/fafb_sample/swc/720575940618326292.swc	Kenyon_Cell
data/fafb_sample/swc/720575940624243388.swc	Kenyon_Cell
data/fafb_sample/swc/720575940623462072.swc	Kenyon_Cell
data/fafb_sample/swc/720575940633075163.swc	Kenyon_Cell
data/fafb_sample/swc/720575940631655737.swc	Kenyon_Cell
data/fafb_sample/swc/720575940631662147.swc	Kenyon_Cell
data/fafb_sample/swc/720575940631447363.swc	Kenyon_Cell
data/fafb_sample/swc/720575940616121501.swc	Kenyon_Cell
data/fafb_sample/swc/720575940631754527.swc	Kenyon_Cell
data/fafb_sample/swc/720575940612743958.swc	Kenyon_Cell
data/fafb_sample/swc/720575940613920159.swc	Kenyon_Cell
data/fafb_sample/swc/720575940623586999.swc	Kenyon_Cell
data/fafb_sample/swc/720575940643417879.swc	Kenyon_Cell
data/fafb_sample/swc/720575940619668053.swc	Kenyon_Cell
data/fafb_sample/swc/720575940625476708.swc	Kenyon_Cell
data/fafb_sample/swc/720575940615832577.swc	Kenyon_Cell
data/fafb_sample/swc/720575940630323961.swc	Kenyon_Cell
data/fafb_sample/swc/720575940632728476.swc	Kenyon_Cell
data/fafb_sample/swc/720575940605985202.swc	Kenyon_Cell
data/fafb_sample/swc/720575940644448292.swc	Kenyon_Cell
data/fafb_sample/swc/720575940627776450.swc	Kenyon_Cell
data/fafb_sample/swc/720575940618299712.swc	Kenyon_Cell
data/fafb_sample/swc/720575940627861736.swc	Kenyon_Cell
data/fafb_sample/swc/720575940628107776.swc	Kenyon_Cell
data/fafb_sample/swc/720575940619519909.swc	Kenyon_Cell
data/fafb_sample/swc/720575940630265952.swc	Kenyon_Cell
data/fafb_sample/swc/720575940621853353.swc	Kenyon_Cell
data/fafb_sample/swc/720575940605619744.swc	Kenyon_Cell
data/fafb_sample/swc/720575940639974272.swc	Kenyon_Cell
data/fafb_sample/swc/720575940622928397.swc	Kenyon_Cell
data/fafb_sample/swc/720575940629119737.swc	Kenyon_Cell
data/fafb_sample/swc/720575940617334228.swc	Kenyon_Cell
data/fafb_sample/swc/720575940631626809.swc	Kenyon_Cell
data/fafb_sample/swc/720575940626403400.swc	Kenyon_Cell
data/fafb_sample/swc/720575940632552343.swc	Kenyon_Cell
data/fafb_sample/swc/720575940630469647.swc	Kenyon_Cell
data/fafb_sample/swc/720575940611213774.swc	Kenyon_Cell
data/fafb_sample/swc/720575940622771082.swc	Kenyon_Cell
data/fafb_sample/swc/720575940630578247.swc	Kenyon_Cell
data/fafb_sample/swc/720575940609405646.swc	Kenyon_Cell
data/fafb_sample/swc/720575940614822742.swc	Kenyon_Cell
data/fafb_sample/swc/720575940613987635.swc	Kenyon_Cell
data/fafb_sample/swc/720575940623203767.swc	Kenyon_Cell
data/fafb_sample/swc/720575940622078249.swc	Kenyon_Cell
data/fafb_sample/swc/720575940618334145.swc	Kenyon_Cell
data/fafb_sample/swc/720575940634661806.swc	Kenyon_Cell
data/fafb_sample/swc/720575940606747593.swc	Kenyon_Cell
data/fafb_sample/swc/720575940634078200.swc	Kenyon_Cell
data/fafb_sample/swc/720575940629504554.swc	Kenyon_Cell
data/fafb_sample/swc/720575940645714723.swc	Kenyon_Cell
data/fafb_sample/swc/720575940635150990.swc	Kenyon_Cell
data/fafb_sample/swc/720575940620495484.swc	Kenyon_Cell
data/fafb_sample/swc/720575940642193608.swc	Kenyon_Cell
data/fafb_sample/swc/720575940622890509.swc	Kenyon_Cell
data/fafb_sample/swc/720575940605246850.swc	Kenyon_Cell
data/fafb_sample/swc/720575940633074015.swc	Kenyon_Cell
data/fafb_sample/swc/720575940634975851.swc	Kenyon_Cell
data/fafb_sample/swc/720575940622820330.swc	Kenyon_Cell
data/fafb_sample/swc/720575940629625466.swc	Kenyon_Cell
data/fafb_sample/swc/720575940627915280.swc	Kenyon_Cell
data/fafb_sample/swc/720575940620767709.swc	Kenyon_Cell
data/fafb_sample/swc/720575940621400163.swc	Kenyon_Cell
data/fafb_sample/swc/720575940616428917.swc	Kenyon_Cell
data/fafb_sample/swc/720575940638878416.swc	Kenyon_Cell
data/fafb_sample/swc/720575940619028289.swc	Kenyon_Cell
data/fafb_sample/swc/720575940627800446.swc	Kenyon_Cell
data/fafb_sample/swc/720575940627621626.swc	Kenyon_Cell
data/fafb_sample/swc/720575940621554968.swc	Kenyon_Cell
data/fafb_sample/swc/720575940638593102.swc	Kenyon_Cell
data/fafb_sample/swc/720575940632078929.swc	Kenyon_Cell
data/fafb_sample/swc/720575940606335106.swc	Kenyon_Cell
data/fafb_sample/swc/720575940638592590.swc	Kenyon_Cell
data/fafb_sample/swc/720575940629899511.swc	Kenyon_Cell
data/fafb_sample/swc/720575940627003547.swc	Kenyon_Cell
data/fafb_sample/swc/720575940627626244.swc	Kenyon_Cell
data/fafb_sample/swc/720575940628412892.swc	Kenyon_Cell
data/fafb_sample/swc/720575940620883917.swc	Kenyon_Cell
data/fafb_sample/swc/720575940654879137.swc	Kenyon_Cell
data/fafb_sample/swc/720575940626896643.swc	Kenyon_Cell
data/fafb_sample/swc/720575940627808232.swc	Kenyon_Cell
data/fafb_sample/swc/720575940631601219.swc	Kenyon_Cell
data/fafb_sample/swc/720575940643163940.swc	Kenyon_Cell
data/fafb_sample/swc/720575940629893162.swc	Kenyon_Cell
data/fafb_sample/swc/720575940630560505.swc	Kenyon_Cell
data/fafb_sample/swc/720575940606341250.swc	Kenyon_Cell
data/fafb_sample/swc/720575940615520086.swc	Kenyon_Cell
data/fafb_sample/swc/720575940621411822.swc	Kenyon_Cell
data/fafb_sample/swc/720575940614674282.swc	Kenyon_Cell
data/fafb_sample/swc/720575940627587078.swc	Kenyon_Cell
data/fafb_sample/swc/720575940616701657.swc	Kenyon_Cell
data/fafb_sample/swc/720575940629261143.swc	Kenyon_Cell
data/fafb_sample/swc/720575940621966369.swc	Kenyon_Cell
data/fafb_sample/swc/720575940615356347.swc	Kenyon_Cell
data/fafb_sample/swc/720575940632929690.swc	Kenyon_Cell
data/fafb_sample/swc/720575940623018986.swc	Kenyon_Cell
data/fafb_sample/swc/720575940628687259.swc	Kenyon_Cell
data/fafb_sample/swc/720575940604833196.swc	Kenyon_Cell
data/fafb_sample/swc/720575940621999044.swc	Kenyon_Cell
data/fafb_sample/swc/720575940636851824.swc	Kenyon_Cell
data/fafb_sample/swc/720575940627389256.swc	Kenyon_Cell
data/fafb_sample/swc/720575940621862405.swc	Kenyon_Cell
data/fafb_sample/swc/720575940612194983.swc	Kenyon_Cell
data/fafb_sample/swc/720575940613799436.swc	Kenyon_Cell
data/fafb_sample/swc/720575940614130482.swc	Kenyon_Cell
data/fafb_sample/swc/720575940636168414.swc	Kenyon_Cell
data/fafb_sample/swc/720575940616087323.swc	Kenyon_Cell
data/fafb_sample/swc/720575940625607946.swc	Kenyon_Cell
data/fafb_sample/swc/720575940646290979.swc	Kenyon_Cell
data/fafb_sample/swc/720575940617878080.swc	Kenyon_Cell
data/fafb_sample/swc/720575940618894246.swc	Kenyon_Cell
data/fafb_sample/swc/720575940639057853.swc	Kenyon_Cell
data/fafb_sample/swc/720575940615897501.swc	Kenyon_Cell
data/fafb_sample/swc/720575940617650481.swc	Kenyon_Cell
data/fafb_sample/swc/720575940617902676.swc	Kenyon_Cell
data/fafb_sample/swc/720575940627924935.swc	Kenyon_Cell
data/fafb_sample/swc/720575940610847842.swc	Kenyon_Cell
data/fafb_sample/swc/720575940636561636.swc	Kenyon_Cell
data/fafb_sample/swc/720575940618586459.swc	Kenyon_Cell
data/fafb_sample/swc/720575940625780648.swc	Kenyon_Cell
data/fafb_sample/swc/720575940645759523.swc	Kenyon_Cell
data/fafb_sample/swc/720575940626226690.swc	Kenyon_Cell
data/fafb_sample/swc/720575940618425246.swc	Kenyon_Cell
data/fafb_sample/swc/720575940613783106.swc	Kenyon_Cell
data/fafb_sample/swc/720575940626286878.swc	Kenyon_Cell
data/fafb_sample/swc/720575940616560541.swc	Kenyon_Cell
data/fafb_sample/swc/720575940640468725.swc	Kenyon_Cell
data/fafb_sample/swc/720575940637953764.swc	Kenyon_Cell
data/fafb_sample/swc/720575940616475717.swc	Kenyon_Cell
data/fafb_sample/swc/720575940607330499.swc	Kenyon_Cell
data/fafb_sample/swc/720575940612067034.swc	Kenyon_Cell
data/fafb_sample/swc/720575940626694479.swc	Kenyon_Cell
data/fafb_sample/swc/720575940627834856.swc	Kenyon_Cell
data/fafb_sample/swc/720575940623379091.swc	Kenyon_Cell
data/fafb_sample/swc/720575940650270710.swc	Kenyon_Cell
data/fafb_sample/swc/720575940603721248.swc	Kenyon_Cell
data/fafb_sample/swc/720575940606968450.swc	Kenyon_Cell
data/fafb_sample/swc/720575940625187586.swc	Kenyon_Cell
data/fafb_sample/swc/720575940631975379.swc	Kenyon_Cell
data/fafb_sample/swc/720575940617692962.swc	Kenyon_Cell
data/fafb_sample/swc/720575940626838513.swc	Kenyon_Cell
data/fafb_sample/swc/720575940622857801.swc	Kenyon_Cell
data/fafb_sample/swc/720575940612563454.swc	Kenyon_Cell
data/fafb_sample/swc/720575940611702165.swc	Kenyon_Cell
data/fafb_sample/swc/720575940630881989.swc	Kenyon_Cell
data/fafb_sample/swc/720575940640688336.swc	Kenyon_Cell
data/fafb_sample/swc/720575940625376841.swc	Kenyon_Cell
data/fafb_sample/swc/720575940639022243.swc	Kenyon_Cell
data/fafb_sample/swc/720575940620572125.swc	Kenyon_Cell
data/fafb_sample/swc/720575940621700190.swc	Kenyon_Cell
data/fafb_sample/swc/720575940629671491.swc	Kenyon_Cell
data/fafb_sample/swc/720575940627028773.swc	Kenyon_Cell
data/fafb_sample/swc/720575940629129472.swc	Kenyon_Cell
data/fafb_sample/swc/720575940605197745.swc	Kenyon_Cell
data/fafb_sample/swc/720575940630671890.swc	Kenyon_Cell
data/fafb_sample/swc/720575940618606160.swc	Kenyon_Cell
data/fafb_sample/swc/720575940607520451.swc	Kenyon_Cell
data/fafb_sample/swc/720575940627768567.swc	Kenyon_Cell
data/fafb_sample/swc/720575940635309304.swc	Kenyon_Cell
data/fafb_sample/swc/720575940623400445.swc	Kenyon_Cell
data/fafb_sample/swc/720575940615839581.swc	Kenyon_Cell
data/fafb_sample/swc/720575940630559225.swc	Kenyon_Cell
data/fafb_sample/swc/720575940627559759.swc	Kenyon_Cell
data/fafb_sample/swc/720575940617769217.swc	Kenyon_Cell
data/fafb_sample/swc/720575940618258742.swc	Kenyon_Cell
data/fafb_sample/swc/720575940608399115.swc	Kenyon_Cell
data/fafb_sample/swc/720575940623004429.swc	Kenyon_Cell
data/fafb_sample/swc/720575940625235033.swc	Kenyon_Cell
data/fafb_sample/swc/720575940623927444.swc	Kenyon_Cell
data/fafb_sample/swc/720575940615974493.swc	Kenyon_Cell
data/fafb_sample/swc/720575940626828574.swc	Kenyon_Cell
data/fafb_sample/swc/720575940610774451.swc	Kenyon_Cell
data/fafb_sample/swc/720575940624152357.swc	Kenyon_Cell
data/fafb_sample/swc/720575940626086728.swc	Kenyon_Cell
data/fafb_sample/swc/720575940652837793.swc	Kenyon_Cell
data/fafb_sample/swc/720575940617427713.swc	Kenyon_Cell
data/fafb_sample/swc/720575940633023935.swc	Kenyon_Cell
data/fafb_sample/swc/720575940620746093.swc	Kenyon_Cell
data/fafb_sample/swc/720575940635538039.swc	Kenyon_Cell
data/fafb_sample/swc/720575940620054277.swc	Kenyon_Cell
data/fafb_sample/swc/720575940620880333.swc	Kenyon_Cell
data/fafb_sample/swc/720575940644805143.swc	Kenyon_Cell
data/fafb_sample/swc/720575940621553535.swc	Kenyon_Cell
data/fafb_sample/swc/720575940614203916.swc	Kenyon_Cell
data/fafb_sample/swc/720575940608383243.swc	Kenyon_Cell
data/fafb_sample/swc/720575940618817182.swc	Kenyon_Cell
data/fafb_sample/swc/720575940613284063.swc	Kenyon_Cell
data/fafb_sample/swc/720575940626139560.swc	Kenyon_Cell
data/fafb_sample/swc/720575940606968962.swc	Kenyon_Cell
data/fafb_sample/swc/720575940615800076.swc	Kenyon_Cell
data/fafb_sample/swc/720575940637148486.swc	Kenyon_Cell
data/fafb_sample/swc/720575940610942066.swc	Kenyon_Cell
data/fafb_sample/swc/720575940625765306.swc	Kenyon_Cell
data/fafb_sample/swc/720575940654129057.swc	Kenyon_Cell
data/fafb_sample/swc/720575940620211622.swc	Kenyon_Cell
data/fafb_sample/swc/720575940616343611.swc	Kenyon_Cell
data/fafb_sample/swc/720575940629917228.swc	Kenyon_Cell
data/fafb_sample/swc/720575940610543257.swc	Kenyon_Cell
data/fafb_sample/swc/720575940636323982.swc	Kenyon_Cell
data/fafb_sample/swc/720575940619794512.swc	Kenyon_Cell
data/fafb_sample/swc/720575940626199580.swc	Kenyon_Cell
data/fafb_sample/swc/720575940617973021.swc	Kenyon_Cell
data/fafb_sample/swc/720575940631620921.swc	Kenyon_Cell
data/fafb_sample/swc/720575940616852763.swc	Kenyon_Cell
data/fafb_sample/swc/720575940615244082.swc	Kenyon_Cell
data/fafb_sample/swc/720575940610901234.swc	Kenyon_Cell
data/fafb_sample/swc/720575940620347329.swc	Kenyon_Cell
data/fafb_sample/swc/720575940630456996.swc	Kenyon_Cell
data/fafb_sample/swc/720575940615544249.swc	Kenyon_Cell
data/fafb_sample/swc/720575940632980378.swc	Kenyon_Cell
data/fafb_sample/swc/720575940620039956.swc	Kenyon_Cell
data/fafb_sample/swc/720575940615072373.swc	Kenyon_Cell
data/fafb_sample/swc/720575940639903696.swc	Kenyon_Cell
data/fafb_sample/swc/720575940624549694.swc	Kenyon_Cell
data/fafb_sample/swc/720575940643266852.swc	Kenyon_Cell
data/fafb_sample/swc/720575940621680133.swc	Kenyon_Cell
data/fafb_sample/swc/720575940628297627.swc	Kenyon_Cell
data/fafb_sample/swc/720575940604402092.swc	Kenyon_Cell
data/fafb_sample/swc/720575940618464379.swc	Kenyon_Cell
data/fafb_sample/swc/720575940624516339.swc	Kenyon_Cell
data/fafb_sample/swc/720575940625715733.swc	Kenyon_Cell
data/fafb_sample/swc/720575940625513616.swc	Kenyon_Cell
data/fafb_sample/swc/720575940621857313.swc	Kenyon_Cell
data/fafb_sample/swc/720575940621869918.swc	Kenyon_Cell
data/fafb_sample/swc/720575940626578161.swc	Kenyon_Cell
data/fafb_sample/swc/720575940605792946.swc	Kenyon_Cell
data/fafb_sample/swc/720575940639056061.swc	Kenyon_Cell
data/fafb_sample/swc/720575940621728214.swc	Kenyon_Cell
data/fafb_sample/swc/720575940616347916.swc	Kenyon_Cell
data/fafb_sample/swc/720575940630793413.swc	Kenyon_Cell
data/fafb_sample/swc/720575940612607953.swc	Kenyon_Cell
data/fafb_sample/swc/720575940619652555.swc	Kenyon_Cell
data/fafb_sample/swc/720575940643473056.swc	Kenyon_Cell
data/fafb_sample/swc/720575940612099053.swc	Kenyon_Cell
data/fafb_sample/swc/720575940605597216.swc	Kenyon_Cell
data/fafb_sample/swc/720575940627543624.swc	Kenyon_Cell
data/fafb_sample/swc/720575940628002348.swc	Kenyon_Cell
data/fafb_sample/swc/720575940619742656.swc	Kenyon_Cell
data/fafb_sample/swc/720575940618963950.swc	Kenyon_Cell
data/fafb_sample/swc/720575940629856044.swc	Kenyon_Cell
data/fafb_sample/swc/720575940622116428.swc	Kenyon_Cell
data/fafb_sample/swc/720575940622269365.swc	Kenyon_Cell
data/fafb_sample/swc/720575940650545398.swc	Kenyon_Cell
data/fafb_sample/swc/720575940621167030.swc	Kenyon_Cell
data/fafb_sample/swc/720575940645186868.swc	Kenyon_Cell
data/fafb_sample/swc/720575940632969567.swc	Kenyon_Cell
data/fafb_sample/swc/720575940631741032.swc	Kenyon_Cell
data/fafb_sample/swc/720575940620424641.swc	Kenyon_Cell
data/fafb_sample/swc/720575940624107755.swc	Kenyon_Cell
data/fafb_sample/swc/720575940621094527.swc	Kenyon_Cell
data/fafb_sample/swc/720575940638975285.swc	Kenyon_Cell
data/fafb_sample/swc/720575940614308002.swc	Kenyon_Cell
data/fafb_sample/swc/720575940631926599.swc	Kenyon_Cell
data/fafb_sample/swc/720575940626993001.swc	Kenyon_Cell
data/fafb_sample/swc/720575940614667926.swc	Kenyon_Cell
data/fafb_sample/swc/720575940615737531.swc	Kenyon_Cell
data/fafb_sample/swc/720575940609781966.swc	Kenyon_Cell
data/fafb_sample/swc/720575940631043896.swc	Kenyon_Cell
data/fafb_sample/swc/720575940633673497.swc	Kenyon_Cell
data/fafb_sample/swc/720575940611664281.swc	Kenyon_Cell
data/fafb_sample/swc/720575940620272064.swc	Kenyon_Cell
data/fafb_sample/swc/720575940633032599.swc	Kenyon_Cell
data/fafb_sample/swc/720575940619155182.swc	Kenyon_Cell
data/fafb_sample/swc/720575940631167811.swc	Kenyon_Cell
data/fafb_sample/swc/720575940619305808.swc	Kenyon_Cell
data/fafb_sample/swc/720575940628217899.swc	Kenyon_Cell
data/fafb_sample/swc/720575940630312785.swc	Kenyon_Cell
data/fafb_sample/swc/720575940626991771.swc	Kenyon_Cell
data/fafb_sample/swc/720575940636059226.swc	Kenyon_Cell
data/fafb_sample/swc/720575940627857384.swc	Kenyon_Cell
data/fafb_sample/swc/720575940620904780.swc	Kenyon_Cell
data/fafb_sample/swc/720575940624974010.swc	Kenyon_Cell
data/fafb_sample/swc/720575940614871402.swc	Kenyon_Cell
data/fafb_sample/swc/720575940619260737.swc	Kenyon_Cell
data/fafb_sample/swc/720575940626223633.swc	Kenyon_Cell
data/fafb_sample/swc/720575940623067942.swc	Kenyon_Cell
data/fafb_sample/swc/720575940641358811.swc	Kenyon_Cell
data/fafb_sample/swc/720575940631035154.swc	Kenyon_Cell
data/fafb_sample/swc/720575940604963686.swc	Kenyon_Cell
data/fafb_sample/swc/720575940624297278.swc	Kenyon_Cell
data/fafb_sample/swc/720575940619616193.swc	Kenyon_Cell
data/fafb_sample/swc/720575940627598760.swc	Kenyon_Cell
data/fafb_sample/swc/720575940623398397.swc	Kenyon_Cell
data/fafb_sample/swc/720575940623015694.swc	Kenyon_Cell
data/fafb_sample/swc/720575940623066406.swc	Kenyon_Cell
data/fafb_sample/swc/720575940636695982.swc	Kenyon_Cell
data/fafb_sample/swc/720575940622972365.swc	Kenyon_Cell
data/fafb_sample/swc/720575940626689176.swc	Kenyon_Cell
data/fafb_sample/swc/720575940617866048.swc	Kenyon_Cell
data/fafb_sample/swc/720575940621560052.swc	Kenyon_Cell
data/fafb_sample/swc/720575940623059080.swc	Kenyon_Cell
data/fafb_sample/swc/720575940617876048.swc	Kenyon_Cell
data/fafb_sample/swc/720575940639537213.swc	Kenyon_Cell
data/fafb_sample/swc/720575940625984399.swc	Kenyon_Cell
data/fafb_sample/swc/720575940638963363.swc	Kenyon_Cell
data/fafb_sample/swc/720575940622279095.swc	Kenyon_Cell
data/fafb_sample/swc/720575940610137050.swc	Kenyon_Cell
data/fafb_sample/swc/720575940624709925.swc	Kenyon_Cell
data/fafb_sample/swc/720575940630848740.swc	Kenyon_Cell
data/fafb_sample/swc/720575940626646544.swc	Kenyon_Cell
data/fafb_sample/swc/720575940613258975.swc	Kenyon_Cell
data/fafb_sample/swc/720575940639554675.swc	Kenyon_Cell
data/fafb_sample/swc/720575940621809246.swc	Kenyon_Cell
data/fafb_sample/swc/720575940637435726.swc	Kenyon_Cell
data/fafb_sample/swc/720575940623991333.swc	Kenyon_Cell
data/fafb_sample/swc/720575940636048862.swc	Kenyon_Cell
data/fafb_sample/swc/720575940639197262.swc	Kenyon_Cell
data/fafb_sample/swc/720575940605184102.swc	Kenyon_Cell
data/fafb_sample/swc/720575940613824012.swc	Kenyon_Cell
data/fafb_sample/swc/720575940634800282.swc	Kenyon_Cell
data/fafb_sample/swc/720575940608152021.swc	Kenyon_Cell
data/fafb_sample/swc/720575940606691932.swc	Kenyon_Cell
data/fafb_sample/swc/720575940638391384.swc	Kenyon_Cell
data/fafb_sample/swc/720575940626305028.swc	Kenyon_Cell
data/fafb_sample/swc/720575940606947970.swc	Kenyon_Cell
data/fafb_sample/swc/720575940622064041.swc	Kenyon_Cell
data/fafb_sample/swc/720575940626216317.swc	Kenyon_Cell
data/fafb_sample/swc/720575940624676414.swc	Kenyon_Cell
data/fafb_sample/swc/720575940634867039.swc	Kenyon_Cell
data/fafb_sample/swc/720575940630450852.swc	Kenyon_Cell
data/fafb_sample/swc/720575940629031323.swc	Kenyon_Cell
data/fafb_sample/swc/720575940612008818.swc	Kenyon_Cell
data/fafb_sample/swc/720575940633142170.swc	Kenyon_Cell
data/fafb_sample/swc/720575940618418085.swc	Kenyon_Cell
data/fafb_sample/swc/720575940632453151.swc	Kenyon_Cell
data/fafb_sample/swc/720575940625126448.swc	Kenyon_Cell
data/fafb_sample/swc/720575940612490723.swc	Kenyon_Cell
data/fafb_sample/swc/720575940622412838.swc	Kenyon_Cell
data/fafb_sample/swc/720575940611769059.swc	Kenyon_Cell
data/fafb_sample/swc/720575940620373697.swc	Kenyon_Cell
data/fafb_sample/swc/720575940628999579.swc	Kenyon_Cell
data/fafb_sample/swc/720575940612602163.swc	Kenyon_Cell
data/fafb_sample/swc/720575940622559669.swc	Kenyon_Cell
data/fafb_sample/swc/720575940624721084.swc	Kenyon_Cell
data/fafb_sample/swc/720575940621892122.swc	Kenyon_Cell
data/fafb_sample/swc/720575940631759161.swc	Kenyon_Cell
data/fafb_sample/swc/720575940632925409.swc	Kenyon_Cell
data/fafb_sample/swc/720575940626465286.swc	Kenyon_Cell
data/fafb_sample/swc/720575940619247713.swc	Kenyon_Cell
data/fafb_sample/swc/720575940643287240.swc	Kenyon_Cell
data/fafb_sample/swc/720575940630722757.swc	Kenyon_Cell
data/fafb_sample/swc/720575940619734720.swc	Kenyon_Cell
data/fafb_sample/swc/720575940633813785.swc	Kenyon_Cell
data/fafb_sample/swc/720575940637725272.swc	Kenyon_Cell
data/fafb_sample/swc/720575940634638990.swc	Kenyon_Cell
data/fafb_sample/swc/720575940626083940.swc	Kenyon_Cell
data/fafb_sample/swc/720575940630561484.swc	Kenyon_Cell
data/fafb_sample/swc/720575940619658433.swc	Kenyon_Cell
data/fafb_sample/swc/720575940615358038.swc	Kenyon_Cell
data/fafb_sample/swc/720575940610952089.swc	Kenyon_Cell
data/fafb_sample/swc/720575940608456715.swc	Kenyon_Cell
data/fafb_sample/swc/720575940641065973.swc	Kenyon_Cell
data/fafb_sample/swc/720575940645949316.swc	Kenyon_Cell
data/fafb_sample/swc/720575940629824828.swc	Kenyon_Cell
data/fafb_sample/swc/720575940622815684.swc	Kenyon_Cell
data/fafb_sample/swc/720575940608148693.swc	Kenyon_Cell
data/fafb_sample/swc/720575940643623328.swc	Kenyon_Cell
data/fafb_sample/swc/720575940617036352.swc	Kenyon_Cell
data/fafb_sample/swc/720575940620422494.swc	Kenyon_Cell
data/fafb_sample/swc/720575940639274574.swc	Kenyon_Cell
data/fafb_sample/swc/720575940609208530.swc	Kenyon_Cell
data/fafb_sample/swc/720575940631667937.swc	Kenyon_Cell
data/fafb_sample/swc/720575940620520513.swc	Kenyon_Cell
data/fafb_sample/swc/720575940605452064.swc	Kenyon_Cell
data/fafb_sample/swc/720575940632447827.swc	Kenyon_Cell
data/fafb_sample/swc/720575940628295242.swc	Kenyon_Cell
data/fafb_sample/swc/720575940613400785.swc	Kenyon_Cell
data/fafb_sample/swc/720575940630413087.swc	Kenyon_Cell
data/fafb_sample/swc/720575940630966840.swc	Kenyon_Cell
data/fafb_sample/swc/720575940625300254.swc	Kenyon_Cell
data/fafb_sample/swc/720575940629477882.swc	Kenyon_Cell
data/fafb_sample/swc/720575940630296913.swc	Kenyon_Cell
data/fafb_sample/swc/720575940626364401.swc	Kenyon_Cell
data/fafb_sample/swc/720575940624482452.swc	Kenyon_Cell
data/fafb_sample/swc/720575940608525763.swc	Kenyon_Cell
data/fafb_sample/swc/720575940626086244.swc	Kenyon_Cell
data/fafb_sample/swc/720575940616438085.swc	Kenyon_Cell
data/fafb_sample/swc/720575940627264488.swc	Kenyon_Cell
data/fafb_sample/swc/720575940637372894.swc	Kenyon_Cell
data/fafb_sample/swc/720575940619382833.swc	Kenyon_Cell
data/fafb_sample/swc/720575940623011720.swc	Kenyon_Cell
data/fafb_sample/swc/720575940631295018.swc	Kenyon_Cell
data/fafb_sample/swc/720575940626536714.swc	Kenyon_Cell
data/fafb_sample/swc/720575940617493222.swc	Kenyon_Cell
data/fafb_sample/swc/720575940634939034.swc	Kenyon_Cell
data/fafb_sample/swc/720575940617937181.swc	Kenyon_Cell
data/fafb_sample/swc/720575940613359266.swc	Kenyon_Cell
data/fafb_sample/swc/720575940620822593.swc	Kenyon_Cell
data/fafb_sample/swc/720575940622820586.swc	Kenyon_Cell
data/fafb_sample/swc/720575940619205229.swc	Kenyon_Cell
data/fafb_sample/swc/720575940631307053.swc	Kenyon_Cell
data/fafb_sample/swc/720575940639090997.swc	Kenyon_Cell
data/fafb_sample/swc/720575940625724072.swc	Kenyon_Cell
data/fafb_sample/swc/720575940612717202.swc	Kenyon_Cell
data/fafb_sample/swc/720575940614544034.swc	Kenyon_Cell
data/fafb_sample/swc/720575940618226245.swc	Kenyon_Cell
data/fafb_sample/swc/720575940615539385.swc	Kenyon_Cell
data/fafb_sample/swc/720575940627173192.swc	Kenyon_Cell
data/fafb_sample/swc/720575940622836237.swc	Kenyon_Cell
data/fafb_sample/swc/720575940614498060.swc	Kenyon_Cell
data/fafb_sample/swc/720575940633755828.swc	Kenyon_Cell
data/fafb_sample/swc/720575940623368940.swc	Kenyon_Cell
data/fafb_sample/swc/720575940628697872.swc	Kenyon_Cell
data/fafb_sample/swc/720575940639593587.swc	Kenyon_Cell
data/fafb_sample/swc/720575940619668212.swc	Kenyon_Cell
data/fafb_sample/swc/720575940645385524.swc	Kenyon_Cell
data/fafb_sample/swc/720575940610359650.swc	Kenyon_Cell
data/fafb_sample/swc/720575940625484602.swc	Kenyon_Cell
data/fafb_sample/swc/720575940620623201.swc	Kenyon_Cell
data/fafb_sample/swc/720575940624462228.swc	Kenyon_Cell
data/fafb_sample/swc/720575940618337985.swc	Kenyon_Cell
data/fafb_sample/swc/720575940629292844.swc	Kenyon_Cell
data/fafb_sample/swc/720575940614306814.swc	Kenyon_Cell
data/fafb_sample/swc/720575940615270559.swc	Kenyon_Cell
data/fafb_sample/swc/720575940644819223.swc	Kenyon_Cell
data/fafb_sample/swc/720575940634455403.swc	Kenyon_Cell
data/fafb_sample/swc/720575940625957800.swc	Kenyon_Cell
data/fafb_sample/swc/720575940632964269.swc	Kenyon_Cell
data/fafb_sample/swc/720575940612590503.swc	Kenyon_Cell
data/fafb_sample/swc/720575940620045061.swc	Kenyon_Cell
data/fafb_sample/swc/720575940627342674.swc	Kenyon_Cell
data/fafb_sample/swc/720575940625329029.swc	Kenyon_Cell
data/fafb_sample/swc/720575940629502506.swc	Kenyon_Cell
data/fafb_sample/swc/720575940637746520.swc	Kenyon_Cell
data/fafb_sample/swc/720575940621444877.swc	Kenyon_Cell
data/fafb_sample/swc/720575940606680706.swc	Kenyon_Cell
data/fafb_sample/swc/720575940624613050.swc	Kenyon_Cell
data/fafb_sample/swc/720575940616616075.swc	Kenyon_Cell
data/fafb_sample/swc/720575940610841074.swc	Kenyon_Cell
data/fafb_sample/swc/720575940626674584.swc	Kenyon_Cell
data/fafb_sample/swc/720575940626366748.swc	Kenyon_Cell
data/fafb_sample/swc/720575940632481363.swc	Kenyon_Cell
data/fafb_sample/swc/720575940632177453.swc	Kenyon_Cell
data/fafb_sample/swc/720575940621023297.swc	Kenyon_Cell
data/fafb_sample/swc/720575940613041123.swc	Kenyon_Cell
data/fafb_sample/swc/720575940625768073.swc	Kenyon_Cell
data/fafb_sample/swc/720575940621005044.swc	Kenyon_Cell
data/fafb_sample/swc/720575940622402311.swc	Kenyon_Cell
data/fafb_sample/swc/720575940633386603.swc	Kenyon_Cell
data/fafb_sample/swc/720575940626633960.swc	Kenyon_Cell
data/fafb_sample/swc/720575940622133206.swc	Kenyon_Cell
data/fafb_sample/swc/720575940638436405.swc	Kenyon_Cell
data/fafb_sample/swc/720575940628735275.swc	Kenyon_Cell
data/fafb_sample/swc/720575940637339738.swc	Kenyon_Cell
data/fafb_sample/swc/720575940610944022.swc	Kenyon_Cell
data/fafb_sample/swc/720575940633569784.swc	Kenyon_Cell
data/fafb_sample/swc/720575940617150878.swc	Kenyon_Cell
data/fafb_sample/swc/720575940633580024.swc	Kenyon_Cell
data/fafb_sample/swc/720575940616915686.swc	Kenyon_Cell
data/fafb_sample/swc/720575940619090529.swc	Kenyon_Cell
data/fafb_sample/swc/720575940608644654.swc	Kenyon_Cell
data/fafb_sample/swc/720575940619723088.swc	Kenyon_Cell
data/fafb_sample/swc/720575940612339370.swc	Kenyon_Cell
data/fafb_sample/swc/720575940629532098.swc	Kenyon_Cell
data/fafb_sample/swc/720575940610614757.swc	Kenyon_Cell
data/fafb_sample/swc/720575940619902343.swc	Kenyon_Cell
data/fafb_sample/swc/720575940636665262.swc	Kenyon_Cell
data/fafb_sample/swc/720575940623205303.swc	Kenyon_Cell
data/fafb_sample/swc/720575940639684440.swc	Kenyon_Cell
data/fafb_sample/swc/720575940630731148.swc	Kenyon_Cell
data/fafb_sample/swc/720575940611592154.swc	Kenyon_Cell
data/fafb_sample/swc/720575940619659969.swc	Kenyon_Cell
data/fafb_sample/swc/720575940608767957.swc	Kenyon_Cell
data/fafb_sample/swc/720575940614218346.swc	Kenyon_Cell
data/fafb_sample/swc/720575940621574026.swc	Kenyon_Cell
data/fafb_sample/swc/720575940623036415.swc	Kenyon_Cell
data/fafb_sample/swc/720575940614614203.swc	Kenyon_Cell
data/fafb_sample/swc/720575940625261834.swc	Kenyon_Cell
data/fafb_sample/swc/720575940613784386.swc	Kenyon_Cell
data/fafb_sample/swc/720575940658795137.swc	Kenyon_Cell
data/fafb_sample/swc/720575940617940304.swc	Kenyon_Cell
data/fafb_sample/swc/720575940604008672.swc	Kenyon_Cell
data/fafb_sample/swc/720575940632357284.swc	Kenyon_Cell
data/fafb_sample/swc/720575940632105809.swc	Kenyon_Cell
data/fafb_sample/swc/720575940627552168.swc	Kenyon_Cell
data/fafb_sample/swc/720575940629036997.swc	Kenyon_Cell
data/fafb_sample/swc/720575940626430339.swc	Kenyon_Cell
data/fafb_sample/swc/720575940609347448.swc	Kenyon_Cell
data/fafb_sample/swc/720575940619026241.swc	Kenyon_Cell
data/fafb_sample/swc/720575940628413799.swc	Kenyon_Cell
data/fafb_sample/swc/720575940624894308.swc	Kenyon_Cell
data/fafb_sample/swc/720575940608312533.swc	Kenyon_Cell
data/fafb_sample/swc/720575940626792778.swc	Kenyon_Cell
data/fafb_sample/swc/720575940625500304.swc	Kenyon_Cell
data/fafb_sample/swc/720575940603520172.swc	Kenyon_Cell
data/fafb_sample/swc/720575940610370201.swc	Kenyon_Cell
data/fafb_sample/swc/720575940633676569.swc	Kenyon_Cell
data/fafb_sample/swc/720575940620607982.swc	Kenyon_Cell
data/fafb_sample/swc/720575940615964884.swc	Kenyon_Cell
data/fafb_sample/swc/720575940629909815.swc	Kenyon_Cell
data/fafb_sample/swc/720575940612739186.swc	Kenyon_Cell
data/fafb_sample/swc/720575940639309902.swc	Kenyon_Cell
data/fafb_sample/swc/720575940634430103.swc	Kenyon_Cell
data/fafb_sample/swc/720575940625561374.swc	Kenyon_Cell
data/fafb_sample/swc/720575940618544623.swc	Kenyon_Cell
data/fafb_sample/swc/720575940622646980.swc	Kenyon_Cell
data/fafb_sample/swc/720575940618306112.swc	Kenyon_Cell
data/fafb_sample/swc/720575940639846488.swc	Kenyon_Cell
data/fafb_sample/swc/720575940609190866.swc	Kenyon_Cell
data/fafb_sample/swc/720575940623488270.swc	Kenyon_Cell
data/fafb_sample/swc/720575940613681458.swc	Kenyon_Cell
data/fafb_sample/swc/720575940614783042.swc	Kenyon_Cell
data/fafb_sample/swc/720575940610885330.swc	Kenyon_Cell
data/fafb_sample/swc/720575940620998424.swc	Kenyon_Cell
data/fafb_sample/swc/720575940613532979.swc	Kenyon_Cell
data/fafb_sample/swc/720575940625614224.swc	Kenyon_Cell
data/fafb_sample/swc/720575940636325865.swc	Kenyon_Cell
data/fafb_sample/swc/720575940620349376.swc	Kenyon_Cell
data/fafb_sample/swc/720575940623386506.swc	Kenyon_Cell
data/fafb_sample/swc/720575940630060539.swc	Kenyon_Cell
data/fafb_sample/swc/720575940652822945.swc	Kenyon_Cell
data/fafb_sample/swc/720575940629921654.swc	Kenyon_Cell
data/fafb_sample/swc/720575940620029575.swc	Kenyon_Cell
data/fafb_sample/swc/720575940629787244.swc	Kenyon_Cell
data/fafb_sample/swc/720575940629365804.swc	Kenyon_Cell
data/fafb_sample/swc/720575940623444203.swc	Kenyon_Cell
data/fafb_sample/swc/720575940621832542.swc	Kenyon_Cell
data/fafb_sample/swc/720575940613939090.swc	Kenyon_Cell
data/fafb_sample/swc/720575940631565359.swc	Kenyon_Cell
data/fafb_sample/swc/720575940628836345.swc	Kenyon_Cell
data/fafb_sample/swc/720575940623964820.swc	Kenyon_Cell
data/fafb_sample/swc/720575940643398180.swc	Kenyon_Cell
data/fafb_sample/swc/720575940628432834.swc	Kenyon_Cell
data/fafb_sample/swc/720575940636143679.swc	Kenyon_Cell
data/fafb_sample/swc/720575940628868943.swc	Kenyon_Cell
data/fafb_sample/swc/720575940629997561.swc	Kenyon_Cell
data/fafb_sample/swc/720575940616072665.swc	Kenyon_Cell
data/fafb_sample/swc/720575940632060641.swc	Kenyon_Cell
data/fafb_sample/swc/720575940623218687.swc	Kenyon_Cell
data/fafb_sample/swc/720575940617024769.swc	Kenyon_Cell
data/fafb_sample/swc/720575940624935182.swc	Kenyon_Cell
data/fafb_sample/swc/720575940615780353.swc	Kenyon_Cell
data/fafb_sample/swc/720575940618662939.swc	Kenyon_Cell
data/fafb_sample/swc/720575940643501472.swc	Kenyon_Cell
data/fafb_sample/swc/720575940628433511.swc	Kenyon_Cell
data/fafb_sample/swc/720575940627902440.swc	Kenyon_Cell
data/fafb_sample/swc/720575940616902630.swc	Kenyon_Cell
data/fafb_sample/swc/720575940625422090.swc	Kenyon_Cell
data/fafb_sample/swc/720575940608471563.swc	Kenyon_Cell
data/fafb_sample/swc/720575940649008761.swc	Kenyon_Cell
data/fafb_sample/swc/720575940629507450.swc	Kenyon_Cell
data/fafb_sample/swc/720575940634836671.swc	Kenyon_Cell
data/fafb_sample/swc/720575940623315347.swc	Kenyon_Cell
data/fafb_sample/swc/720575940636430437.swc	Kenyon_Cell
data/fafb_sample/swc/720575940623786421.swc	Kenyon_Cell
data/fafb_sample/swc/720575940625482084.swc	Kenyon_Cell
data/fafb_sample/swc/720575940642347936.swc	Kenyon_Cell
data/fafb_sample/swc/720575940624014077.swc	Kenyon_Cell
data/fafb_sample/swc/720575940621122164.swc	Kenyon_Cell
data/fafb_sample/swc/720575940625532689.swc	Kenyon_Cell
data/fafb_sample/swc/720575940631624761.swc	Kenyon_Cell
data/fafb_sample/swc/720575940614784918.swc	Kenyon_Cell
data/fafb_sample/swc/720575940615839174.swc	Kenyon_Cell
data/fafb_sample/swc/720575940629148672.swc	Kenyon_Cell
data/fafb_sample/swc/720575940618359745.swc	Kenyon_Cell
data/fafb_sample/swc/720575940629164283.swc	Kenyon_Cell
data/fafb_sample/swc/720575940649012857.swc	Kenyon_Cell
data/fafb_sample/swc/720575940635452408.swc	Kenyon_Cell
data/fafb_sample/swc/720575940617143966.swc	Kenyon_Cell
data/fafb_sample/swc/720575940639905232.swc	Kenyon_Cell
data/fafb_sample/swc/720575940619793012.swc	Kenyon_Cell
data/fafb_sample/swc/720575940619475376.swc	Kenyon_Cell
data/fafb_sample/swc/720575940623369668.swc	Kenyon_Cell
data/fafb_sample/swc/720575940610812258.swc	Kenyon_Cell
data/fafb_sample/swc/720575940617717917.swc	Kenyon_Cell
data/fafb_sample/swc/720575940618181445.swc	Kenyon_Cell
data/fafb_sample/swc/720575940614251670.swc	Kenyon_Cell
data/fafb_sample/swc/720575940633560545.swc	Kenyon_Cell
data/fafb_sample/swc/720575940624570917.swc	Kenyon_Cell
data/fafb_sample/swc/720575940632473440.swc	Kenyon_Cell
data/fafb_sample/swc/720575940610535890.swc	Kenyon_Cell
data/fafb_sample/swc/720575940611489010.swc	Kenyon_Cell
data/fafb_sample/swc/720575940625995251.swc	Kenyon_Cell
data/fafb_sample/swc/720575940628519020.swc	Kenyon_Cell
data/fafb_sample/swc/720575940633188459.swc	Kenyon_Cell
data/fafb_sample/swc/720575940625485181.swc	Kenyon_Cell
data/fafb_sample/swc/720575940637869028.swc	Kenyon_Cell
data/fafb_sample/swc/720575940631587897.swc	Kenyon_Cell
data/fafb_sample/swc/720575940627717575.swc	Kenyon_Cell
data/fafb_sample/swc/720575940622339549.swc	Kenyon_Cell
data/fafb_sample/swc/720575940630300613.swc	Kenyon_Cell
data/fafb_sample/swc/720575940613452525.swc	Kenyon_Cell
data/fafb_sample/swc/720575940622428087.swc	Kenyon_Cell
data/fafb_sample/swc/720575940637256245.swc	Kenyon_Cell
data/fafb_sample/swc/720575940631453763.swc	Kenyon_Cell
data/fafb_sample/swc/720575940615255090.swc	Kenyon_Cell
data/fafb_sample/swc/720575940626265084.swc	Kenyon_Cell
data/fafb_sample/swc/720575940612767126.swc	Kenyon_Cell
data/fafb_sample/swc/720575940629202167.swc	Kenyon_Cell
data/fafb_sample/swc/720575940632172591.swc	Kenyon_Cell
data/fafb_sample/swc/720575940615696070.swc	Kenyon_Cell
data/fafb_sample/swc/720575940637594995.swc	Kenyon_Cell
data/fafb_sample/swc/720575940606730076.swc	Kenyon_Cell
data/fafb_sample/swc/720575940622781389.swc	Kenyon_Cell
data/fafb_sample/swc/720575940612362663.swc	Kenyon_Cell
data/fafb_sample/swc/720575940622768152.swc	Kenyon_Cell
data/fafb_sample/swc/720575940617931547.swc	Kenyon_Cell
data/fafb_sample/swc/720575940620227617.swc	Kenyon_Cell
data/fafb_sample/swc/720575940620344837.swc	Kenyon_Cell
data/fafb_sample/swc/720575940619112102.swc	Kenyon_Cell
data/fafb_sample/swc/720575940620929238.swc	Kenyon_Cell
data/fafb_sample/swc/720575940608663765.swc	Kenyon_Cell
data/fafb_sample/swc/720575940619825237.swc	Kenyon_Cell
data/fafb_sample/swc/720575940642338464.swc	Kenyon_Cell
data/fafb_sample/swc/720575940618131505.swc	Kenyon_Cell
data/fafb_sample/swc/720575940633566690.swc	Kenyon_Cell
data/fafb_sample/swc/720575940611343054.swc	Kenyon_Cell
data/fafb_sample/swc/720575940609318446.swc	Kenyon_Cell
data/fafb_sample/swc/720575940633021631.swc	Kenyon_Cell
data/fafb_sample/swc/720575940627626695.swc	Kenyon_Cell
data/fafb_sample/swc/720575940629417728.swc	Kenyon_Cell
data/fafb_sample/swc/720575940614418118.swc	Kenyon_Cell
data/fafb_sample/swc/720575940627016859.swc	Kenyon_Cell
data/fafb_sample/swc/720575940629532542.swc	Kenyon_Cell
data/fafb_sample/swc/720575940618992749.swc	Kenyon_Cell
data/fafb_sample/swc/720575940628084224.swc	Kenyon_Cell
data/fafb_sample/swc/720575940639212632.swc	Kenyon_Cell
data/fafb_sample/swc/720575940621552372.swc	Kenyon_Cell
data/fafb_sample/swc/720575940607177739.swc	Kenyon_Cell
data/fafb_sample/swc/720575940646773044.swc	Kenyon_Cell
data/fafb_sample/swc/720575940621716067.swc	Kenyon_Cell
data/fafb_sample/swc/720575940639126069.swc	Kenyon_Cell
data/fafb_sample/swc/720575940610308757.swc	Kenyon_Cell
data/fafb_sample/swc/720575940626090340.swc	Kenyon_Cell
data/fafb_sample/swc/720575940623707656.swc	Kenyon_Cell
data/fafb_sample/swc/720575940621163636.swc	Kenyon_Cell
data/fafb_sample/swc/720575940612435454.swc	Kenyon_Cell
data/fafb_sample/swc/720575940611310894.swc	Kenyon_Cell
data/fafb_sample/swc/720575940638888307.swc	Kenyon_Cell
data/fafb_sample/swc/720575940621552116.swc	Kenyon_Cell
data/fafb_sample/swc/720575940637733702.swc	Kenyon_Cell
data/fafb_sample/swc/720575940638561102.swc	Kenyon_Cell
data/fafb_sample/swc/720575940649650041.swc	Kenyon_Cell
data/fafb_sample/swc/720575940608345867.swc	Kenyon_Cell
data/fafb_sample/swc/720575940632736045.swc	Kenyon_Cell
data/fafb_sample/swc/720575940626284157.swc	Kenyon_Cell
data/fafb_sample/swc/720575940634163552.swc	Kenyon_Cell
data/fafb_sample/swc/720575940621477402.swc	Kenyon_Cell
data/fafb_sample/swc/720575940637539647.swc	Kenyon_Cell
data/fafb_sample/swc/720575940624563075.swc	Kenyon_Cell
data/fafb_sample/swc/720575940649020537.swc	Kenyon_Cell
data/fafb_sample/swc/720575940605060798.swc	Kenyon_Cell
data/fafb_sample/swc/720575940621174742.swc	Kenyon_Cell
data/fafb_sample/swc/720575940614490018.swc	Kenyon_Cell
data/fafb_sample/swc/720575940621019457.swc	Kenyon_Cell
data/fafb_sample/swc/720575940631792440.swc	Kenyon_Cell
data/fafb_sample/swc/720575940616673497.swc	Kenyon_Cell
data/fafb_sample/swc/720575940604132710.swc	Kenyon_Cell
data/fafb_sample/swc/720575940633691161.swc	Kenyon_Cell
data/fafb_sample/swc/720575940618776833.swc	Kenyon_Cell
data/fafb_sample/swc/720575940633516980.swc	Kenyon_Cell
data/fafb_sample/swc/720575940625598802.swc	Kenyon_Cell
data/fafb_sample/swc/720575940619701631.swc	Kenyon_Cell
data/fafb_sample/swc/720575940632347423.swc	Kenyon_Cell
data/fafb_sample/swc/720575940617038337.swc	Kenyon_Cell
data/fafb_sample/swc/720575940628359895.swc	Kenyon_Cell
data/fafb_sample/swc/720575940619155029.swc	Kenyon_Cell
data/fafb_sample/swc/720575940604576689.swc	Kenyon_Cell
data/fafb_sample/swc/720575940634195448.swc	Kenyon_Cell
data/fafb_sample/swc/720575940639071029.swc	Kenyon_Cell
data/fafb_sample/swc/720575940636242039.swc	Kenyon_Cell
data/fafb_sample/swc/720575940621290017.swc	Kenyon_Cell
data/fafb_sample/swc/720575940621288225.swc	Kenyon_Cell
data/fafb_sample/swc/720575940612196589.swc	Kenyon_Cell
data/fafb_sample/swc/720575940628007171.swc	CX
data/fafb_sample/swc/720575940613152175.swc	CX
data/fafb_sample/swc/720575940616299348.swc	CX
data/fafb_sample/swc/720575940629606475.swc	CX
data/fafb_sample/swc/720575940632803223.swc	CX
data/fafb_sample/swc/720575940621343764.swc	CX
data/fafb_sample/swc/720575940638305853.swc	CX
data/fafb_sample/swc/720575940632996307.swc	CX
data/fafb_sample/swc/720575940617501533.swc	CX
data/fafb_sample/swc/720575940619370416.swc	CX
data/fafb_sample/swc/720575940628881659.swc	CX
data/fafb_sample/swc/720575940623392949.swc	CX
data/fafb_sample/swc/720575940618133371.swc	CX
data/fafb_sample/swc/720575940612973096.swc	CX
data/fafb_sample/swc/720575940633848312.swc	CX
data/fafb_sample/swc/720575940628831482.swc	CX
data/fafb_sample/swc/720575940630596921.swc	CX
data/fafb_sample/swc/720575940633909600.swc	CX
data/fafb_sample/swc/720575940613490841.swc	CX
data/fafb_sample/swc/720575940637066352.swc	CX
data/fafb_sample/swc/720575940618590923.swc	CX
data/fafb_sample/swc/720575940617585624.swc	CX
data/fafb_sample/swc/720575940622690824.swc	CX
data/fafb_sample/swc/720575940616200298.swc	CX
data/fafb_sample/swc/720575940617068066.swc	CX
data/fafb_sample/swc/720575940620027515.swc	CX
data/fafb_sample/swc/720575940638860496.swc	CX
data/fafb_sample/swc/720575940624175653.swc	CX
data/fafb_sample/swc/720575940612327446.swc	CX
data/fafb_sample/swc/720575940627669886.swc	CX
data/fafb_sample/swc/720575940609604875.swc	CX
data/fafb_sample/swc/720575940625453145.swc	CX
data/fafb_sample/swc/720575940615889638.swc	CX
data/fafb_sample/swc/720575940636242778.swc	CX
data/fafb_sample/swc/720575940630541416.swc	CX
data/fafb_sample/swc/720575940638850512.swc	CX
data/fafb_sample/swc/720575940648938617.swc	CX
data/fafb_sample/swc/720575940620841310.swc	CX
data/fafb_sample/swc/720575940637142837.swc	CX
data/fafb_sample/swc/720575940628523819.swc	CX
data/fafb_sample/swc/720575940617334299.swc	CX
data/fafb_sample/swc/720575940615183755.swc	CX
data/fafb_sample/swc/720575940627162344.swc	CX
data/fafb_sample/swc/720575940615712468.swc	CX
data/fafb_sample/swc/720575940643576224.swc	CX
data/fafb_sample/swc/720575940607938517.swc	CX
data/fafb_sample/swc/720575940619615936.swc	CX
data/fafb_sample/swc/720575940605361841.swc	CX
data/fafb_sample/swc/720575940629468739.swc	CX
data/fafb_sample/swc/720575940615929584.swc	CX
data/fafb_sample/swc/720575940623066126.swc	CX
data/fafb_sample/swc/720575940617187329.swc	CX
data/fafb_sample/swc/720575940627660135.swc	CX
data/fafb_sample/swc/720575940622499819.swc	CX
data/fafb_sample/swc/720575940636735198.swc	CX
data/fafb_sample/swc/720575940613152423.swc	CX
data/fafb_sample/swc/720575940603823462.swc	CX
data/fafb_sample/swc/720575940625093528.swc	CX
data/fafb_sample/swc/720575940638549574.swc	CX
data/fafb_sample/swc/720575940623880013.swc	CX
data/fafb_sample/swc/720575940628705271.swc	CX
data/fafb_sample/swc/720575940638086528.swc	CX
data/fafb_sample/swc/720575940634248184.swc	CX
data/fafb_sample/swc/720575940628362812.swc	CX
data/fafb_sample/swc/720575940626449082.swc	CX
data/fafb_sample/swc/720575940624888880.swc	CX
data/fafb_sample/swc/720575940650785657.swc	CX
data/fafb_sample/swc/720575940621490968.swc	CX
data/fafb_sample/swc/720575940627526376.swc	CX
data/fafb_sample/swc/720575940632943199.swc	CX
data/fafb_sample/swc/720575940629703722.swc	CX
data/fafb_sample/swc/720575940628050950.swc	CX
data/fafb_sample/swc/720575940621765467.swc	CX
data/fafb_sample/swc/720575940618508518.swc	CX
data/fafb_sample/swc/720575940641306765.swc	CX
data/fafb_sample/swc/720575940608722371.swc	CX
data/fafb_sample/swc/720575940617232017.swc	CX
data/fafb_sample/swc/720575940609181486.swc	CX
data/fafb_sample/swc/720575940627740922.swc	CX
data/fafb_sample/swc/720575940625378121.swc	CX
data/fafb_sample/swc/720575940629213639.swc	CX
data/fafb_sample/swc/720575940623018983.swc	CX
data/fafb_sample/swc/720575940615463825.swc	CX
data/fafb_sample/swc/720575940624754981.swc	CX
data/fafb_sample/swc/720575940652809889.swc	CX
data/fafb_sample/swc/720575940637369909.swc	CX
data/fafb_sample/swc/720575940626610960.swc	CX
data/fafb_sample/swc/720575940625816212.swc	CX
data/fafb_sample/swc/720575940639455477.swc	CX
data/fafb_sample/swc/720575940612585011.swc	CX
data/fafb_sample/swc/720575940628182722.swc	CX
data/fafb_sample/swc/720575940614853535.swc	CX
data/fafb_sample/swc/720575940605583136.swc	CX
data/fafb_sample/swc/720575940623325932.swc	CX
data/fafb_sample/swc/720575940620831308.swc	CX
data/fafb_sample/swc/720575940627913436.swc	CX
data/fafb_sample/swc/720575940642984471.swc	CX
data/fafb_sample/swc/720575940614017534.swc	CX
data/fafb_sample/swc/720575940611784726.swc	CX
data/fafb_sample/swc/720575940603943456.swc	CX
data/fafb_sample/swc/720575940613793302.swc	CX
data/fafb_sample/swc/720575940622811636.swc	CX
data/fafb_sample/swc/720575940644786228.swc	CX
data/fafb_sample/swc/720575940626814666.swc	CX
data/fafb_sample/swc/720575940612824978.swc	CX
data/fafb_sample/swc/720575940619767744.swc	CX
data/fafb_sample/swc/720575940618374558.swc	CX
data/fafb_sample/swc/720575940610444530.swc	CX
data/fafb_sample/swc/720575940621512291.swc	CX
data/fafb_sample/swc/720575940613842700.swc	CX
data/fafb_sample/swc/720575940625233445.swc	CX
data/fafb_sample/swc/720575940626458897.swc	CX
data/fafb_sample/swc/720575940627916410.swc	CX
data/fafb_sample/swc/720575940604561766.swc	CX
data/fafb_sample/swc/720575940617077533.swc	CX
data/fafb_sample/swc/720575940629983884.swc	CX
data/fafb_sample/swc/720575940638130758.swc	CX
data/fafb_sample/swc/720575940624583708.swc	CX
data/fafb_sample/swc/720575940623261703.swc	CX
data/fafb_sample/swc/720575940628585922.swc	CX
data/fafb_sample/swc/720575940627426919.swc	CX
data/fafb_sample/swc/720575940622840300.swc	CX
data/fafb_sample/swc/720575940624290232.swc	CX
data/fafb_sample/swc/720575940626824015.swc	CX
data/fafb_sample/swc/720575940635666409.swc	CX
data/fafb_sample/swc/720575940618317726.swc	CX
data/fafb_sample/swc/720575940644178468.swc	CX
data/fafb_sample/swc/720575940612855505.swc	CX
data/fafb_sample/swc/720575940608745006.swc	CX
data/fafb_sample/swc/720575940615442315.swc	CX
data/fafb_sample/swc/720575940638027497.swc	CX
data/fafb_sample/swc/720575940634360056.swc	CX
data/fafb_sample/swc/720575940630982712.swc	CX
data/fafb_sample/swc/720575940613184362.swc	CX
data/fafb_sample/swc/720575940629008079.swc	CX
data/fafb_sample/swc/720575940626894588.swc	CX
data/fafb_sample/swc/720575940610151130.swc	CX
data/fafb_sample/swc/720575940634151672.swc	CX
data/fafb_sample/swc/720575940605756081.swc	CX
data/fafb_sample/swc/720575940636063204.swc	CX
data/fafb_sample/swc/720575940630087235.swc	CX
data/fafb_sample/swc/720575940628990713.swc	CX
data/fafb_sample/swc/720575940622942868.swc	CX
data/fafb_sample/swc/720575940625294217.swc	CX
data/fafb_sample/swc/720575940618129355.swc	CX
data/fafb_sample/swc/720575940626973821.swc	CX
data/fafb_sample/swc/720575940619829765.swc	CX
data/fafb_sample/swc/720575940615682955.swc	CX
data/fafb_sample/swc/720575940637477565.swc	CX
data/fafb_sample/swc/720575940617978526.swc	CX
data/fafb_sample/swc/720575940637591262.swc	CX
data/fafb_sample/swc/720575940623194632.swc	CX
data/fafb_sample/swc/720575940634833806.swc	CX
data/fafb_sample/swc/720575940614337130.swc	CX
data/fafb_sample/swc/720575940618225067.swc	CX
data/fafb_sample/swc/720575940620267073.swc	CX
data/fafb_sample/swc/720575940613794060.swc	CX
data/fafb_sample/swc/720575940603932448.swc	CX
data/fafb_sample/swc/720575940628140785.swc	CX
data/fafb_sample/swc/720575940633223727.swc	CX
data/fafb_sample/swc/720575940611606830.swc	CX
data/fafb_sample/swc/720575940621066776.swc	CX
data/fafb_sample/swc/720575940621811182.swc	CX
data/fafb_sample/swc/720575940624156391.swc	CX
data/fafb_sample/swc/720575940628984950.swc	CX
data/fafb_sample/swc/720575940615677780.swc	CX
data/fafb_sample/swc/720575940638060632.swc	CX
data/fafb_sample/swc/720575940610449587.swc	CX
data/fafb_sample/swc/720575940627807994.swc	CX
data/fafb_sample/swc/720575940617912536.swc	CX
data/fafb_sample/swc/720575940612127151.swc	CX
data/fafb_sample/swc/720575940622030861.swc	CX
data/fafb_sample/swc/720575940620224801.swc	CX
data/fafb_sample/swc/720575940608185986.swc	CX
data/fafb_sample/swc/720575940618177739.swc	CX
data/fafb_sample/swc/720575940637934141.swc	CX
data/fafb_sample/swc/720575940622184701.swc	CX
data/fafb_sample/swc/720575940623280457.swc	CX
data/fafb_sample/swc/720575940610634725.swc	CX
data/fafb_sample/swc/720575940625590653.swc	CX
data/fafb_sample/swc/720575940625172764.swc	CX
data/fafb_sample/swc/720575940632216289.swc	CX
data/fafb_sample/swc/720575940630892344.swc	CX
data/fafb_sample/swc/720575940630199963.swc	CX
data/fafb_sample/swc/720575940611547098.swc	CX
data/fafb_sample/swc/720575940622364771.swc	CX
data/fafb_sample/swc/720575940626535189.swc	CX
data/fafb_sample/swc/720575940613231313.swc	CX
data/fafb_sample/swc/720575940609843349.swc	CX
data/fafb_sample/swc/720575940611296790.swc	CX
data/fafb_sample/swc/720575940616617245.swc	CX
data/fafb_sample/swc/720575940638890192.swc	CX
data/fafb_sample/swc/720575940617047297.swc	CX
data/fafb_sample/swc/720575940612936154.swc	CX
data/fafb_sample/swc/720575940626637128.swc	CX
data/fafb_sample/swc/720575940608413705.swc	CX
data/fafb_sample/swc/720575940625875402.swc	CX
data/fafb_sample/swc/720575940623084471.swc	CX
data/fafb_sample/swc/720575940611376882.swc	CX
data/fafb_sample/swc/720575940616764731.swc	CX
data/fafb_sample/swc/720575940617098580.swc	CX
data/fafb_sample/swc/720575940611453041.swc	CX
data/fafb_sample/swc/720575940626261480.swc	CX
data/fafb_sample/swc/720575940643937316.swc	CX
data/fafb_sample/swc/720575940640257152.swc	CX
data/fafb_sample/swc/720575940623220919.swc	CX
data/fafb_sample/swc/720575940615654715.swc	CX
data/fafb_sample/swc/720575940615612066.swc	CX
data/fafb_sample/swc/720575940630773585.swc	CX
data/fafb_sample/swc/720575940625796133.swc	CX
data/fafb_sample/swc/720575940619114689.swc	CX
data/fafb_sample/swc/720575940659184257.swc	CX
data/fafb_sample/swc/720575940622523101.swc	CX
data/fafb_sample/swc/720575940612249651.swc	CX
data/fafb_sample/swc/720575940608370866.swc	CX
data/fafb_sample/swc/720575940605726642.swc	CX
data/fafb_sample/swc/720575940613492114.swc	CX
data/fafb_sample/swc/720575940637369653.swc	CX
data/fafb_sample/swc/720575940612453522.swc	CX
data/fafb_sample/swc/720575940624222014.swc	CX
data/fafb_sample/swc/720575940610219715.swc	CX
data/fafb_sample/swc/720575940621825518.swc	CX
data/fafb_sample/swc/720575940611583923.swc	CX
data/fafb_sample/swc/720575940630111628.swc	CX
data/fafb_sample/swc/720575940626471957.swc	CX
data/fafb_sample/swc/720575940624103399.swc	CX
data/fafb_sample/swc/720575940635678942.swc	CX
data/fafb_sample/swc/720575940604498208.swc	CX
data/fafb_sample/swc/720575940628708624.swc	CX
data/fafb_sample/swc/720575940638251904.swc	CX
data/fafb_sample/swc/720575940613839116.swc	CX
data/fafb_sample/swc/720575940627460849.swc	CX
data/fafb_sample/swc/720575940630980409.swc	CX
data/fafb_sample/swc/720575940614920379.swc	CX
data/fafb_sample/swc/720575940624940336.swc	CX
data/fafb_sample/swc/720575940618734575.swc	CX
data/fafb_sample/swc/720575940604110513.swc	CX
data/fafb_sample/swc/720575940631626491.swc	CX
data/fafb_sample/swc/720575940614123570.swc	CX
data/fafb_sample/swc/720575940607287305.swc	CX
data/fafb_sample/swc/720575940608065987.swc	CX
data/fafb_sample/swc/720575940634419051.swc	CX
data/fafb_sample/swc/720575940628809687.swc	CX
data/fafb_sample/swc/720575940612979090.swc	CX
data/fafb_sample/swc/720575940621499004.swc	CX
data/fafb_sample/swc/720575940630792275.swc	CX
data/fafb_sample/swc/720575940638185331.swc	CX
data/fafb_sample/swc/720575940620129694.swc	CX
data/fafb_sample/swc/720575940619972446.swc	CX
data/fafb_sample/swc/720575940626793871.swc	CX
data/fafb_sample/swc/720575940618618350.swc	CX
data/fafb_sample/swc/720575940635319663.swc	CX
data/fafb_sample/swc/720575940620014203.swc	CX
data/fafb_sample/swc/720575940612870952.swc	CX
data/fafb_sample/swc/720575940631449411.swc	CX
data/fafb_sample/swc/720575940622217654.swc	CX
data/fafb_sample/swc/720575940631813796.swc	CX
data/fafb_sample/swc/720575940612131025.swc	CX
data/fafb_sample/swc/720575940630903623.swc	CX
data/fafb_sample/swc/720575940623306168.swc	CX
data/fafb_sample/swc/720575940607309577.swc	CX
data/fafb_sample/swc/720575940620147067.swc	CX
data/fafb_sample/swc/720575940626371898.swc	CX
data/fafb_sample/swc/720575940612377775.swc	CX
data/fafb_sample/swc/720575940623436531.swc	CX
data/fafb_sample/swc/720575940645448995.swc	CX
data/fafb_sample/swc/720575940621485552.swc	CX
data/fafb_sample/swc/720575940619658111.swc	CX
data/fafb_sample/swc/720575940616542277.swc	CX
data/fafb_sample/swc/720575940630404655.swc	CX
data/fafb_sample/swc/720575940633738903.swc	CX
data/fafb_sample/swc/720575940610694067.swc	CX
data/fafb_sample/swc/720575940626740243.swc	CX
data/fafb_sample/swc/720575940616005009.swc	CX
data/fafb_sample/swc/720575940625464328.swc	CX
data/fafb_sample/swc/720575940636588724.swc	CX
data/fafb_sample/swc/720575940628164229.swc	CX
data/fafb_sample/swc/720575940632052010.swc	CX
data/fafb_sample/swc/720575940614799154.swc	CX
data/fafb_sample/swc/720575940637969222.swc	CX
data/fafb_sample/swc/720575940630007916.swc	CX
data/fafb_sample/swc/720575940619994294.swc	CX
data/fafb_sample/swc/720575940613372127.swc	CX
data/fafb_sample/swc/720575940632977633.swc	CX
data/fafb_sample/swc/720575940608068035.swc	CX
data/fafb_sample/swc/720575940614154786.swc	CX
data/fafb_sample/swc/720575940638278333.swc	CX
data/fafb_sample/swc/720575940612925078.swc	CX
data/fafb_sample/swc/720575940628802041.swc	CX
data/fafb_sample/swc/720575940636561332.swc	CX
data/fafb_sample/swc/720575940612012566.swc	CX
data/fafb_sample/swc/720575940629511802.swc	CX
data/fafb_sample/swc/720575940629786103.swc	CX
data/fafb_sample/swc/720575940631701499.swc	CX
data/fafb_sample/swc/720575940615193138.swc	CX
data/fafb_sample/swc/720575940616507807.swc	CX
data/fafb_sample/swc/720575940616819345.swc	CX
data/fafb_sample/swc/720575940623973837.swc	CX
data/fafb_sample/swc/720575940621088536.swc	CX
data/fafb_sample/swc/720575940606681099.swc	CX
data/fafb_sample/swc/720575940610147790.swc	CX
data/fafb_sample/swc/720575940625683077.swc	CX
data/fafb_sample/swc/720575940625395096.swc	CX
data/fafb_sample/swc/720575940624166949.swc	CX
data/fafb_sample/swc/720575940616545793.swc	CX
data/fafb_sample/swc/720575940628194895.swc	CX
data/fafb_sample/swc/720575940650293494.swc	CX
data/fafb_sample/swc/720575940627446090.swc	CX
data/fafb_sample/swc/720575940625863690.swc	CX
data/fafb_sample/swc/720575940612916114.swc	CX
data/fafb_sample/swc/720575940611243690.swc	CX
data/fafb_sample/swc/720575940616462310.swc	CX
data/fafb_sample/swc/720575940617724107.swc	CX
data/fafb_sample/swc/720575940626090782.swc	CX
data/fafb_sample/swc/720575940645909300.swc	CX
data/fafb_sample/swc/720575940627306124.swc	CX
data/fafb_sample/swc/720575940629483735.swc	CX
data/fafb_sample/swc/720575940622252493.swc	CX
data/fafb_sample/swc/720575940625301604.swc	CX
data/fafb_sample/swc/720575940604033708.swc	CX
data/fafb_sample/swc/720575940626194428.swc	CX
data/fafb_sample/swc/720575940613214098.swc	CX
data/fafb_sample/swc/720575940624012350.swc	CX
data/fafb_sample/swc/720575940621616518.swc	CX
data/fafb_sample/swc/720575940631848791.swc	CX
data/fafb_sample/swc/720575940628806607.swc	CX
data/fafb_sample/swc/720575940611284659.swc	CX
data/fafb_sample/swc/720575940643020836.swc	CX
data/fafb_sample/swc/720575940616968733.swc	CX
data/fafb_sample/swc/720575940622226870.swc	CX
data/fafb_sample/swc/720575940622331786.swc	CX
data/fafb_sample/swc/720575940623222542.swc	CX
data/fafb_sample/swc/720575940629842499.swc	CX
data/fafb_sample/swc/720575940612922339.swc	CX
data/fafb_sample/swc/720575940629372747.swc	CX
data/fafb_sample/swc/720575940611851506.swc	CX
data/fafb_sample/swc/720575940636730694.swc	CX
data/fafb_sample/swc/720575940638169456.swc	CX
data/fafb_sample/swc/720575940638319744.swc	CX
data/fafb_sample/swc/720575940610237394.swc	CX
data/fafb_sample/swc/720575940629889080.swc	CX
data/fafb_sample/swc/720575940618858837.swc	CX
data/fafb_sample/swc/720575940617523174.swc	CX
data/fafb_sample/swc/720575940636345707.swc	CX
data/fafb_sample/swc/720575940626119240.swc	CX
data/fafb_sample/swc/720575940631413156.swc	CX
data/fafb_sample/swc/720575940629615417.swc	CX
data/fafb_sample/swc/720575940613799274.swc	CX
data/fafb_sample/swc/720575940621749226.swc	CX
data/fafb_sample/swc/720575940634893419.swc	CX
data/fafb_sample/swc/720575940624274276.swc	CX
data/fafb_sample/swc/720575940635969758.swc	CX
data/fafb_sample/swc/720575940610545561.swc	CX
data/fafb_sample/swc/720575940624102670.swc	CX
data/fafb_sample/swc/720575940619835892.swc	CX
data/fafb_sample/swc/720575940642870820.swc	CX
data/fafb_sample/swc/720575940642492360.swc	CX
data/fafb_sample/swc/720575940625721331.swc	CX
data/fafb_sample/swc/720575940629342479.swc	CX
data/fafb_sample/swc/720575940634040244.swc	CX
data/fafb_sample/swc/720575940625156745.swc	CX
data/fafb_sample/swc/720575940644492055.swc	CX
data/fafb_sample/swc/720575940628066519.swc	CX
data/fafb_sample/swc/720575940629836611.swc	CX
data/fafb_sample/swc/720575940639702435.swc	CX
data/fafb_sample/swc/720575940627054988.swc	CX
data/fafb_sample/swc/720575940636455280.swc	CX
data/fafb_sample/swc/720575940619476126.swc	CX
data/fafb_sample/swc/720575940622461320.swc	CX
data/fafb_sample/swc/720575940629801291.swc	CX
data/fafb_sample/swc/720575940602783968.swc	CX
data/fafb_sample/swc/720575940614736559.swc	CX
data/fafb_sample/swc/720575940626897148.swc	CX
data/fafb_sample/swc/720575940636311130.swc	CX
data/fafb_sample/swc/720575940635588131.swc	CX
data/fafb_sample/swc/720575940632716128.swc	CX
data/fafb_sample/swc/720575940630758014.swc	CX
data/fafb_sample/swc/720575940625678650.swc	CX
data/fafb_sample/swc/720575940645002019.swc	CX
data/fafb_sample/swc/720575940634173176.swc	CX
data/fafb_sample/swc/720575940631824332.swc	CX
data/fafb_sample/swc/720575940653612790.swc	CX
data/fafb_sample/swc/720575940626347848.swc	CX
data/fafb_sample/swc/720575940636313701.swc	CX
data/fafb_sample/swc/720575940622334699.swc	CX
data/fafb_sample/swc/720575940622733607.swc	CX
data/fafb_sample/swc/720575940622227550.swc	CX
data/fafb_sample/swc/720575940618153153.swc	CX
data/fafb_sample/swc/720575940633242449.swc	CX
data/fafb_sample/swc/720575940626063944.swc	CX
data/fafb_sample/swc/720575940617949861.swc	CX
data/fafb_sample/swc/720575940625604098.swc	CX
data/fafb_sample/swc/720575940640749939.swc	CX
data/fafb_sample/swc/720575940626612073.swc	CX
data/fafb_sample/swc/720575940614355654.swc	CX
data/fafb_sample/swc/720575940622476682.swc	CX
data/fafb_sample/swc/720575940615518523.swc	CX
data/fafb_sample/swc/720575940626992145.swc	CX
data/fafb_sample/swc/720575940619673664.swc	CX
data/fafb_sample/swc/720575940626038403.swc	CX
data/fafb_sample/swc/720575940630894583.swc	CX
data/fafb_sample/swc/720575940631255656.swc	CX
data/fafb_sample/swc/720575940617073876.swc	CX
data/fafb_sample/swc/720575940628909950.swc	CX
data/fafb_sample/swc/720575940621746154.swc	CX
data/fafb_sample/swc/720575940610640357.swc	CX
data/fafb_sample/swc/720575940627212806.swc	CX
data/fafb_sample/swc/720575940617828731.swc	CX
data/fafb_sample/swc/720575940627400776.swc	CX
data/fafb_sample/swc/720575940624108862.swc	CX
data/fafb_sample/swc/720575940625556611.swc	CX
data/fafb_sample/swc/720575940632891106.swc	CX
data/fafb_sample/swc/720575940616973313.swc	CX
data/fafb_sample/swc/720575940628585978.swc	CX
data/fafb_sample/swc/720575940626781522.swc	CX
data/fafb_sample/swc/720575940622014471.swc	CX
data/fafb_sample/swc/720575940619126950.swc	CX
data/fafb_sample/swc/720575940628057862.swc	CX
data/fafb_sample/swc/720575940622781624.swc	CX
data/fafb_sample/swc/720575940626306321.swc	CX
data/fafb_sample/swc/720575940624704601.swc	CX
data/fafb_sample/swc/720575940613606041.swc	CX
data/fafb_sample/swc/720575940629923883.swc	CX
data/fafb_sample/swc/720575940634350291.swc	CX
data/fafb_sample/swc/720575940633303743.swc	CX
data/fafb_sample/swc/720575940622683491.swc	CX
data/fafb_sample/swc/720575940622051818.swc	CX
data/fafb_sample/swc/720575940612627058.swc	CX
data/fafb_sample/swc/720575940625131913.swc	CX
data/fafb_sample/swc/720575940628320515.swc	CX
data/fafb_sample/swc/720575940624163109.swc	CX
data/fafb_sample/swc/720575940636702174.swc	CX
data/fafb_sample/swc/720575940628211340.swc	CX
data/fafb_sample/swc/720575940625366846.swc	CX
data/fafb_sample/swc/720575940620007412.swc	CX
data/fafb_sample/swc/720575940653346550.swc	CX
data/fafb_sample/swc/720575940634809230.swc	CX
data/fafb_sample/swc/720575940624879678.swc	CX
data/fafb_sample/swc/720575940627666793.swc	CX
data/fafb_sample/swc/720575940604064958.swc	CX
data/fafb_sample/swc/720575940616330267.swc	CX
data/fafb_sample/swc/720575940610403826.swc	CX
data/fafb_sample/swc/720575940635586851.swc	CX
data/fafb_sample/swc/720575940627241402.swc	CX
data/fafb_sample/swc/720575940617716770.swc	CX
data/fafb_sample/swc/720575940619905404.swc	CX
data/fafb_sample/swc/720575940622810697.swc	CX
data/fafb_sample/swc/720575940637330142.swc	CX
data/fafb_sample/swc/720575940623781268.swc	CX
data/fafb_sample/swc/720575940615921803.swc	CX
data/fafb_sample/swc/720575940621361172.swc	CX
data/fafb_sample/swc/720575940627046479.swc	CX
data/fafb_sample/swc/720575940626609128.swc	CX
data/fafb_sample/swc/720575940624403044.swc	CX
data/fafb_sample/swc/720575940621893779.swc	CX
data/fafb_sample/swc/720575940618772870.swc	CX
data/fafb_sample/swc/720575940612311277.swc	CX
data/fafb_sample/swc/720575940642860192.swc	CX
data/fafb_sample/swc/720575940626858831.swc	CX
data/fafb_sample/swc/720575940609777476.swc	CX
data/fafb_sample/swc/720575940616891698.swc	CX
data/fafb_sample/swc/720575940633368171.swc	CX
data/fafb_sample/swc/720575940619196398.swc	CX
data/fafb_sample/swc/720575940604833982.swc	CX
data/fafb_sample/swc/720575940629113388.swc	CX
data/fafb_sample/swc/720575940618627377.swc	CX
data/fafb_sample/swc/720575940630427340.swc	CX
data/fafb_sample/swc/720575940631426700.swc	CX
data/fafb_sample/swc/720575940625144604.swc	CX
data/fafb_sample/swc/720575940635784560.swc	CX
data/fafb_sample/swc/720575940619737510.swc	CX
data/fafb_sample/swc/720575940612765330.swc	CX
data/fafb_sample/swc/720575940630022395.swc	CX
data/fafb_sample/swc/720575940613682602.swc	CX
data/fafb_sample/swc/720575940620957353.swc	CX
data/fafb_sample/swc/720575940604518432.swc	CX
data/fafb_sample/swc/720575940611048306.swc	CX
data/fafb_sample/swc/720575940634343007.swc	CX
data/fafb_sample/swc/720575940607330825.swc	CX
data/fafb_sample/swc/720575940622986219.swc	CX
data/fafb_sample/swc/720575940617752537.swc	CX
data/fafb_sample/swc/720575940626827024.swc	CX
data/fafb_sample/swc/720575940624986908.swc	CX
data/fafb_sample/swc/720575940631257647.swc	CX
data/fafb_sample/swc/720575940627140551.swc	CX
data/fafb_sample/swc/720575940626382973.swc	CX
data/fafb_sample/swc/720575940653943969.swc	CX
data/fafb_sample/swc/720575940627712335.swc	CX
data/fafb_sample/swc/720575940632824511.swc	CX
data/fafb_sample/swc/720575940604667825.swc	CX
data/fafb_sample/swc/720575940633442468.swc	CX
data/fafb_sample/swc/720575940630479631.swc	CX
data/fafb_sample/swc/720575940612689645.swc	CX
data/fafb_sample/swc/720575940636212964.swc	CX
data/fafb_sample/swc/720575940629357074.swc	CX
data/fafb_sample/swc/720575940629039660.swc	CX
data/fafb_sample/swc/720575940607862217.swc	CX
data/fafb_sample/swc/720575940639279679.swc	CX
data/fafb_sample/swc/720575940607001045.swc	CX
data/fafb_sample/swc/720575940623430621.swc	CX
data/fafb_sample/swc/720575940628008442.swc	CX
data/fafb_sample/swc/720575940610505701.swc	CX
data/fafb_sample/swc/720575940623807672.swc	CX
data/fafb_sample/swc/720575940625821017.swc	CX
data/fafb_sample/swc/720575940638845648.swc	CX
data/fafb_sample/swc/720575940632844002.swc	CX
data/fafb_sample/swc/720575940603844017.swc	CX
data/fafb_sample/swc/720575940629750138.swc	CX
data/fafb_sample/swc/720575940633262783.swc	CX
data/fafb_sample/swc/720575940629463660.swc	CX
data/fafb_sample/swc/720575940621712166.swc	CX
data/fafb_sample/swc/720575940645202467.swc	CX
data/fafb_sample/swc/720575940613829535.swc	CX
data/fafb_sample/swc/720575940631725011.swc	CX
data/fafb_sample/swc/720575940617921877.swc	CX
data/fafb_sample/swc/720575940644607011.swc	CX
data/fafb_sample/swc/720575940630057258.swc	CX
data/fafb_sample/swc/720575940604708832.swc	CX
data/fafb_sample/swc/720575940619503445.swc	CX
data/fafb_sample/swc/720575940617934576.swc	CX
data/fafb_sample/swc/720575940618424149.swc	CX
data/fafb_sample/swc/720575940645823876.swc	CX
data/fafb_sample/swc/720575940633013412.swc	CX
data/fafb_sample/swc/720575940629497462.swc	CX
data/fafb_sample/swc/720575940635814512.swc	CX
data/fafb_sample/swc/720575940630199759.swc	CX
data/fafb_sample/swc/720575940616842141.swc	CX
data/fafb_sample/swc/720575940612568985.swc	CX
data/fafb_sample/swc/720575940636940870.swc	CX
data/fafb_sample/swc/720575940624180263.swc	CX
data/fafb_sample/swc/720575940644870167.swc	CX
data/fafb_sample/swc/720575940632091929.swc	CX
data/fafb_sample/swc/720575940630569272.swc	CX
data/fafb_sample/swc/720575940602800608.swc	CX
data/fafb_sample/swc/720575940629758762.swc	CX
data/fafb_sample/swc/720575940631552204.swc	CX
data/fafb_sample/swc/720575940608014549.swc	CX
data/fafb_sample/swc/720575940605104049.swc	CX
data/fafb_sample/swc/720575940630463007.swc	CX
data/fafb_sample/swc/720575940626605211.swc	CX
data/fafb_sample/swc/720575940626947331.swc	CX
data/fafb_sample/swc/720575940621502157.swc	CX
data/fafb_sample/swc/720575940613250735.swc	CX
data/fafb_sample/swc/720575940619234241.swc	CX
data/fafb_sample/swc/720575940642855328.swc	CX
data/fafb_sample/swc/720575940631863583.swc	CX
data/fafb_sample/swc/720575940619293622.swc	CX
data/fafb_sample/swc/720575940619673222.swc	CX
data/fafb_sample/swc/720575940623559974.swc	CX
data/fafb_sample/swc/720575940613327358.swc	CX
data/fafb_sample/swc/720575940609261922.swc	CX
data/fafb_sample/swc/720575940621076144.swc	CX
data/fafb_sample/swc/720575940658101889.swc	CX
data/fafb_sample/swc/720575940634539877.swc	CX
data/fafb_sample/swc/720575940626666857.swc	CX
data/fafb_sample/swc/720575940636513784.swc	CX
data/fafb_sample/swc/720575940637890621.swc	CX
data/fafb_sample/swc/720575940602920364.swc	CX
data/fafb_sample/swc/720575940630293445.swc	CX
data/fafb_sample/swc/720575940612122152.swc	CX
data/fafb_sample/swc/720575940605020448.swc	CX
data/fafb_sample/swc/720575940612869269.swc	CX
data/fafb_sample/swc/720575940640782989.swc	CX
data/fafb_sample/swc/720575940629062999.swc	CX
data/fafb_sample/swc/720575940643535982.swc	CX
data/fafb_sample/swc/720575940628386686.swc	CX
data/fafb_sample/swc/720575940610612337.swc	CX
data/fafb_sample/swc/720575940623468988.swc	CX
data/fafb_sample/swc/720575940625349961.swc	CX
data/fafb_sample/swc/720575940623855117.swc	CX
data/fafb_sample/swc/720575940633515420.swc	CX
data/fafb_sample/swc/720575940633057762.swc	CX
data/fafb_sample/swc/720575940619185830.swc	CX
data/fafb_sample/swc/720575940633676479.swc	CX
data/fafb_sample/swc/720575940625392650.swc	CX
data/fafb_sample/swc/720575940628067846.swc	CX
data/fafb_sample/swc/720575940635990640.swc	CX
data/fafb_sample/swc/720575940620014356.swc	CX
data/fafb_sample/swc/720575940608208835.swc	CX
data/fafb_sample/swc/720575940620139643.swc	CX
data/fafb_sample/swc/720575940650338038.swc	CX
data/fafb_sample/swc/720575940620356822.swc	CX
data/fafb_sample/swc/720575940619550708.swc	CX
data/fafb_sample/swc/720575940630286639.swc	CX
data/fafb_sample/swc/720575940636381673.swc	CX
data/fafb_sample/swc/720575940626902602.swc	CX
data/fafb_sample/swc/720575940628858873.swc	CX
data/fafb_sample/swc/720575940637344613.swc	CX
data/fafb_sample/swc/720575940625698279.swc	CX
data/fafb_sample/swc/720575940653039777.swc	CX
data/fafb_sample/swc/720575940626887171.swc	CX
data/fafb_sample/swc/720575940619401563.swc	CX
data/fafb_sample/swc/720575940624638650.swc	CX
data/fafb_sample/swc/720575940628003739.swc	CX
data/fafb_sample/swc/720575940613605698.swc	CX
data/fafb_sample/swc/720575940626243965.swc	CX
data/fafb_sample/swc/720575940621276952.swc	CX
data/fafb_sample/swc/720575940633815800.swc	CX
data/fafb_sample/swc/720575940619068352.swc	CX
data/fafb_sample/swc/720575940620028513.swc	CX
data/fafb_sample/swc/720575940620142196.swc	CX
data/fafb_sample/swc/720575940618348760.swc	CX
data/fafb_sample/swc/720575940610682261.swc	CX
data/fafb_sample/swc/720575940633936279.swc	CX
data/fafb_sample/swc/720575940631983277.swc	CX
data/fafb_sample/swc/720575940630278028.swc	CX
data/fafb_sample/swc/720575940638494416.swc	CX
data/fafb_sample/swc/720575940637729370.swc	CX
data/fafb_sample/swc/720575940622016169.swc	CX
data/fafb_sample/swc/720575940619056705.swc	CX
data/fafb_sample/swc/720575940643498788.swc	CX
data/fafb_sample/swc/720575940632646189.swc	CX
data/fafb_sample/swc/720575940626646790.swc	CX
data/fafb_sample/swc/720575940629597647.swc	CX
data/fafb_sample/swc/720575940615957853.swc	CX
data/fafb_sample/swc/720575940626180358.swc	CX
data/fafb_sample/swc/720575940627227654.swc	CX
data/fafb_sample/swc/720575940632598343.swc	CX
data/fafb_sample/swc/720575940628810071.swc	CX
data/fafb_sample/swc/720575940618884299.swc	CX
data/fafb_sample/swc/720575940628972119.swc	CX
data/fafb_sample/swc/720575940625390266.swc	CX
data/fafb_sample/swc/720575940623388237.swc	CX
data/fafb_sample/swc/720575940621587396.swc	CX
data/fafb_sample/swc/720575940603549868.swc	CX
data/fafb_sample/swc/720575940625029925.swc	CX
data/fafb_sample/swc/720575940632841367.swc	CX
data/fafb_sample/swc/720575940620776662.swc	CX
data/fafb_sample/swc/720575940633918827.swc	CX
data/fafb_sample/swc/720575940607250697.swc	CX
data/fafb_sample/swc/720575940622599679.swc	CX
data/fafb_sample/swc/720575940635430030.swc	CX
data/fafb_sample/swc/720575940631025219.swc	CX
data/fafb_sample/swc/720575940621341716.swc	CX
data/fafb_sample/swc/720575940629846636.swc	CX
data/fafb_sample/swc/720575940622317897.swc	CX
data/fafb_sample/swc/720575940616197021.swc	CX
data/fafb_sample/swc/720575940629331663.swc	CX
data/fafb_sample/swc/720575940620159398.swc	CX
data/fafb_sample/swc/720575940628219479.swc	CX
data/fafb_sample/swc/720575940637674915.swc	CX
data/fafb_sample/swc/720575940628812548.swc	CX
data/fafb_sample/swc/720575940603238828.swc	CX
data/fafb_sample/swc/720575940625276745.swc	CX
data/fafb_sample/swc/720575940627038792.swc	CX
data/fafb_sample/swc/720575940625899751.swc	CX
data/fafb_sample/swc/720575940614773032.swc	CX
data/fafb_sample/swc/720575940636229183.swc	CX
data/fafb_sample/swc/720575940617337413.swc	CX
data/fafb_sample/swc/720575940644188439.swc	CX
data/fafb_sample/swc/720575940631619384.swc	CX
data/fafb_sample/swc/720575940619072158.swc	CX
data/fafb_sample/swc/720575940624307658.swc	CX
data/fafb_sample/swc/720575940639184361.swc	CX
data/fafb_sample/swc/720575940630590255.swc	CX
data/fafb_sample/swc/720575940638081870.swc	CX
data/fafb_sample/swc/720575940653053857.swc	CX
data/fafb_sample/swc/720575940631244136.swc	CX
data/fafb_sample/swc/720575940616569601.swc	CX
data/fafb_sample/swc/720575940628766780.swc	CX
data/fafb_sample/swc/720575940630306095.swc	CX
data/fafb_sample/swc/720575940625493604.swc	CX
data/fafb_sample/swc/720575940626456083.swc	CX
data/fafb_sample/swc/720575940629860395.swc	CX
data/fafb_sample/swc/720575940630148655.swc	CX
data/fafb_sample/swc/720575940613052200.swc	CX
data/fafb_sample/swc/720575940617688267.swc	CX
data/fafb_sample/swc/720575940625455247.swc	CX
data/fafb_sample/swc/720575940658902401.swc	CX
data/fafb_sample/swc/720575940630852300.swc	CX
data/fafb_sample/swc/720575940626375305.swc	CX
data/fafb_sample/swc/720575940625259056.swc	CX
data/fafb_sample/swc/720575940626429383.swc	CX
data/fafb_sample/swc/720575940642486747.swc	CX
data/fafb_sample/swc/720575940609427246.swc	CX
data/fafb_sample/swc/720575940613490995.swc	CX
data/fafb_sample/swc/720575940612772077.swc	CX
data/fafb_sample/swc/720575940623440381.swc	CX
data/fafb_sample/swc/720575940614055180.swc	CX
data/fafb_sample/swc/720575940621231459.swc	CX
data/fafb_sample/swc/720575940630520314.swc	CX
data/fafb_sample/swc/720575940612852898.swc	CX
data/fafb_sample/swc/720575940605837024.swc	CX
data/fafb_sample/swc/720575940631165613.swc	CX
data/fafb_sample/swc/720575940628137222.swc	CX
data/fafb_sample/swc/720575940615444882.swc	CX
data/fafb_sample/swc/720575940612218349.swc	CX
data/fafb_sample/swc/720575940632736703.swc	CX
data/fafb_sample/swc/720575940615942896.swc	CX
data/fafb_sample/swc/720575940625195353.swc	CX
data/fafb_sample/swc/720575940614002143.swc	CX
data/fafb_sample/swc/720575940618900144.swc	CX
data/fafb_sample/swc/720575940638488125.swc	CX
data/fafb_sample/swc/720575940624863516.swc	CX
data/fafb_sample/swc/720575940644038180.swc	CX
data/fafb_sample/swc/720575940637260622.swc	CX
data/fafb_sample/swc/720575940630786733.swc	CX
data/fafb_sample/swc/720575940615785755.swc	CX
data/fafb_sample/swc/720575940619237985.swc	CX
data/fafb_sample/swc/720575940629268486.swc	CX
data/fafb_sample/swc/720575940629174012.swc	CX
data/fafb_sample/swc/720575940611964882.swc	CX
data/fafb_sample/swc/720575940635229797.swc	CX
data/fafb_sample/swc/720575940637644659.swc	CX
data/fafb_sample/swc/720575940606731529.swc	CX
data/fafb_sample/swc/720575940625579141.swc	CX
data/fafb_sample/swc/720575940631698861.swc	CX
data/fafb_sample/swc/720575940615043670.swc	CX
data/fafb_sample/swc/720575940611568686.swc	CX
data/fafb_sample/swc/720575940619661632.swc	CX
data/fafb_sample/swc/720575940633391211.swc	CX
data/fafb_sample/swc/720575940610704078.swc	CX
data/fafb_sample/swc/720575940639065472.swc	CX
data/fafb_sample/swc/720575940643703588.swc	CX
data/fafb_sample/swc/720575940638832512.swc	CX
data/fafb_sample/swc/720575940650516214.swc	CX
data/fafb_sample/swc/720575940632059673.swc	CX
data/fafb_sample/swc/720575940619766655.swc	CX
data/fafb_sample/swc/720575940617155742.swc	CX
data/fafb_sample/swc/720575940628141818.swc	CX
data/fafb_sample/swc/720575940637487694.swc	CX
data/fafb_sample/swc/720575940637906803.swc	CX
data/fafb_sample/swc/720575940629459441.swc	CX
data/fafb_sample/swc/720575940614336106.swc	CX
data/fafb_sample/swc/720575940623219463.swc	CX
data/fafb_sample/swc/720575940624892858.swc	CX
data/fafb_sample/swc/720575940612760994.swc	CX
data/fafb_sample/swc/720575940625537301.swc	CX
data/fafb_sample/swc/720575940637303415.swc	CX
data/fafb_sample/swc/720575940613760927.swc	CX
data/fafb_sample/swc/720575940631004728.swc	CX
data/fafb_sample/swc/720575940625516830.swc	CX
data/fafb_sample/swc/720575940613326250.swc	CX
data/fafb_sample/swc/720575940613686442.swc	CX
data/fafb_sample/swc/720575940634627191.swc	CX
data/fafb_sample/swc/720575940625218685.swc	CX
data/fafb_sample/swc/720575940612465960.swc	CX
data/fafb_sample/swc/720575940631100124.swc	CX
data/fafb_sample/swc/720575940625541434.swc	CX
data/fafb_sample/swc/720575940609857486.swc	CX
data/fafb_sample/swc/720575940612351510.swc	CX
data/fafb_sample/swc/720575940625009182.swc	CX
data/fafb_sample/swc/720575940630556743.swc	CX
data/fafb_sample/swc/720575940624135205.swc	CX
data/fafb_sample/swc/720575940623277547.swc	CX
data/fafb_sample/swc/720575940629691753.swc	CX
data/fafb_sample/swc/720575940617494232.swc	CX
data/fafb_sample/swc/720575940612330154.swc	CX
data/fafb_sample/swc/720575940608328387.swc	CX
data/fafb_sample/swc/720575940611527794.swc	CX
data/fafb_sample/swc/720575940609536120.swc	CX
data/fafb_sample/swc/720575940632718944.swc	CX
data/fafb_sample/swc/720575940610642289.swc	CX
data/fafb_sample/swc/720575940643526510.swc	CX
data/fafb_sample/swc/720575940615742977.swc	CX
data/fafb_sample/swc/720575940624617397.swc	CX
data/fafb_sample/swc/720575940612234467.swc	CX
data/fafb_sample/swc/720575940617497211.swc	CX
data/fafb_sample/swc/720575940637794163.swc	CX
data/fafb_sample/swc/720575940604451505.swc	CX
data/fafb_sample/swc/720575940635038309.swc	CX
data/fafb_sample/swc/720575940631416057.swc	CX
data/fafb_sample/swc/720575940639426805.swc	CX
data/fafb_sample/swc/720575940614966214.swc	CX
data/fafb_sample/swc/720575940628995778.swc	CX
data/fafb_sample/swc/720575940605589681.swc	CX
data/fafb_sample/swc/720575940637791549.swc	CX
data/fafb_sample/swc/720575940634043640.swc	CX
data/fafb_sample/swc/720575940631696353.swc	CX
data/fafb_sample/swc/720575940609648942.swc	CX
data/fafb_sample/swc/720575940612599533.swc	CX
data/fafb_sample/swc/720575940628212796.swc	CX
data/fafb_sample/swc/720575940622939124.swc	CX
data/fafb_sample/swc/720575940637519165.swc	CX
data/fafb_sample/swc/720575940616323101.swc	CX
data/fafb_sample/swc/720575940612824239.swc	CX
data/fafb_sample/swc/720575940628675948.swc	CX
data/fafb_sample/swc/720575940616221401.swc	CX
data/fafb_sample/swc/720575940633227055.swc	CX
data/fafb_sample/swc/720575940640486973.swc	CX
data/fafb_sample/swc/720575940633924653.swc	CX
data/fafb_sample/swc/720575940629079084.swc	CX
data/fafb_sample/swc/720575940619967727.swc	CX
data/fafb_sample/swc/720575940620026502.swc	CX
data/fafb_sample/swc/720575940612734066.swc	CX
data/fafb_sample/swc/720575940632830056.swc	CX
data/fafb_sample/swc/720575940612594855.swc	CX
data/fafb_sample/swc/720575940615023628.swc	CX
data/fafb_sample/swc/720575940618306469.swc	CX
data/fafb_sample/swc/720575940610453427.swc	CX
data/fafb_sample/swc/720575940627159498.swc	CX
data/fafb_sample/swc/720575940633946775.swc	CX
data/fafb_sample/swc/720575940615748753.swc	CX
data/fafb_sample/swc/720575940637356351.swc	CX
data/fafb_sample/swc/720575940644658542.swc	CX
data/fafb_sample/swc/720575940638385024.swc	CX
data/fafb_sample/swc/720575940638846848.swc	CX
data/fafb_sample/swc/720575940613825695.swc	CX
data/fafb_sample/swc/720575940629506012.swc	CX
data/fafb_sample/swc/720575940641591248.swc	CX
data/fafb_sample/swc/720575940624483216.swc	CX
data/fafb_sample/swc/720575940629683062.swc	CX
data/fafb_sample/swc/720575940619648116.swc	CX
data/fafb_sample/swc/720575940625649726.swc	CX
data/fafb_sample/swc/720575940615326779.swc	CX
data/fafb_sample/swc/720575940624470812.swc	CX
data/fafb_sample/swc/720575940631922572.swc	CX
data/fafb_sample/swc/720575940616377659.swc	CX
data/fafb_sample/swc/720575940634338515.swc	CX
data/fafb_sample/swc/720575940620669110.swc	CX
data/fafb_sample/swc/720575940609847394.swc	CX
data/fafb_sample/swc/720575940658155393.swc	CX
data/fafb_sample/swc/720575940614837222.swc	CX
data/fafb_sample/swc/720575940621975081.swc	CX
data/fafb_sample/swc/720575940629516793.swc	CX
data/fafb_sample/swc/720575940613526674.swc	CX
data/fafb_sample/swc/720575940613748895.swc	CX
data/fafb_sample/swc/720575940630558751.swc	CX
data/fafb_sample/swc/720575940612248883.swc	CX
data/fafb_sample/swc/720575940612712401.swc	CX
data/fafb_sample/swc/720575940615661661.swc	CX
data/fafb_sample/swc/720575940624861017.swc	CX
data/fafb_sample/swc/720575940628928772.swc	CX
data/fafb_sample/swc/720575940636191977.swc	CX
data/fafb_sample/swc/720575940605827761.swc	CX
data/fafb_sample/swc/720575940621132253.swc	CX
data/fafb_sample/swc/720575940625213898.swc	CX
data/fafb_sample/swc/720575940624827523.swc	CX
data/fafb_sample/swc/720575940643814344.swc	CX
data/fafb_sample/swc/720575940630631736.swc	CX
data/fafb_sample/swc/720575940627798266.swc	CX
data/fafb_sample/swc/720575940629576960.swc	CX
data/fafb_sample/swc/720575940624082725.swc	CX
data/fafb_sample/swc/720575940629047547.swc	CX
data/fafb_sample/swc/720575940626048711.swc	CX
data/fafb_sample/swc/720575940612099986.swc	CX
data/fafb_sample/swc/720575940628710014.swc	CX
data/fafb_sample/swc/720575940622610726.swc	CX
data/fafb_sample/swc/720575940615988710.swc	CX
data/fafb_sample/swc/720575940633519514.swc	CX
data/fafb_sample/swc/720575940653326326.swc	CX
data/fafb_sample/swc/720575940615620002.swc	CX
data/fafb_sample/swc/720575940638846080.swc	CX
data/fafb_sample/swc/720575940628866809.swc	CX
data/fafb_sample/swc/720575940653347830.swc	CX
data/fafb_sample/swc/720575940631372369.swc	CX
data/fafb_sample/swc/720575940631789615.swc	CX
data/fafb_sample/swc/720575940623062453.swc	CX
data/fafb_sample/swc/720575940622856781.swc	CX
data/fafb_sample/swc/720575940628014441.swc	CX
data/fafb_sample/swc/720575940628375166.swc	CX
data/fafb_sample/swc/720575940623937976.swc	CX
data/fafb_sample/swc/720575940639935963.swc	CX
data/fafb_sample/swc/720575940617819185.swc	CX
data/fafb_sample/swc/720575940616025378.swc	CX
data/fafb_sample/swc/720575940629986819.swc	CX
data/fafb_sample/swc/720575940619968892.swc	CX
data/fafb_sample/swc/720575940628493828.swc	CX
data/fafb_sample/swc/720575940633006176.swc	CX
data/fafb_sample/swc/720575940626530456.swc	CX
data/fafb_sample/swc/720575940634647732.swc	CX
data/fafb_sample/swc/720575940615764061.swc	CX
data/fafb_sample/swc/720575940614026449.swc	CX
data/fafb_sample/swc/720575940645238819.swc	CX
data/fafb_sample/swc/720575940622121827.swc	CX
data/fafb_sample/swc/720575940643259336.swc	CX
data/fafb_sample/swc/720575940643915300.swc	CX
data/fafb_sample/swc/720575940618742864.swc	CX
data/fafb_sample/swc/720575940631724717.swc	CX
data/fafb_sample/swc/720575940623419465.swc	CX
data/fafb_sample/swc/720575940628376364.swc	CX
data/fafb_sample/swc/720575940608839800.swc	CX
data/fafb_sample/swc/720575940613958412.swc	CX
data/fafb_sample/swc/720575940619140262.swc	CX
data/fafb_sample/swc/720575940630822175.swc	CX
data/fafb_sample/swc/720575940605380274.swc	CX
data/fafb_sample/swc/720575940629117566.swc	CX
data/fafb_sample/swc/720575940628772345.swc	CX
data/fafb_sample/swc/720575940612243918.swc	CX
data/fafb_sample/swc/720575940618717275.swc	CX
data/fafb_sample/swc/720575940626382076.swc	CX
data/fafb_sample/swc/720575940627425276.swc	CX
data/fafb_sample/swc/720575940632366879.swc	CX
data/fafb_sample/swc/720575940608434883.swc	CX
data/fafb_sample/swc/720575940629604695.swc	CX
data/fafb_sample/swc/720575940616752155.swc	CX
data/fafb_sample/swc/720575940632827496.swc	CX
data/fafb_sample/swc/720575940621832942.swc	CX
data/fafb_sample/swc/720575940616893746.swc	CX
data/fafb_sample/swc/720575940646126644.swc	CX
data/fafb_sample/swc/720575940622569827.swc	CX
data/fafb_sample/swc/720575940622265894.swc	CX
data/fafb_sample/swc/720575940629526570.swc	CX
data/fafb_sample/swc/720575940612862882.swc	CX
data/fafb_sample/swc/720575940611419414.swc	CX
data/fafb_sample/swc/720575940624802435.swc	CX
data/fafb_sample/swc/720575940607245781.swc	CX
data/fafb_sample/swc/720575940612807830.swc	CX
data/fafb_sample/swc/720575940611308259.swc	CX
data/fafb_sample/swc/720575940625653223.swc	CX
data/fafb_sample/swc/720575940612763158.swc	CX
data/fafb_sample/swc/720575940639978704.swc	CX
data/fafb_sample/swc/720575940634221935.swc	CX
data/fafb_sample/swc/720575940610733235.swc	CX
data/fafb_sample/swc/720575940615782841.swc	CX
data/fafb_sample/swc/720575940637126222.swc	CX
data/fafb_sample/swc/720575940610160789.swc	CX
data/fafb_sample/swc/720575940629399287.swc	CX
data/fafb_sample/swc/720575940625932275.swc	CX
data/fafb_sample/swc/720575940615460754.swc	CX
data/fafb_sample/swc/720575940619477232.swc	CX
data/fafb_sample/swc/720575940629538858.swc	CX
data/fafb_sample/swc/720575940631119827.swc	CX
data/fafb_sample/swc/720575940610268366.swc	CX
data/fafb_sample/swc/720575940623059214.swc	CX
data/fafb_sample/swc/720575940620058537.swc	CX
data/fafb_sample/swc/720575940614413106.swc	CX
data/fafb_sample/swc/720575940611725738.swc	CX
data/fafb_sample/swc/720575940611963346.swc	CX
data/fafb_sample/swc/720575940627786270.swc	CX
data/fafb_sample/swc/720575940631639972.swc	CX
data/fafb_sample/swc/720575940626140420.swc	CX
data/fafb_sample/swc/720575940616441410.swc	CX
data/fafb_sample/swc/720575940622514695.swc	CX
data/fafb_sample/swc/720575940627730206.swc	CX
data/fafb_sample/swc/720575940637699747.swc	CX
data/fafb_sample/swc/720575940616410171.swc	CX
data/fafb_sample/swc/720575940620649292.swc	CX
data/fafb_sample/swc/720575940625925898.swc	CX
data/fafb_sample/swc/720575940621418120.swc	CX
data/fafb_sample/swc/720575940615283771.swc	CX
data/fafb_sample/swc/720575940604349630.swc	CX
data/fafb_sample/swc/720575940628342743.swc	CX
data/fafb_sample/swc/720575940610051733.swc	CX
data/fafb_sample/swc/720575940625850938.swc	CX
data/fafb_sample/swc/720575940626682384.swc	CX
data/fafb_sample/swc/720575940607864841.swc	CX
data/fafb_sample/swc/720575940633173412.swc	CX
data/fafb_sample/swc/720575940618774352.swc	CX
data/fafb_sample/swc/720575940619322221.swc	CX
data/fafb_sample/swc/720575940625146109.swc	CX
data/fafb_sample/swc/720575940621750348.swc	CX
data/fafb_sample/swc/720575940617178369.swc	CX
data/fafb_sample/swc/720575940623026876.swc	CX
data/fafb_sample/swc/720575940620417797.swc	CX
data/fafb_sample/swc/720575940626530890.swc	CX
data/fafb_sample/swc/720575940623590221.swc	CX
data/fafb_sample/swc/720575940630411311.swc	CX
data/fafb_sample/swc/720575940626972090.swc	CX
data/fafb_sample/swc/720575940637790013.swc	CX
data/fafb_sample/swc/720575940639239908.swc	CX
data/fafb_sample/swc/720575940627082500.swc	CX
data/fafb_sample/swc/720575940619296365.swc	CX
data/fafb_sample/swc/720575940626397127.swc	CX
data/fafb_sample/swc/720575940609598418.swc	CX
data/fafb_sample/swc/720575940619006087.swc	CX
data/fafb_sample/swc/720575940633015452.swc	CX
data/fafb_sample/swc/720575940621854563.swc	CX
data/fafb_sample/swc/720575940631708836.swc	CX
data/fafb_sample/swc/720575940637211957.swc	CX
data/fafb_sample/swc/720575940623131319.swc	CX
data/fafb_sample/swc/720575940633623743.swc	CX
data/fafb_sample/swc/720575940630089031.swc	CX
data/fafb_sample/swc/720575940619249088.swc	CX
data/fafb_sample/swc/720575940631911905.swc	CX
data/fafb_sample/swc/720575940623043732.swc	CX
data/fafb_sample/swc/720575940645552948.swc	CX
data/fafb_sample/swc/720575940611939026.swc	CX
data/fafb_sample/swc/720575940623938196.swc	CX
data/fafb_sample/swc/720575940627890072.swc	CX
data/fafb_sample/swc/720575940619845547.swc	CX
data/fafb_sample/swc/720575940629754936.swc	CX
data/fafb_sample/swc/720575940611210866.swc	CX
data/fafb_sample/swc/720575940620203340.swc	CX
data/fafb_sample/swc/720575940602747360.swc	CX
data/fafb_sample/swc/720575940617600064.swc	CX
data/fafb_sample/swc/720575940645405060.swc	CX
data/fafb_sample/swc/720575940628883838.swc	CX
data/fafb_sample/swc/720575940634655924.swc	CX
data/fafb_sample/swc/720575940622609299.swc	CX
data/fafb_sample/swc/720575940615865238.swc	CX
data/fafb_sample/swc/720575940619253869.swc	CX
data/fafb_sample/swc/720575940602917088.swc	CX
data/fafb_sample/swc/720575940605754033.swc	CX
data/fafb_sample/swc/720575940618875886.swc	CX
data/fafb_sample/swc/720575940632934355.swc	CX
data/fafb_sample/swc/720575940645448756.swc	CX
data/fafb_sample/swc/720575940629244166.swc	CX
data/fafb_sample/swc/720575940624065038.swc	CX
data/fafb_sample/swc/720575940624759652.swc	CX
data/fafb_sample/swc/720575940617924181.swc	CX
data/fafb_sample/swc/720575940617193886.swc	CX
data/fafb_sample/swc/720575940654697377.swc	CX
data/fafb_sample/swc/720575940643221271.swc	CX
data/fafb_sample/swc/720575940631895065.swc	CX
data/fafb_sample/swc/720575940620776406.swc	CX
data/fafb_sample/swc/720575940607285001.swc	CX
data/fafb_sample/swc/720575940639088105.swc	CX
data/fafb_sample/swc/720575940628576250.swc	CX
data/fafb_sample/swc/720575940628374906.swc	CX
data/fafb_sample/swc/720575940620419354.swc	CX
data/fafb_sample/swc/720575940616097093.swc	CX
data/fafb_sample/swc/720575940631990359.swc	CX
data/fafb_sample/swc/720575940620554740.swc	CX
data/fafb_sample/swc/720575940645918340.swc	CX
data/fafb_sample/swc/720575940621347583.swc	CX
data/fafb_sample/swc/720575940631347596.swc	CX
data/fafb_sample/swc/720575940608435012.swc	CX
data/fafb_sample/swc/720575940604238816.swc	CX
data/fafb_sample/swc/720575940638608216.swc	CX
data/fafb_sample/swc/720575940628789698.swc	CX
data/fafb_sample/swc/720575940623808526.swc	CX
data/fafb_sample/swc/720575940619832188.swc	CX
data/fafb_sample/swc/720575940643356320.swc	CX
data/fafb_sample/swc/720575940630898515.swc	CX
data/fafb_sample/swc/720575940636395610.swc	CX
data/fafb_sample/swc/720575940617425781.swc	CX
data/fafb_sample/swc/720575940631151663.swc	CX
data/fafb_sample/swc/720575940630728588.swc	CX
data/fafb_sample/swc/720575940628073235.swc	CX
data/fafb_sample/swc/720575940613158142.swc	CX
data/fafb_sample/swc/720575940620540893.swc	CX
data/fafb_sample/swc/720575940603676844.swc	CX
data/fafb_sample/swc/720575940615673949.swc	CX
data/fafb_sample/swc/720575940616983862.swc	CX
data/fafb_sample/swc/720575940650565110.swc	CX
data/fafb_sample/swc/720575940620191777.swc	CX
data/fafb_sample/swc/720575940606615561.swc	CX
data/fafb_sample/swc/720575940613412258.swc	CX
data/fafb_sample/swc/720575940633946045.swc	CX
data/fafb_sample/swc/720575940613826450.swc	CX
data/fafb_sample/swc/720575940620932317.swc	CX
data/fafb_sample/swc/720575940609621003.swc	CX
data/fafb_sample/swc/720575940630396235.swc	CX
data/fafb_sample/swc/720575940627033875.swc	CX
data/fafb_sample/swc/720575940631173120.swc	CX
data/fafb_sample/swc/720575940631058861.swc	CX
data/fafb_sample/swc/720575940633848683.swc	CX
data/fafb_sample/swc/720575940620024534.swc	CX
data/fafb_sample/swc/720575940627653114.swc	CX
data/fafb_sample/swc/720575940618745424.swc	CX
data/fafb_sample/swc/720575940623852873.swc	CX
data/fafb_sample/swc/720575940636938212.swc	CX
data/fafb_sample/swc/720575940605480806.swc	CX
data/fafb_sample/swc/720575940618759361.swc	CX
data/fafb_sample/swc/720575940640760179.swc	CX
data/fafb_sample/swc/720575940640002256.swc	CX
data/fafb_sample/swc/720575940619051088.swc	CX
data/fafb_sample/swc/720575940619469488.swc	CX
data/fafb_sample/swc/720575940628827586.swc	CX
data/fafb_sample/swc/720575940627296652.swc	CX
data/fafb_sample/swc/720575940618195510.swc	CX
data/fafb_sample/swc/720575940626579185.swc	CX
data/fafb_sample/swc/720575940642634532.swc	CX
data/fafb_sample/swc/720575940626658577.swc	CX
data/fafb_sample/swc/720575940615499314.swc	CX
data/fafb_sample/swc/720575940634575711.swc	CX
data/fafb_sample/swc/720575940618732782.swc	CX
data/fafb_sample/swc/720575940627161700.swc	CX
data/fafb_sample/swc/720575940631366483.swc	CX
data/fafb_sample/swc/720575940624905404.swc	CX
data/fafb_sample/swc/720575940615965323.swc	CX
data/fafb_sample/swc/720575940610919778.swc	CX
data/fafb_sample/swc/720575940628072748.swc	CX
data/fafb_sample/swc/720575940622713897.swc	CX
data/fafb_sample/swc/720575940621585446.swc	CX
data/fafb_sample/swc/720575940613403042.swc	CX
data/fafb_sample/swc/720575940619141254.swc	CX
data/fafb_sample/swc/720575940624039370.swc	CX
data/fafb_sample/swc/720575940611363954.swc	CX
data/fafb_sample/swc/720575940612316847.swc	CX
data/fafb_sample/swc/720575940625925892.swc	CX
data/fafb_sample/swc/720575940624307518.swc	CX
data/fafb_sample/swc/720575940614737055.swc	CX
data/fafb_sample/swc/720575940610137969.swc	CX
data/fafb_sample/swc/720575940609183950.swc	CX
data/fafb_sample/swc/720575940611181518.swc	CX
data/fafb_sample/swc/720575940624689130.swc	CX
data/fafb_sample/swc/720575940639622272.swc	CX
data/fafb_sample/swc/720575940612248743.swc	CX
data/fafb_sample/swc/720575940626533714.swc	CX
data/fafb_sample/swc/720575940649126009.swc	CX
data/fafb_sample/swc/720575940625864581.swc	CX
data/fafb_sample/swc/720575940632707539.swc	CX
data/fafb_sample/swc/720575940626237726.swc	CX
data/fafb_sample/swc/720575940615267933.swc	CX
data/fafb_sample/swc/720575940637824189.swc	CX
data/fafb_sample/swc/720575940636143796.swc	CX
data/fafb_sample/swc/720575940610440371.swc	CX
data/fafb_sample/swc/720575940639209461.swc	CX
data/fafb_sample/swc/720575940622307248.swc	CX
data/fafb_sample/swc/720575940628567034.swc	CX
data/fafb_sample/swc/720575940607527381.swc	CX
data/fafb_sample/swc/720575940652083190.swc	CX
data/fafb_sample/swc/720575940623299772.swc	CX
data/fafb_sample/swc/720575940608352451.swc	CX
data/fafb_sample/swc/720575940629712727.swc	CX
data/fafb_sample/swc/720575940627264062.swc	CX
data/fafb_sample/swc/720575940640359643.swc	CX
data/fafb_sample/swc/720575940612692963.swc	CX
data/fafb_sample/swc/720575940606591836.swc	CX
data/fafb_sample/swc/720575940638474147.swc	CX
data/fafb_sample/swc/720575940623171315.swc	CX
data/fafb_sample/swc/720575940612172339.swc	CX
data/fafb_sample/swc/720575940620571953.swc	CX
data/fafb_sample/swc/720575940605889760.swc	CX
data/fafb_sample/swc/720575940644645412.swc	CX
data/fafb_sample/swc/720575940632992922.swc	CX
data/fafb_sample/swc/720575940632372141.swc	CX
data/fafb_sample/swc/720575940603197408.swc	CX
data/fafb_sample/swc/720575940622147881.swc	CX
data/fafb_sample/swc/720575940625905295.swc	CX
data/fafb_sample/swc/720575940624077517.swc	CX
data/fafb_sample/swc/720575940628695034.swc	CX
data/fafb_sample/swc/720575940628377856.swc	CX
data/fafb_sample/swc/720575940619067374.swc	CX
data/fafb_sample/swc/720575940625680784.swc	CX
data/fafb_sample/swc/720575940619259271.swc	CX
data/fafb_sample/swc/720575940646707076.swc	CX
data/fafb_sample/swc/720575940618308987.swc	CX
data/fafb_sample/swc/720575940616811584.swc	CX
data/fafb_sample/swc/720575940620314304.swc	CX
data/fafb_sample/swc/720575940641239181.swc	CX
data/fafb_sample/swc/720575940630087030.swc	CX
data/fafb_sample/swc/720575940632852793.swc	CX
data/fafb_sample/swc/720575940627228328.swc	CX
data/fafb_sample/swc/720575940604481760.swc	CX
data/fafb_sample/swc/720575940630666404.swc	CX
data/fafb_sample/swc/720575940611375001.swc	CX
data/fafb_sample/swc/720575940623759591.swc	CX
data/fafb_sample/swc/720575940619082405.swc	CX
data/fafb_sample/swc/720575940618798470.swc	CX
data/fafb_sample/swc/720575940622438634.swc	CX
data/fafb_sample/swc/720575940630755276.swc	CX
data/fafb_sample/swc/720575940620619870.swc	CX
data/fafb_sample/swc/720575940636914287.swc	CX
data/fafb_sample/swc/720575940627104259.swc	CX
data/fafb_sample/swc/720575940610716786.swc	CX
data/fafb_sample/swc/720575940627433288.swc	CX
data/fafb_sample/swc/720575940628805636.swc	CX
data/fafb_sample/swc/720575940620012020.swc	CX
data/fafb_sample/swc/720575940624988304.swc	CX
data/fafb_sample/swc/720575940620919646.swc	CX
data/fafb_sample/swc/720575940612615917.swc	CX
data/fafb_sample/swc/720575940619544779.swc	CX
data/fafb_sample/swc/720575940633913239.swc	CX
data/fafb_sample/swc/720575940614294175.swc	CX
data/fafb_sample/swc/720575940632049935.swc	CX
data/fafb_sample/swc/720575940620970522.swc	CX
data/fafb_sample/swc/720575940635852766.swc	CX
data/fafb_sample/swc/720575940617559125.swc	CX
data/fafb_sample/swc/720575940611176362.swc	CX
data/fafb_sample/swc/720575940624738234.swc	CX
data/fafb_sample/swc/720575940608147413.swc	CX
data/fafb_sample/swc/720575940608548619.swc	CX
data/fafb_sample/swc/720575940621176564.swc	CX
data/fafb_sample/swc/720575940610409957.swc	CX
data/fafb_sample/swc/720575940629112060.swc	CX
data/fafb_sample/swc/720575940622087816.swc	CX
data/fafb_sample/swc/720575940621132065.swc	CX
data/fafb_sample/swc/720575940631303212.swc	CX
data/fafb_sample/swc/720575940616813858.swc	CX
data/fafb_sample/swc/720575940639400307.swc	CX
data/fafb_sample/swc/720575940626408177.swc	CX
data/fafb_sample/swc/720575940633184908.swc	CX
data/fafb_sample/swc/720575940648569988.swc	CX
data/fafb_sample/swc/720575940642936100.swc	CX
data/fafb_sample/swc/720575940614297640.swc	CX
data/fafb_sample/swc/720575940621800586.swc	CX
data/fafb_sample/swc/720575940631638073.swc	CX
data/fafb_sample/swc/720575940620228641.swc	CX
data/fafb_sample/swc/720575940609663442.swc	CX
data/fafb_sample/swc/720575940619668206.swc	CX
data/fafb_sample/swc/720575940620282906.swc	CX
data/fafb_sample/swc/720575940630937171.swc	CX
data/fafb_sample/swc/720575940622631816.swc	CX
data/fafb_sample/swc/720575940626216177.swc	CX
data/fafb_sample/swc/720575940639468789.swc	CX
data/fafb_sample/swc/720575940611726829.swc	CX
data/fafb_sample/swc/720575940629947704.swc	CX
data/fafb_sample/swc/720575940628317715.swc	CX
data/fafb_sample/swc/720575940628695660.swc	CX
data/fafb_sample/swc/720575940625968792.swc	CX
data/fafb_sample/swc/720575940638469584.swc	CX
data/fafb_sample/swc/720575940634313071.swc	CX
data/fafb_sample/swc/720575940621598954.swc	CX
data/fafb_sample/swc/720575940610973413.swc	CX
data/fafb_sample/swc/720575940618928981.swc	CX
data/fafb_sample/swc/720575940626749545.swc	CX
data/fafb_sample/swc/720575940637684398.swc	CX
data/fafb_sample/swc/720575940639812304.swc	CX
data/fafb_sample/swc/720575940619584421.swc	CX
data/fafb_sample/swc/720575940628208940.swc	CX
data/fafb_sample/swc/720575940629076473.swc	CX
data/fafb_sample/swc/720575940610980932.swc	CX
data/fafb_sample/swc/720575940632988351.swc	CX
data/fafb_sample/swc/720575940624295096.swc	CX
data/fafb_sample/swc/720575940623904551.swc	CX
data/fafb_sample/swc/720575940631353683.swc	CX
data/fafb_sample/swc/720575940628732790.swc	CX
data/fafb_sample/swc/720575940630179781.swc	CX
data/fafb_sample/swc/720575940630696399.swc	CX
data/fafb_sample/swc/720575940629957432.swc	CX
data/fafb_sample/swc/720575940623404109.swc	CX
data/fafb_sample/swc/720575940612310824.swc	CX
data/fafb_sample/swc/720575940612272424.swc	CX
data/fafb_sample/swc/720575940630050105.swc	CX
data/fafb_sample/swc/720575940618963694.swc	CX
data/fafb_sample/swc/720575940615877410.swc	CX
data/fafb_sample/swc/720575940636330217.swc	CX
data/fafb_sample/swc/720575940621956317.swc	CX
data/fafb_sample/swc/720575940608918830.swc	CX
data/fafb_sample/swc/720575940622138564.swc	CX
data/fafb_sample/swc/720575940610165205.swc	CX
data/fafb_sample/swc/720575940616616166.swc	CX
data/fafb_sample/swc/720575940639693008.swc	CX
data/fafb_sample/swc/720575940616502066.swc	CX
data/fafb_sample/swc/720575940620719273.swc	CX
data/fafb_sample/swc/720575940618624239.swc	CX
data/fafb_sample/swc/720575940606577673.swc	CX
data/fafb_sample/swc/720575940633145903.swc	CX
data/fafb_sample/swc/720575940628623616.swc	CX
data/fafb_sample/swc/720575940626111527.swc	CX
data/fafb_sample/swc/720575940607290633.swc	CX
data/fafb_sample/swc/720575940617244347.swc	CX
data/fafb_sample/swc/720575940616571938.swc	CX
data/fafb_sample/swc/720575940635640974.swc	CX
data/fafb_sample/swc/720575940622517108.swc	CX
data/fafb_sample/swc/720575940630268044.swc	CX
data/fafb_sample/swc/720575940630976568.swc	CX
data/fafb_sample/swc/720575940626849301.swc	CX
data/fafb_sample/swc/720575940609913646.swc	CX
data/fafb_sample/swc/720575940615502130.swc	CX
data/fafb_sample/swc/720575940630815059.swc	CX
data/fafb_sample/swc/720575940629552633.swc	CX
data/fafb_sample/swc/720575940612599013.swc	CX
data/fafb_sample/swc/720575940610665445.swc	CX
data/fafb_sample/swc/720575940620478847.swc	CX
data/fafb_sample/swc/720575940642013088.swc	CX
data/fafb_sample/swc/720575940619084891.swc	CX
data/fafb_sample/swc/720575940627109116.swc	CX
data/fafb_sample/swc/720575940619007296.swc	CX
data/fafb_sample/swc/720575940624560392.swc	CX
data/fafb_sample/swc/720575940635119758.swc	CX
data/fafb_sample/swc/720575940622497032.swc	CX
data/fafb_sample/swc/720575940625061918.swc	CX
data/fafb_sample/swc/720575940607339971.swc	CX
data/fafb_sample/swc/720575940628901750.swc	CX
data/fafb_sample/swc/720575940623175969.swc	CX
data/fafb_sample/swc/720575940621025037.swc	CX
data/fafb_sample/swc/720575940638647459.swc	CX
data/fafb_sample/swc/720575940650362614.swc	CX
data/fafb_sample/swc/720575940607273993.swc	CX
data/fafb_sample/swc/720575940606102729.swc	CX
data/fafb_sample/swc/720575940651558646.swc	CX
data/fafb_sample/swc/720575940633631789.swc	CX
data/fafb_sample/swc/720575940620028795.swc	CX
data/fafb_sample/swc/720575940627779560.swc	CX
data/fafb_sample/swc/720575940629379835.swc	CX
data/fafb_sample/swc/720575940629654091.swc	CX
data/fafb_sample/swc/720575940613674663.swc	CX
data/fafb_sample/swc/720575940627357968.swc	CX
data/fafb_sample/swc/720575940643745480.swc	CX
data/fafb_sample/swc/720575940622028253.swc	CX
data/fafb_sample/swc/720575940624437735.swc	CX
data/fafb_sample/swc/720575940615526289.swc	CX
data/fafb_sample/swc/720575940617180955.swc	CX
data/fafb_sample/swc/720575940605384882.swc	CX
data/fafb_sample/swc/720575940622374783.swc	CX
data/fafb_sample/swc/720575940644614947.swc	CX
data/fafb_sample/swc/720575940623441996.swc	CX
data/fafb_sample/swc/720575940610095322.swc	CX
data/fafb_sample/swc/720575940607343829.swc	CX
data/fafb_sample/swc/720575940647872889.swc	CX
data/fafb_sample/swc/720575940638124656.swc	CX
data/fafb_sample/swc/720575940621139482.swc	CX
data/fafb_sample/swc/720575940623816848.swc	CX
data/fafb_sample/swc/720575940638709632.swc	CX
data/fafb_sample/swc/720575940625951321.swc	CX
data/fafb_sample/swc/720575940632230425.swc	CX
data/fafb_sample/swc/720575940623088565.swc	CX
data/fafb_sample/swc/720575940623738516.swc	CX
data/fafb_sample/swc/720575940624045607.swc	CX
data/fafb_sample/swc/720575940636069348.swc	CX
data/fafb_sample/swc/720575940640241037.swc	CX
data/fafb_sample/swc/720575940621086079.swc	CX
data/fafb_sample/swc/720575940635183728.swc	CX
data/fafb_sample/swc/720575940620640124.swc	CX
data/fafb_sample/swc/720575940604157361.swc	CX
data/fafb_sample/swc/720575940610810482.swc	CX
data/fafb_sample/swc/720575940624356234.swc	CX
data/fafb_sample/swc/720575940625817256.swc	CX
data/fafb_sample/swc/720575940633819487.swc	CX
data/fafb_sample/swc/720575940626291204.swc	CX
data/fafb_sample/swc/720575940623540557.swc	CX
data/fafb_sample/swc/720575940623488551.swc	CX
data/fafb_sample/swc/720575940635869541.swc	CX
data/fafb_sample/swc/720575940629448463.swc	CX
data/fafb_sample/swc/720575940622424649.swc	CX
data/fafb_sample/swc/720575940619489088.swc	CX
data/fafb_sample/swc/720575940620041837.swc	CX
data/fafb_sample/swc/720575940621569930.swc	CX
data/fafb_sample/swc/720575940638078835.swc	CX
data/fafb_sample/swc/720575940637238505.swc	CX
data/fafb_sample/swc/720575940631125036.swc	CX
data/fafb_sample/swc/720575940632496938.swc	CX
data/fafb_sample/swc/720575940610877098.swc	CX
data/fafb_sample/swc/720575940611229298.swc	CX
data/fafb_sample/swc/720575940643702551.swc	CX
data/fafb_sample/swc/720575940624773916.swc	CX
data/fafb_sample/swc/720575940633021084.swc	CX
data/fafb_sample/swc/720575940629909199.swc	CX
data/fafb_sample/swc/720575940605124482.swc	CX
data/fafb_sample/swc/720575940616458821.swc	CX
data/fafb_sample/swc/720575940616654370.swc	CX
data/fafb_sample/swc/720575940629550039.swc	CX
data/fafb_sample/swc/720575940622333578.swc	CX
data/fafb_sample/swc/720575940608859694.swc	CX
data/fafb_sample/swc/720575940638857424.swc	CX
data/fafb_sample/swc/720575940624700674.swc	CX
data/fafb_sample/swc/720575940624323475.swc	CX
data/fafb_sample/swc/720575940619060289.swc	CX
data/fafb_sample/swc/720575940626812777.swc	CX
data/fafb_sample/swc/720575940623466632.swc	CX
data/fafb_sample/swc/720575940619578608.swc	CX
data/fafb_sample/swc/720575940616204091.swc	CX
data/fafb_sample/swc/720575940619376577.swc	CX
data/fafb_sample/swc/720575940632803007.swc	CX
data/fafb_sample/swc/720575940609439698.swc	CX
data/fafb_sample/swc/720575940616520517.swc	CX
data/fafb_sample/swc/720575940640993933.swc	CX
data/fafb_sample/swc/720575940623201789.swc	CX
data/fafb_sample/swc/720575940628211244.swc	CX
data/fafb_sample/swc/720575940623233259.swc	CX
data/fafb_sample/swc/720575940622392299.swc	CX
data/fafb_sample/swc/720575940618489108.swc	CX
data/fafb_sample/swc/720575940626336381.swc	CX
data/fafb_sample/swc/720575940613388753.swc	CX
data/fafb_sample/swc/720575940613711614.swc	CX
data/fafb_sample/swc/720575940623698324.swc	CX
data/fafb_sample/swc/720575940603942846.swc	CX
data/fafb_sample/swc/720575940610894450.swc	CX
data/fafb_sample/swc/720575940620932813.swc	CX
data/fafb_sample/swc/720575940616580379.swc	CX
data/fafb_sample/swc/720575940621671593.swc	CX
data/fafb_sample/swc/720575940633135455.swc	CX
data/fafb_sample/swc/720575940619111846.swc	CX
data/fafb_sample/swc/720575940635530359.swc	CX
data/fafb_sample/swc/720575940611006170.swc	CX
data/fafb_sample/swc/720575940645203235.swc	CX
data/fafb_sample/swc/720575940625781180.swc	CX
data/fafb_sample/swc/720575940626166012.swc	CX
data/fafb_sample/swc/720575940628174415.swc	CX
data/fafb_sample/swc/720575940642489288.swc	CX
data/fafb_sample/swc/720575940610355186.swc	CX
data/fafb_sample/swc/720575940618236752.swc	CX
data/fafb_sample/swc/720575940630735378.swc	CX
data/fafb_sample/swc/720575940630979748.swc	CX
data/fafb_sample/swc/720575940625013144.swc	CX
data/fafb_sample/swc/720575940609019512.swc	CX
data/fafb_sample/swc/720575940631398308.swc	CX
data/fafb_sample/swc/720575940637558618.swc	CX
data/fafb_sample/swc/720575940610161813.swc	CX
data/fafb_sample/swc/720575940626763688.swc	CX
data/fafb_sample/swc/720575940628802632.swc	CX
data/fafb_sample/swc/720575940624784280.swc	CX
data/fafb_sample/swc/720575940605640905.swc	CX
data/fafb_sample/swc/720575940623815155.swc	CX
data/fafb_sample/swc/720575940630058827.swc	CX
data/fafb_sample/swc/720575940613690730.swc	CX
data/fafb_sample/swc/720575940638101732.swc	CX
data/fafb_sample/swc/720575940610178417.swc	CX
data/fafb_sample/swc/720575940628999929.swc	CX
data/fafb_sample/swc/720575940628105353.swc	CX
data/fafb_sample/swc/720575940618956198.swc	CX
data/fafb_sample/swc/720575940624337338.swc	CX
data/fafb_sample/swc/720575940629510518.swc	CX
data/fafb_sample/swc/720575940630692143.swc	CX
data/fafb_sample/swc/720575940612892670.swc	CX
data/fafb_sample/swc/720575940622841929.swc	CX
data/fafb_sample/swc/720575940631344441.swc	CX
data/fafb_sample/swc/720575940627317252.swc	CX
data/fafb_sample/swc/720575940620202266.swc	CX
data/fafb_sample/swc/720575940624594726.swc	CX
data/fafb_sample/swc/720575940621381236.swc	CX
data/fafb_sample/swc/720575940626666345.swc	CX
data/fafb_sample/swc/720575940653652129.swc	CX
data/fafb_sample/swc/720575940625760017.swc	CX
data/fafb_sample/swc/720575940622315914.swc	CX
data/fafb_sample/swc/720575940615018838.swc	CX
data/fafb_sample/swc/720575940625750415.swc	CX
data/fafb_sample/swc/720575940628493572.swc	CX
data/fafb_sample/swc/720575940627424199.swc	CX
data/fafb_sample/swc/720575940630019385.swc	CX
data/fafb_sample/swc/720575940638082638.swc	CX
data/fafb_sample/swc/720575940631470893.swc	CX
data/fafb_sample/swc/720575940650420726.swc	CX
data/fafb_sample/swc/720575940643829284.swc	CX
data/fafb_sample/swc/720575940627602814.swc	CX
data/fafb_sample/swc/720575940607039957.swc	CX
data/fafb_sample/swc/720575940621613508.swc	CX
data/fafb_sample/swc/720575940619141405.swc	CX
data/fafb_sample/swc/720575940622431305.swc	CX
data/fafb_sample/swc/720575940622436045.swc	CX
data/fafb_sample/swc/720575940625968515.swc	CX
data/fafb_sample/swc/720575940606123954.swc	CX
data/fafb_sample/swc/720575940620032123.swc	CX
data/fafb_sample/swc/720575940629864259.swc	CX
data/fafb_sample/swc/720575940620473889.swc	CX
data/fafb_sample/swc/720575940621255011.swc	CX
data/fafb_sample/swc/720575940609869922.swc	CX
data/fafb_sample/swc/720575940618103513.swc	CX
data/fafb_sample/swc/720575940624073452.swc	CX
data/fafb_sample/swc/720575940624297471.swc	CX
data/fafb_sample/swc/720575940653624310.swc	CX
data/fafb_sample/swc/720575940623310780.swc	CX
data/fafb_sample/swc/720575940626526986.swc	CX
data/fafb_sample/swc/720575940639404416.swc	CX
data/fafb_sample/swc/720575940606301874.swc	CX
data/fafb_sample/swc/720575940603747360.swc	CX
data/fafb_sample/swc/720575940608783452.swc	CX
data/fafb_sample/swc/720575940627902967.swc	CX
data/fafb_sample/swc/720575940615134011.swc	CX
data/fafb_sample/swc/720575940631246765.swc	CX
data/fafb_sample/swc/720575940613442215.swc	CX
data/fafb_sample/swc/720575940615484633.swc	CX
data/fafb_sample/swc/720575940638663000.swc	CX
data/fafb_sample/swc/720575940618787841.swc	CX
data/fafb_sample/swc/720575940653031585.swc	CX
data/fafb_sample/swc/720575940642712100.swc	CX
data/fafb_sample/swc/720575940623450382.swc	CX
data/fafb_sample/swc/720575940638013759.swc	CX
data/fafb_sample/swc/720575940634407520.swc	CX
data/fafb_sample/swc/720575940643346336.swc	CX
data/fafb_sample/swc/720575940628207951.swc	CX
data/fafb_sample/swc/720575940623801125.swc	CX
data/fafb_sample/swc/720575940626541075.swc	CX
data/fafb_sample/swc/720575940628805327.swc	CX
data/fafb_sample/swc/720575940622252865.swc	CX
data/fafb_sample/swc/720575940634192339.swc	CX
data/fafb_sample/swc/720575940613434786.swc	CX
data/fafb_sample/swc/720575940604125886.swc	CX
data/fafb_sample/swc/720575940635568480.swc	CX
data/fafb_sample/swc/720575940622471721.swc	CX
data/fafb_sample/swc/720575940638490531.swc	CX
data/fafb_sample/swc/720575940612939154.swc	CX
data/fafb_sample/swc/720575940626196732.swc	CX
data/fafb_sample/swc/720575940609206211.swc	CX
data/fafb_sample/swc/720575940610177203.swc	CX
data/fafb_sample/swc/720575940639598963.swc	CX
data/fafb_sample/swc/720575940612589735.swc	CX
data/fafb_sample/swc/720575940630020409.swc	CX
data/fafb_sample/swc/720575940608140380.swc	CX
data/fafb_sample/swc/720575940612286259.swc	CX
data/fafb_sample/swc/720575940625308162.swc	CX
data/fafb_sample/swc/720575940606776585.swc	CX
data/fafb_sample/swc/720575940629139708.swc	CX
data/fafb_sample/swc/720575940621393573.swc	CX
data/fafb_sample/swc/720575940622069347.swc	CX
data/fafb_sample/swc/720575940622156148.swc	CX
data/fafb_sample/swc/720575940605135038.swc	CX
data/fafb_sample/swc/720575940617630001.swc	CX
data/fafb_sample/swc/720575940608179268.swc	CX
data/fafb_sample/swc/720575940626964240.swc	CX
data/fafb_sample/swc/720575940621846783.swc	CX
data/fafb_sample/swc/720575940622811116.swc	CX
data/fafb_sample/swc/720575940613429314.swc	CX
data/fafb_sample/swc/720575940634365807.swc	CX
data/fafb_sample/swc/720575940622089195.swc	CX
data/fafb_sample/swc/720575940637625203.swc	CX
data/fafb_sample/swc/720575940627418750.swc	CX
data/fafb_sample/swc/720575940615220802.swc	CX
data/fafb_sample/swc/720575940622136129.swc	CX
data/fafb_sample/swc/720575940610603214.swc	CX
data/fafb_sample/swc/720575940627377346.swc	CX
data/fafb_sample/swc/720575940619228737.swc	CX
data/fafb_sample/swc/720575940614013382.swc	CX
data/fafb_sample/swc/720575940614639035.swc	CX
data/fafb_sample/swc/720575940632082148.swc	CX
data/fafb_sample/swc/720575940622462173.swc	CX
data/fafb_sample/swc/720575940616205083.swc	CX
data/fafb_sample/swc/720575940618386321.swc	CX
data/fafb_sample/swc/720575940617736827.swc	CX
data/fafb_sample/swc/720575940619489857.swc	CX
data/fafb_sample/swc/720575940611263602.swc	CX
data/fafb_sample/swc/720575940625637562.swc	CX
data/fafb_sample/swc/720575940635412622.swc	CX
data/fafb_sample/swc/720575940622559882.swc	CX
data/fafb_sample/swc/720575940620584497.swc	CX
data/fafb_sample/swc/720575940622366540.swc	CX
data/fafb_sample/swc/720575940616977822.swc	CX
data/fafb_sample/swc/720575940614029231.swc	CX
data/fafb_sample/swc/720575940608207317.swc	CX
data/fafb_sample/swc/720575940628819447.swc	CX
data/fafb_sample/swc/720575940635152153.swc	CX
data/fafb_sample/swc/720575940619160769.swc	CX
data/fafb_sample/swc/720575940642476448.swc	CX
data/fafb_sample/swc/720575940624331722.swc	CX
data/fafb_sample/swc/720575940627399783.swc	CX
data/fafb_sample/swc/720575940614738956.swc	CX
data/fafb_sample/swc/720575940640150235.swc	CX
data/fafb_sample/swc/720575940626529276.swc	CX
data/fafb_sample/swc/720575940615285919.swc	CX
data/fafb_sample/swc/720575940621584068.swc	CX
data/fafb_sample/swc/720575940635887593.swc	CX
data/fafb_sample/swc/720575940627342211.swc	CX
data/fafb_sample/swc/720575940617767764.swc	CX
data/fafb_sample/swc/720575940618295376.swc	CX
data/fafb_sample/swc/720575940636924479.swc	CX
data/fafb_sample/swc/720575940632862177.swc	CX
data/fafb_sample/swc/720575940619157595.swc	CX
data/fafb_sample/swc/720575940633741613.swc	CX
data/fafb_sample/swc/720575940617498688.swc	CX
data/fafb_sample/swc/720575940614886331.swc	CX
data/fafb_sample/swc/720575940627128216.swc	CX
data/fafb_sample/swc/720575940612831486.swc	CX
data/fafb_sample/swc/720575940620494708.swc	CX
data/fafb_sample/swc/720575940610255458.swc	CX
data/fafb_sample/swc/720575940622709065.swc	CX
data/fafb_sample/swc/720575940621595888.swc	CX
data/fafb_sample/swc/720575940633724852.swc	CX
data/fafb_sample/swc/720575940630413253.swc	CX
data/fafb_sample/swc/720575940643338020.swc	CX
data/fafb_sample/swc/720575940623154407.swc	CX
data/fafb_sample/swc/720575940642371232.swc	CX
data/fafb_sample/swc/720575940618463960.swc	CX
data/fafb_sample/swc/720575940618648235.swc	CX
data/fafb_sample/swc/720575940613754527.swc	CX
data/fafb_sample/swc/720575940608064707.swc	CX
data/fafb_sample/swc/720575940619100180.swc	CX
data/fafb_sample/swc/720575940629700138.swc	CX
data/fafb_sample/swc/720575940620346795.swc	CX
data/fafb_sample/swc/720575940644620579.swc	CX
data/fafb_sample/swc/720575940635886057.swc	CX
data/fafb_sample/swc/720575940618688276.swc	CX
data/fafb_sample/swc/720575940630252955.swc	CX
data/fafb_sample/swc/720575940619129766.swc	CX
data/fafb_sample/swc/720575940623499957.swc	CX
data/fafb_sample/swc/720575940631839827.swc	CX
data/fafb_sample/swc/720575940630021115.swc	CX
data/fafb_sample/swc/720575940623044327.swc	CX
data/fafb_sample/swc/720575940624417052.swc	CX
data/fafb_sample/swc/720575940614298730.swc	CX
data/fafb_sample/swc/720575940618050776.swc	CX
data/fafb_sample/swc/720575940625407107.swc	CX
data/fafb_sample/swc/720575940635462318.swc	CX
data/fafb_sample/swc/720575940630895789.swc	CX
data/fafb_sample/swc/720575940629202681.swc	CX
data/fafb_sample/swc/720575940620880007.swc	CX
data/fafb_sample/swc/720575940621768385.swc	CX
data/fafb_sample/swc/720575940624341436.swc	CX
data/fafb_sample/swc/720575940619843845.swc	CX
data/fafb_sample/swc/720575940635395429.swc	CX
data/fafb_sample/swc/720575940616884765.swc	CX
data/fafb_sample/swc/720575940609079854.swc	CX
data/fafb_sample/swc/720575940628029378.swc	CX
data/fafb_sample/swc/720575940628860476.swc	CX
data/fafb_sample/swc/720575940627194267.swc	CX
data/fafb_sample/swc/720575940651565558.swc	CX
data/fafb_sample/swc/720575940621782381.swc	CX
data/fafb_sample/swc/720575940627904512.swc	CX
data/fafb_sample/swc/720575940621977046.swc	CX
data/fafb_sample/swc/720575940622941447.swc	CX
data/fafb_sample/swc/720575940616824118.swc	CX
data/fafb_sample/swc/720575940617787550.swc	CX
data/fafb_sample/swc/720575940628144254.swc	CX
data/fafb_sample/swc/720575940643638807.swc	CX
data/fafb_sample/swc/720575940626901322.swc	CX
data/fafb_sample/swc/720575940632423442.swc	CX
data/fafb_sample/swc/720575940616505759.swc	CX
data/fafb_sample/swc/720575940610306146.swc	CX
data/fafb_sample/swc/720575940619085478.swc	CX
data/fafb_sample/swc/720575940622348725.swc	CX
data/fafb_sample/swc/720575940625470266.swc	CX
data/fafb_sample/swc/720575940645255476.swc	CX
data/fafb_sample/swc/720575940623693320.swc	CX
data/fafb_sample/swc/720575940630580255.swc	CX
data/fafb_sample/swc/720575940619718209.swc	CX
data/fafb_sample/swc/720575940611243946.swc	CX
data/fafb_sample/swc/720575940615177099.swc	CX
data/fafb_sample/swc/720575940623217132.swc	CX
data/fafb_sample/swc/720575940634081272.swc	CX
data/fafb_sample/swc/720575940637924324.swc	CX
data/fafb_sample/swc/720575940626371347.swc	CX
data/fafb_sample/swc/720575940630844447.swc	CX
data/fafb_sample/swc/720575940634843247.swc	CX
data/fafb_sample/swc/720575940613552018.swc	CX
data/fafb_sample/swc/720575940623807932.swc	CX
data/fafb_sample/swc/720575940605648306.swc	CX
data/fafb_sample/swc/720575940632255388.swc	CX
data/fafb_sample/swc/720575940615098683.swc	CX
data/fafb_sample/swc/720575940607721685.swc	CX
data/fafb_sample/swc/720575940612394803.swc	CX
data/fafb_sample/swc/720575940626355081.swc	CX
data/fafb_sample/swc/720575940629964856.swc	CX
data/fafb_sample/swc/720575940628530487.swc	CX
data/fafb_sample/swc/720575940630539335.swc	CX
data/fafb_sample/swc/720575940625609810.swc	CX
data/fafb_sample/swc/720575940625880472.swc	CX
data/fafb_sample/swc/720575940634488939.swc	CX
data/fafb_sample/swc/720575940626363654.swc	CX
data/fafb_sample/swc/720575940609718990.swc	CX
data/fafb_sample/swc/720575940615706966.swc	CX
data/fafb_sample/swc/720575940638678616.swc	CX
data/fafb_sample/swc/720575940622651656.swc	CX
data/fafb_sample/swc/720575940622899453.swc	CX
data/fafb_sample/swc/720575940610929114.swc	CX
data/fafb_sample/swc/720575940627663303.swc	CX
data/fafb_sample/swc/720575940610602410.swc	CX
data/fafb_sample/swc/720575940619928917.swc	CX
data/fafb_sample/swc/720575940636322367.swc	CX
data/fafb_sample/swc/720575940636662244.swc	CX
data/fafb_sample/swc/720575940611117380.swc	CX
data/fafb_sample/swc/720575940652733089.swc	CX
data/fafb_sample/swc/720575940618468957.swc	CX
data/fafb_sample/swc/720575940627826448.swc	CX
data/fafb_sample/swc/720575940636380649.swc	CX
data/fafb_sample/swc/720575940633792595.swc	CX
data/fafb_sample/swc/720575940613676402.swc	CX
data/fafb_sample/swc/720575940639710883.swc	CX
data/fafb_sample/swc/720575940610069550.swc	CX
data/fafb_sample/swc/720575940625667721.swc	CX
data/fafb_sample/swc/720575940634096339.swc	CX
data/fafb_sample/swc/720575940623297038.swc	CX
data/fafb_sample/swc/720575940630410321.swc	CX
data/fafb_sample/swc/720575940621424854.swc	CX
data/fafb_sample/swc/720575940625649214.swc	CX
data/fafb_sample/swc/720575940619226689.swc	CX
data/fafb_sample/swc/720575940636792494.swc	CX
data/fafb_sample/swc/720575940625952584.swc	CX
data/fafb_sample/swc/720575940632602850.swc	CX
data/fafb_sample/swc/720575940640228661.swc	CX
data/fafb_sample/swc/720575940633120151.swc	CX
data/fafb_sample/swc/720575940620818977.swc	CX
data/fafb_sample/swc/720575940619254704.swc	CX
data/fafb_sample/swc/720575940641557133.swc	CX
data/fafb_sample/swc/720575940625176092.swc	CX
data/fafb_sample/swc/720575940626071192.swc	CX
data/fafb_sample/swc/720575940631468258.swc	CX
data/fafb_sample/swc/720575940613268370.swc	CX
data/fafb_sample/swc/720575940617387732.swc	CX
data/fafb_sample/swc/720575940611960274.swc	CX
data/fafb_sample/swc/720575940616967508.swc	CX
data/fafb_sample/swc/720575940611211542.swc	CX
data/fafb_sample/swc/720575940625703824.swc	CX
data/fafb_sample/swc/720575940637983814.swc	CX
data/fafb_sample/swc/720575940628471868.swc	CX
data/fafb_sample/swc/720575940629078828.swc	CX
data/fafb_sample/swc/720575940620245926.swc	CX
data/fafb_sample/swc/720575940616956673.swc	CX
data/fafb_sample/swc/720575940618461349.swc	CX
data/fafb_sample/swc/720575940620958814.swc	CX
data/fafb_sample/swc/720575940612318673.swc	CX
data/fafb_sample/swc/720575940624306494.swc	CX
data/fafb_sample/swc/720575940654122657.swc	CX
data/fafb_sample/swc/720575940627934449.swc	CX
data/fafb_sample/swc/720575940608279747.swc	CX
data/fafb_sample/swc/720575940640785267.swc	CX
data/fafb_sample/swc/720575940615916957.swc	CX
data/fafb_sample/swc/720575940653093793.swc	CX
data/fafb_sample/swc/720575940639234367.swc	CX
data/fafb_sample/swc/720575940624114712.swc	CX
data/fafb_sample/swc/720575940630025528.swc	CX
data/fafb_sample/swc/720575940625485843.swc	CX
data/fafb_sample/swc/720575940627009722.swc	CX
data/fafb_sample/swc/720575940623375595.swc	CX
data/fafb_sample/swc/720575940634244207.swc	CX
data/fafb_sample/swc/720575940625021796.swc	CX
data/fafb_sample/swc/720575940632318751.swc	CX
data/fafb_sample/swc/720575940615687380.swc	CX
data/fafb_sample/swc/720575940633173668.swc	CX
data/fafb_sample/swc/720575940626206184.swc	CX
data/fafb_sample/swc/720575940618867888.swc	CX
data/fafb_sample/swc/720575940613505703.swc	CX
data/fafb_sample/swc/720575940643408164.swc	CX
data/fafb_sample/swc/720575940632732985.swc	CX
data/fafb_sample/swc/720575940615650009.swc	CX
data/fafb_sample/swc/720575940634906213.swc	CX
data/fafb_sample/swc/720575940624023480.swc	CX
data/fafb_sample/swc/720575940628631612.swc	CX
data/fafb_sample/swc/720575940613338521.swc	CX
data/fafb_sample/swc/720575940604240230.swc	CX
data/fafb_sample/swc/720575940617323803.swc	CX
data/fafb_sample/swc/720575940635095452.swc	CX
data/fafb_sample/swc/720575940626012072.swc	CX
data/fafb_sample/swc/720575940612937073.swc	CX
data/fafb_sample/swc/720575940627618801.swc	CX
data/fafb_sample/swc/720575940626800400.swc	CX
data/fafb_sample/swc/720575940625439690.swc	CX
data/fafb_sample/swc/720575940629229586.swc	CX
data/fafb_sample/swc/720575940626314061.swc	CX
data/fafb_sample/swc/720575940630145071.swc	CX
data/fafb_sample/swc/720575940625863336.swc	CX
data/fafb_sample/swc/720575940653654433.swc	CX
data/fafb_sample/swc/720575940626479674.swc	CX
data/fafb_sample/swc/720575940623023287.swc	CX
data/fafb_sample/swc/720575940635632023.swc	CX
data/fafb_sample/swc/720575940626005269.swc	CX
data/fafb_sample/swc/720575940611718885.swc	CX
data/fafb_sample/swc/720575940609558136.swc	CX
data/fafb_sample/swc/720575940630335596.swc	CX
data/fafb_sample/swc/720575940631132985.swc	CX
data/fafb_sample/swc/720575940631508255.swc	CX
data/fafb_sample/swc/720575940630900983.swc	CX
data/fafb_sample/swc/720575940650926326.swc	CX
data/fafb_sample/swc/720575940636134366.swc	CX
data/fafb_sample/swc/720575940632669977.swc	CX
data/fafb_sample/swc/720575940624674947.swc	CX
data/fafb_sample/swc/720575940627965187.swc	CX
data/fafb_sample/swc/720575940613275311.swc	CX
data/fafb_sample/swc/720575940625671441.swc	CX
data/fafb_sample/swc/720575940616584607.swc	CX
data/fafb_sample/swc/720575940620700886.swc	CX
data/fafb_sample/swc/720575940636151012.swc	CX
data/fafb_sample/swc/720575940637224937.swc	CX
data/fafb_sample/swc/720575940636868186.swc	CX
data/fafb_sample/swc/720575940650870774.swc	CX
data/fafb_sample/swc/720575940613869974.swc	CX
data/fafb_sample/swc/720575940618388615.swc	CX
data/fafb_sample/swc/720575940609370466.swc	CX
data/fafb_sample/swc/720575940616445250.swc	CX
data/fafb_sample/swc/720575940642245064.swc	CX
data/fafb_sample/swc/720575940631620689.swc	CX
data/fafb_sample/swc/720575940615833055.swc	CX
data/fafb_sample/swc/720575940628788332.swc	CX
data/fafb_sample/swc/720575940631319656.swc	CX
data/fafb_sample/swc/720575940634752225.swc	CX
data/fafb_sample/swc/720575940612895650.swc	CX
data/fafb_sample/swc/720575940617784118.swc	CX
data/fafb_sample/swc/720575940624827834.swc	CX
data/fafb_sample/swc/720575940634978935.swc	CX
data/fafb_sample/swc/720575940626561448.swc	CX
data/fafb_sample/swc/720575940614900127.swc	CX
data/fafb_sample/swc/720575940644733975.swc	CX
data/fafb_sample/swc/720575940620443764.swc	CX
data/fafb_sample/swc/720575940619891060.swc	CX
data/fafb_sample/swc/720575940620760429.swc	CX
data/fafb_sample/swc/720575940621963783.swc	CX
data/fafb_sample/swc/720575940630985811.swc	CX
data/fafb_sample/swc/720575940629999119.swc	CX
data/fafb_sample/swc/720575940624167973.swc	CX
data/fafb_sample/swc/720575940613700674.swc	CX
data/fafb_sample/swc/720575940638542424.swc	CX
data/fafb_sample/swc/720575940610813682.swc	CX
data/fafb_sample/swc/720575940628381952.swc	CX
data/fafb_sample/swc/720575940608673860.swc	CX
data/fafb_sample/swc/720575940628088823.swc	CX
data/fafb_sample/swc/720575940612488615.swc	CX
data/fafb_sample/swc/720575940614515398.swc	CX
data/fafb_sample/swc/720575940650510070.swc	CX
data/fafb_sample/swc/720575940629720848.swc	CX
data/fafb_sample/swc/720575940623784231.swc	CX
data/fafb_sample/swc/720575940627782014.swc	CX
data/fafb_sample/swc/720575940623242168.swc	CX
data/fafb_sample/swc/720575940620708702.swc	CX
data/fafb_sample/swc/720575940610157410.swc	CX
data/fafb_sample/swc/720575940628856514.swc	CX
data/fafb_sample/swc/720575940625328842.swc	CX
data/fafb_sample/swc/720575940618553793.swc	CX
data/fafb_sample/swc/720575940627145627.swc	CX
data/fafb_sample/swc/720575940629196670.swc	CX
data/fafb_sample/swc/720575940622125153.swc	CX
data/fafb_sample/swc/720575940606137004.swc	CX
data/fafb_sample/swc/720575940622451699.swc	CX
data/fafb_sample/swc/720575940613151911.swc	CX
data/fafb_sample/swc/720575940658852481.swc	CX
data/fafb_sample/swc/720575940636996324.swc	CX
data/fafb_sample/swc/720575940608480836.swc	CX
data/fafb_sample/swc/720575940631625953.swc	CX
data/fafb_sample/swc/720575940631166637.swc	CX
data/fafb_sample/swc/720575940615645841.swc	CX
data/fafb_sample/swc/720575940633423255.swc	CX
data/fafb_sample/swc/720575940623449480.swc	CX
data/fafb_sample/swc/720575940631725087.swc	CX
data/fafb_sample/swc/720575940603048108.swc	CX
data/fafb_sample/swc/720575940633982303.swc	CX
data/fafb_sample/swc/720575940638070862.swc	CX
data/fafb_sample/swc/720575940620324613.swc	CX
data/fafb_sample/swc/720575940630840493.swc	CX
data/fafb_sample/swc/720575940634036159.swc	CX
data/fafb_sample/swc/720575940624282430.swc	CX
data/fafb_sample/swc/720575940620589082.swc	CX
data/fafb_sample/swc/720575940620350332.swc	CX
data/fafb_sample/swc/720575940623290603.swc	CX
data/fafb_sample/swc/720575940631973587.swc	CX
data/fafb_sample/swc/720575940620552308.swc	CX
data/fafb_sample/swc/720575940626407820.swc	CX
data/fafb_sample/swc/720575940633484188.swc	CX
data/fafb_sample/swc/720575940621074835.swc	CX
data/fafb_sample/swc/720575940622184189.swc	CX
data/fafb_sample/swc/720575940614012134.swc	CX
data/fafb_sample/swc/720575940609375580.swc	CX
data/fafb_sample/swc/720575940621216169.swc	CX
data/fafb_sample/swc/720575940635978926.swc	CX
data/fafb_sample/swc/720575940629343196.swc	CX
data/fafb_sample/swc/720575940628907607.swc	CX
data/fafb_sample/swc/720575940645179592.swc	CX
data/fafb_sample/swc/720575940641723808.swc	CX
data/fafb_sample/swc/720575940616828253.swc	CX
data/fafb_sample/swc/720575940642071968.swc	CX
data/fafb_sample/swc/720575940623897955.swc	CX
data/fafb_sample/swc/720575940616072861.swc	CX
data/fafb_sample/swc/720575940619707728.swc	CX
data/fafb_sample/swc/720575940637912739.swc	CX
data/fafb_sample/swc/720575940625415196.swc	CX
data/fafb_sample/swc/720575940619574181.swc	CX
data/fafb_sample/swc/720575940616287377.swc	CX
data/fafb_sample/swc/720575940619715568.swc	CX
data/fafb_sample/swc/720575940618867627.swc	CX
data/fafb_sample/swc/720575940634376440.swc	CX
data/fafb_sample/swc/720575940630800066.swc	CX
data/fafb_sample/swc/720575940616511813.swc	CX
data/fafb_sample/swc/720575940639214655.swc	CX
data/fafb_sample/swc/720575940626291998.swc	CX
data/fafb_sample/swc/720575940610502851.swc	CX
data/fafb_sample/swc/720575940613704615.swc	CX
data/fafb_sample/swc/720575940631589919.swc	CX
data/fafb_sample/swc/720575940638843776.swc	CX
data/fafb_sample/swc/720575940628029634.swc	CX
data/fafb_sample/swc/720575940620492373.swc	CX
data/fafb_sample/swc/720575940613211955.swc	CX
data/fafb_sample/swc/720575940620327412.swc	CX
data/fafb_sample/swc/720575940616459333.swc	CX
data/fafb_sample/swc/720575940618292901.swc	CX
data/fafb_sample/swc/720575940604612832.swc	CX
data/fafb_sample/swc/720575940625630993.swc	CX
data/fafb_sample/swc/720575940635223152.swc	CX
data/fafb_sample/swc/720575940621537023.swc	CX
data/fafb_sample/swc/720575940607227228.swc	CX
data/fafb_sample/swc/720575940616826409.swc	CX
data/fafb_sample/swc/720575940632259865.swc	CX
data/fafb_sample/swc/720575940626356648.swc	CX
data/fafb_sample/swc/720575940627126787.swc	CX
data/fafb_sample/swc/720575940606483657.swc	CX
data/fafb_sample/swc/720575940633237402.swc	CX
data/fafb_sample/swc/720575940618831296.swc	CX
data/fafb_sample/swc/720575940609924875.swc	CX
data/fafb_sample/swc/720575940628793982.swc	CX
data/fafb_sample/swc/720575940612053106.swc	CX
data/fafb_sample/swc/720575940627067654.swc	CX
data/fafb_sample/swc/720575940627723338.swc	CX
data/fafb_sample/swc/720575940627426069.swc	CX
data/fafb_sample/swc/720575940629259023.swc	CX
data/fafb_sample/swc/720575940629827907.swc	CX
data/fafb_sample/swc/720575940624824963.swc	CX
data/fafb_sample/swc/720575940641215104.swc	CX
data/fafb_sample/swc/720575940621260936.swc	CX
data/fafb_sample/swc/720575940631483167.swc	CX
data/fafb_sample/swc/720575940618694638.swc	CX
data/fafb_sample/swc/720575940638594768.swc	CX
data/fafb_sample/swc/720575940621268830.swc	CX
data/fafb_sample/swc/720575940610908057.swc	CX
data/fafb_sample/swc/720575940608079573.swc	CX
data/fafb_sample/swc/720575940613440618.swc	CX
data/fafb_sample/swc/720575940629757994.swc	CX
data/fafb_sample/swc/720575940623956813.swc	CX
data/fafb_sample/swc/720575940616769051.swc	CX
data/fafb_sample/swc/720575940623540813.swc	CX
data/fafb_sample/swc/720575940616007005.swc	CX
data/fafb_sample/swc/720575940622132872.swc	CX
data/fafb_sample/swc/720575940635427982.swc	CX
data/fafb_sample/swc/720575940624381966.swc	CX
data/fafb_sample/swc/720575940629116716.swc	CX
data/fafb_sample/swc/720575940615985449.swc	CX
data/fafb_sample/swc/720575940621765313.swc	CX
data/fafb_sample/swc/720575940619271344.swc	CX
data/fafb_sample/swc/720575940624320318.swc	CX
data/fafb_sample/swc/720575940629902206.swc	CX
data/fafb_sample/swc/720575940622605320.swc	CX
data/fafb_sample/swc/720575940629423580.swc	CX
data/fafb_sample/swc/720575940614735558.swc	CX
data/fafb_sample/swc/720575940617517691.swc	CX
data/fafb_sample/swc/720575940633455968.swc	CX
data/fafb_sample/swc/720575940615973771.swc	CX
data/fafb_sample/swc/720575940639924176.swc	CX
data/fafb_sample/swc/720575940609116740.swc	CX
data/fafb_sample/swc/720575940624383892.swc	CX
data/fafb_sample/swc/720575940604518944.swc	CX
data/fafb_sample/swc/720575940628552826.swc	CX
data/fafb_sample/swc/720575940643567652.swc	CX
data/fafb_sample/swc/720575940627617866.swc	CX
data/fafb_sample/swc/720575940627958046.swc	CX
data/fafb_sample/swc/720575940604798910.swc	CX
data/fafb_sample/swc/720575940631369149.swc	CX
data/fafb_sample/swc/720575940625506027.swc	CX
data/fafb_sample/swc/720575940622455369.swc	CX
data/fafb_sample/swc/720575940621838826.swc	CX
data/fafb_sample/swc/720575940630256402.swc	CX
data/fafb_sample/swc/720575940626612254.swc	CX
data/fafb_sample/swc/720575940627653502.swc	CX
data/fafb_sample/swc/720575940616571682.swc	CX
data/fafb_sample/swc/720575940617417270.swc	CX
data/fafb_sample/swc/720575940625871949.swc	CX
data/fafb_sample/swc/720575940621434150.swc	CX
data/fafb_sample/swc/720575940660921985.swc	CX
data/fafb_sample/swc/720575940637862062.swc	CX
data/fafb_sample/swc/720575940612421101.swc	CX
data/fafb_sample/swc/720575940620223659.swc	CX
data/fafb_sample/swc/720575940630007237.swc	CX
data/fafb_sample/swc/720575940624608714.swc	CX
data/fafb_sample/swc/720575940637279095.swc	CX
data/fafb_sample/swc/720575940630016249.swc	CX
data/fafb_sample/swc/720575940606763110.swc	CX
data/fafb_sample/swc/720575940624006327.swc	CX
data/fafb_sample/swc/720575940617812273.swc	CX
data/fafb_sample/swc/720575940629272850.swc	CX
data/fafb_sample/swc/720575940626759656.swc	CX
data/fafb_sample/swc/720575940630434430.swc	CX
data/fafb_sample/swc/720575940648742777.swc	CX
data/fafb_sample/swc/720575940611974354.swc	CX
data/fafb_sample/swc/720575940632339682.swc	CX
data/fafb_sample/swc/720575940610615269.swc	CX
data/fafb_sample/swc/720575940642051232.swc	CX
data/fafb_sample/swc/720575940624336316.swc	CX
data/fafb_sample/swc/720575940634076115.swc	CX
data/fafb_sample/swc/720575940632516781.swc	CX
data/fafb_sample/swc/720575940623298535.swc	CX
data/fafb_sample/swc/720575940623712656.swc	CX
data/fafb_sample/swc/720575940612107762.swc	CX
data/fafb_sample/swc/720575940627935610.swc	CX
data/fafb_sample/swc/720575940624096234.swc	CX
data/fafb_sample/swc/720575940652702710.swc	CX
data/fafb_sample/swc/720575940618407333.swc	CX
data/fafb_sample/swc/720575940622085389.swc	CX
data/fafb_sample/swc/720575940624638908.swc	CX
data/fafb_sample/swc/720575940626060419.swc	CX
data/fafb_sample/swc/720575940637503603.swc	CX
data/fafb_sample/swc/720575940614615557.swc	CX
data/fafb_sample/swc/720575940639410291.swc	CX
data/fafb_sample/swc/720575940624453680.swc	CX
data/fafb_sample/swc/720575940623004711.swc	CX
data/fafb_sample/swc/720575940615181273.swc	CX
data/fafb_sample/swc/720575940623718119.swc	CX
data/fafb_sample/swc/720575940628630011.swc	CX
data/fafb_sample/swc/720575940617433627.swc	CX
data/fafb_sample/swc/720575940639782875.swc	CX
data/fafb_sample/swc/720575940620391337.swc	CX
data/fafb_sample/swc/720575940626923029.swc	CX
data/fafb_sample/swc/720575940620952865.swc	CX
data/fafb_sample/swc/720575940615133755.swc	CX
data/fafb_sample/swc/720575940641997531.swc	CX
data/fafb_sample/swc/720575940613982514.swc	CX
data/fafb_sample/swc/720575940619913221.swc	CX
data/fafb_sample/swc/720575940608982392.swc	CX
data/fafb_sample/swc/720575940637195895.swc	CX
data/fafb_sample/swc/720575940616828969.swc	CX
data/fafb_sample/swc/720575940619419227.swc	CX
data/fafb_sample/swc/720575940606958859.swc	CX
data/fafb_sample/swc/720575940631820825.swc	CX
data/fafb_sample/swc/720575940634489592.swc	CX
data/fafb_sample/swc/720575940627137009.swc	CX
data/fafb_sample/swc/720575940623926093.swc	CX
data/fafb_sample/swc/720575940620899964.swc	CX
data/fafb_sample/swc/720575940623199070.swc	CX
data/fafb_sample/swc/720575940620365812.swc	CX
data/fafb_sample/swc/720575940633105378.swc	CX
data/fafb_sample/swc/720575940622908660.swc	CX
data/fafb_sample/swc/720575940628168458.swc	CX
data/fafb_sample/swc/720575940628621563.swc	CX
data/fafb_sample/swc/720575940625967546.swc	CX
data/fafb_sample/swc/720575940623260201.swc	CX
data/fafb_sample/swc/720575940634288595.swc	CX
data/fafb_sample/swc/720575940604868286.swc	CX
data/fafb_sample/swc/720575940631080552.swc	CX
data/fafb_sample/swc/720575940639596507.swc	CX
data/fafb_sample/swc/720575940614018722.swc	CX
data/fafb_sample/swc/720575940626898504.swc	CX
data/fafb_sample/swc/720575940636413176.swc	CX
data/fafb_sample/swc/720575940604444081.swc	CX
data/fafb_sample/swc/720575940621478861.swc	CX
data/fafb_sample/swc/720575940616539990.swc	CX
data/fafb_sample/swc/720575940613685418.swc	CX
data/fafb_sample/swc/720575940616299606.swc	CX
data/fafb_sample/swc/720575940634046399.swc	CX
data/fafb_sample/swc/720575940621501720.swc	CX
data/fafb_sample/swc/720575940606646962.swc	CX
data/fafb_sample/swc/720575940613005937.swc	CX
data/fafb_sample/swc/720575940615324670.swc	CX
data/fafb_sample/swc/720575940641715144.swc	CX
data/fafb_sample/swc/720575940628843458.swc	CX
data/fafb_sample/swc/720575940627495708.swc	CX
data/fafb_sample/swc/720575940612710184.swc	CX
data/fafb_sample/swc/720575940625424642.swc	CX
data/fafb_sample/swc/720575940626563304.swc	CX
data/fafb_sample/swc/720575940610363059.swc	CX
data/fafb_sample/swc/720575940623164856.swc	CX
data/fafb_sample/swc/720575940641981600.swc	CX
data/fafb_sample/swc/720575940613115289.swc	CX
data/fafb_sample/swc/720575940614230499.swc	CX
data/fafb_sample/swc/720575940631991507.swc	CX
data/fafb_sample/swc/720575940628165019.swc	CX
data/fafb_sample/swc/720575940634360824.swc	CX
data/fafb_sample/swc/720575940623498476.swc	CX
data/fafb_sample/swc/720575940627569658.swc	CX
data/fafb_sample/swc/720575940614308283.swc	CX
data/fafb_sample/swc/720575940628940994.swc	CX
data/fafb_sample/swc/720575940627029254.swc	CX
data/fafb_sample/swc/720575940625659028.swc	CX
data/fafb_sample/swc/720575940627557909.swc	CX
data/fafb_sample/swc/720575940610623402.swc	CX
data/fafb_sample/swc/720575940616098354.swc	mechanosensory
data/fafb_sample/swc/720575940611477873.swc	mechanosensory
data/fafb_sample/swc/720575940618746533.swc	mechanosensory
data/fafb_sample/swc/720575940620926836.swc	mechanosensory
data/fafb_sample/swc/720575940629806206.swc	mechanosensory
data/fafb_sample/swc/720575940634781594.swc	mechanosensory
data/fafb_sample/swc/720575940645483555.swc	mechanosensory
data/fafb_sample/swc/720575940629347626.swc	mechanosensory
data/fafb_sample/swc/720575940617135389.swc	mechanosensory
data/fafb_sample/swc/720575940600646173.swc	mechanosensory
data/fafb_sample/swc/720575940604781158.swc	mechanosensory
data/fafb_sample/swc/720575940617145654.swc	mechanosensory
data/fafb_sample/swc/720575940614808844.swc	mechanosensory
data/fafb_sample/swc/720575940631884748.swc	mechanosensory
data/fafb_sample/swc/720575940630118979.swc	mechanosensory
data/fafb_sample/swc/720575940616907067.swc	mechanosensory
data/fafb_sample/swc/720575940627142666.swc	mechanosensory
data/fafb_sample/swc/720575940627685864.swc	mechanosensory
data/fafb_sample/swc/720575940626406552.swc	mechanosensory
data/fafb_sample/swc/720575940628957443.swc	mechanosensory
data/fafb_sample/swc/720575940627209734.swc	mechanosensory
data/fafb_sample/swc/720575940612420118.swc	mechanosensory
data/fafb_sample/swc/720575940621590132.swc	mechanosensory
data/fafb_sample/swc/720575940617244049.swc	mechanosensory
data/fafb_sample/swc/720575940617672093.swc	mechanosensory
data/fafb_sample/swc/720575940630962280.swc	mechanosensory
data/fafb_sample/swc/720575940638228131.swc	mechanosensory
data/fafb_sample/swc/720575940631559884.swc	mechanosensory
data/fafb_sample/swc/720575940624846835.swc	mechanosensory
data/fafb_sample/swc/720575940612886695.swc	mechanosensory
data/fafb_sample/swc/720575940606986691.swc	mechanosensory
data/fafb_sample/swc/720575940630080071.swc	mechanosensory
data/fafb_sample/swc/720575940622529939.swc	mechanosensory
data/fafb_sample/swc/720575940630667587.swc	mechanosensory
data/fafb_sample/swc/720575940639375182.swc	mechanosensory
data/fafb_sample/swc/720575940610798834.swc	mechanosensory
data/fafb_sample/swc/720575940625727369.swc	mechanosensory
data/fafb_sample/swc/720575940618609799.swc	mechanosensory
data/fafb_sample/swc/720575940604236768.swc	mechanosensory
data/fafb_sample/swc/720575940619742288.swc	mechanosensory
data/fafb_sample/swc/720575940625369648.swc	mechanosensory
data/fafb_sample/swc/720575940617811013.swc	mechanosensory
data/fafb_sample/swc/720575940629275180.swc	mechanosensory
data/fafb_sample/swc/720575940613006590.swc	mechanosensory
data/fafb_sample/swc/720575940625605905.swc	mechanosensory
data/fafb_sample/swc/720575940621654664.swc	mechanosensory
data/fafb_sample/swc/720575940631383085.swc	mechanosensory
data/fafb_sample/swc/720575940625917386.swc	mechanosensory
data/fafb_sample/swc/720575940611773041.swc	mechanosensory
data/fafb_sample/swc/720575940628517175.swc	mechanosensory
data/fafb_sample/swc/720575940629014119.swc	mechanosensory
data/fafb_sample/swc/720575940618901424.swc	mechanosensory
data/fafb_sample/swc/720575940632128031.swc	mechanosensory
data/fafb_sample/swc/720575940631262035.swc	mechanosensory
data/fafb_sample/swc/720575940618056753.swc	mechanosensory
data/fafb_sample/swc/720575940614276876.swc	mechanosensory
data/fafb_sample/swc/720575940631966791.swc	mechanosensory
data/fafb_sample/swc/720575940629752204.swc	mechanosensory
data/fafb_sample/swc/720575940619900788.swc	mechanosensory
data/fafb_sample/swc/720575940609894094.swc	mechanosensory
data/fafb_sample/swc/720575940614004019.swc	mechanosensory
data/fafb_sample/swc/720575940636804976.swc	mechanosensory
data/fafb_sample/swc/720575940624677182.swc	mechanosensory
data/fafb_sample/swc/720575940626540821.swc	mechanosensory
data/fafb_sample/swc/720575940629582892.swc	mechanosensory
data/fafb_sample/swc/720575940641372661.swc	mechanosensory
data/fafb_sample/swc/720575940636569434.swc	mechanosensory
data/fafb_sample/swc/720575940636104846.swc	mechanosensory
data/fafb_sample/swc/720575940634923621.swc	mechanosensory
data/fafb_sample/swc/720575940638124147.swc	mechanosensory
data/fafb_sample/swc/720575940645728803.swc	mechanosensory
data/fafb_sample/swc/720575940623184637.swc	mechanosensory
data/fafb_sample/swc/720575940618267339.swc	mechanosensory
data/fafb_sample/swc/720575940631482666.swc	mechanosensory
data/fafb_sample/swc/720575940619235920.swc	mechanosensory
data/fafb_sample/swc/720575940628979218.swc	mechanosensory
data/fafb_sample/swc/720575940628513335.swc	mechanosensory
data/fafb_sample/swc/720575940614742850.swc	mechanosensory
data/fafb_sample/swc/720575940617273560.swc	mechanosensory
data/fafb_sample/swc/720575940627085199.swc	mechanosensory
data/fafb_sample/swc/720575940622416903.swc	mechanosensory
data/fafb_sample/swc/720575940620254829.swc	mechanosensory
data/fafb_sample/swc/720575940633125624.swc	mechanosensory
data/fafb_sample/swc/720575940619869120.swc	mechanosensory
data/fafb_sample/swc/720575940632164772.swc	mechanosensory
data/fafb_sample/swc/720575940612000022.swc	mechanosensory
data/fafb_sample/swc/720575940616951124.swc	mechanosensory
data/fafb_sample/swc/720575940604879025.swc	mechanosensory
data/fafb_sample/swc/720575940619991232.swc	mechanosensory
data/fafb_sample/swc/720575940625807193.swc	mechanosensory
data/fafb_sample/swc/720575940625349520.swc	mechanosensory
data/fafb_sample/swc/720575940644706158.swc	mechanosensory
data/fafb_sample/swc/720575940641764552.swc	mechanosensory
data/fafb_sample/swc/720575940629377367.swc	mechanosensory
data/fafb_sample/swc/720575940628218011.swc	mechanosensory
data/fafb_sample/swc/720575940638243645.swc	mechanosensory
data/fafb_sample/swc/720575940624355051.swc	mechanosensory
data/fafb_sample/swc/720575940643339287.swc	mechanosensory
data/fafb_sample/swc/720575940616758075.swc	mechanosensory
data/fafb_sample/swc/720575940635028634.swc	mechanosensory
data/fafb_sample/swc/720575940622606106.swc	mechanosensory
data/fafb_sample/swc/720575940605627424.swc	mechanosensory
data/fafb_sample/swc/720575940633388479.swc	mechanosensory
data/fafb_sample/swc/720575940626135548.swc	mechanosensory
data/fafb_sample/swc/720575940626309509.swc	mechanosensory
data/fafb_sample/swc/720575940643261220.swc	mechanosensory
data/fafb_sample/swc/720575940645466500.swc	mechanosensory
data/fafb_sample/swc/720575940614534623.swc	mechanosensory
data/fafb_sample/swc/720575940616042508.swc	mechanosensory
data/fafb_sample/swc/720575940622953983.swc	mechanosensory
data/fafb_sample/swc/720575940646507316.swc	mechanosensory
data/fafb_sample/swc/720575940614686058.swc	mechanosensory
data/fafb_sample/swc/720575940650244342.swc	mechanosensory
data/fafb_sample/swc/720575940628159081.swc	mechanosensory
data/fafb_sample/swc/720575940630174223.swc	mechanosensory
data/fafb_sample/swc/720575940617122193.swc	mechanosensory
data/fafb_sample/swc/720575940613959391.swc	mechanosensory
data/fafb_sample/swc/720575940604731308.swc	mechanosensory
data/fafb_sample/swc/720575940621791664.swc	mechanosensory
data/fafb_sample/swc/720575940613413374.swc	mechanosensory
data/fafb_sample/swc/720575940621894365.swc	mechanosensory
data/fafb_sample/swc/720575940622961961.swc	mechanosensory
data/fafb_sample/swc/720575940608971218.swc	mechanosensory
data/fafb_sample/swc/720575940616786501.swc	mechanosensory
data/fafb_sample/swc/720575940622344216.swc	mechanosensory
data/fafb_sample/swc/720575940630660951.swc	mechanosensory
data/fafb_sample/swc/720575940611327923.swc	mechanosensory
data/fafb_sample/swc/720575940615230175.swc	mechanosensory
data/fafb_sample/swc/720575940642507464.swc	mechanosensory
data/fafb_sample/swc/720575940605697824.swc	mechanosensory
data/fafb_sample/swc/720575940624989223.swc	mechanosensory
data/fafb_sample/swc/720575940603639724.swc	mechanosensory
data/fafb_sample/swc/720575940621289537.swc	mechanosensory
data/fafb_sample/swc/720575940631461451.swc	mechanosensory
data/fafb_sample/swc/720575940615976891.swc	mechanosensory
data/fafb_sample/swc/720575940606101634.swc	mechanosensory
data/fafb_sample/swc/720575940632022888.swc	mechanosensory
data/fafb_sample/swc/720575940629122170.swc	mechanosensory
data/fafb_sample/swc/720575940628557879.swc	mechanosensory
data/fafb_sample/swc/720575940630834171.swc	mechanosensory
data/fafb_sample/swc/720575940610899349.swc	mechanosensory
data/fafb_sample/swc/720575940628194647.swc	mechanosensory
data/fafb_sample/swc/720575940614178302.swc	mechanosensory
data/fafb_sample/swc/720575940615656498.swc	mechanosensory
data/fafb_sample/swc/720575940606222428.swc	mechanosensory
data/fafb_sample/swc/720575940616462429.swc	mechanosensory
data/fafb_sample/swc/720575940627219272.swc	mechanosensory
data/fafb_sample/swc/720575940635545310.swc	mechanosensory
data/fafb_sample/swc/720575940620959258.swc	mechanosensory
data/fafb_sample/swc/720575940629350394.swc	mechanosensory
data/fafb_sample/swc/720575940620454238.swc	mechanosensory
data/fafb_sample/swc/720575940614636950.swc	mechanosensory
data/fafb_sample/swc/720575940631915219.swc	mechanosensory
data/fafb_sample/swc/720575940608554052.swc	mechanosensory
data/fafb_sample/swc/720575940625919434.swc	mechanosensory
data/fafb_sample/swc/720575940620537734.swc	mechanosensory
data/fafb_sample/swc/720575940614644898.swc	mechanosensory
data/fafb_sample/swc/720575940634186091.swc	mechanosensory
data/fafb_sample/swc/720575940619548225.swc	mechanosensory
data/fafb_sample/swc/720575940620276144.swc	mechanosensory
data/fafb_sample/swc/720575940645103726.swc	mechanosensory
data/fafb_sample/swc/720575940646362403.swc	mechanosensory
data/fafb_sample/swc/720575940620544801.swc	mechanosensory
data/fafb_sample/swc/720575940628993146.swc	mechanosensory
data/fafb_sample/swc/720575940626878120.swc	mechanosensory
data/fafb_sample/swc/720575940621501609.swc	mechanosensory
data/fafb_sample/swc/720575940617654818.swc	mechanosensory
data/fafb_sample/swc/720575940625888560.swc	mechanosensory
data/fafb_sample/swc/720575940625040973.swc	mechanosensory
data/fafb_sample/swc/720575940637445183.swc	mechanosensory
data/fafb_sample/swc/720575940645085975.swc	mechanosensory
data/fafb_sample/swc/720575940623956263.swc	mechanosensory
data/fafb_sample/swc/720575940634291045.swc	mechanosensory
data/fafb_sample/swc/720575940631437997.swc	mechanosensory
data/fafb_sample/swc/720575940632037260.swc	mechanosensory
data/fafb_sample/swc/720575940629972215.swc	mechanosensory
data/fafb_sample/swc/720575940604249824.swc	mechanosensory
data/fafb_sample/swc/720575940627049731.swc	mechanosensory
data/fafb_sample/swc/720575940623777869.swc	mechanosensory
data/fafb_sample/swc/720575940616916441.swc	mechanosensory
data/fafb_sample/swc/720575940640843316.swc	mechanosensory
data/fafb_sample/swc/720575940638185550.swc	mechanosensory
data/fafb_sample/swc/720575940618760432.swc	mechanosensory
data/fafb_sample/swc/720575940620052464.swc	mechanosensory
data/fafb_sample/swc/720575940624224408.swc	mechanosensory
data/fafb_sample/swc/720575940629214070.swc	mechanosensory
data/fafb_sample/swc/720575940629985900.swc	mechanosensory
data/fafb_sample/swc/720575940624903757.swc	mechanosensory
data/fafb_sample/swc/720575940607208114.swc	mechanosensory
data/fafb_sample/swc/720575940630451141.swc	mechanosensory
data/fafb_sample/swc/720575940627304963.swc	mechanosensory
data/fafb_sample/swc/720575940611939314.swc	mechanosensory
data/fafb_sample/swc/720575940610956953.swc	mechanosensory
data/fafb_sample/swc/720575940615579078.swc	mechanosensory
data/fafb_sample/swc/720575940615469785.swc	mechanosensory
data/fafb_sample/swc/720575940625173006.swc	mechanosensory
data/fafb_sample/swc/720575940614396172.swc	mechanosensory
data/fafb_sample/swc/720575940621583367.swc	mechanosensory
data/fafb_sample/swc/720575940632288815.swc	mechanosensory
data/fafb_sample/swc/720575940618998644.swc	mechanosensory
data/fafb_sample/swc/720575940612502056.swc	mechanosensory
data/fafb_sample/swc/720575940631554616.swc	mechanosensory
data/fafb_sample/swc/720575940641288923.swc	mechanosensory
data/fafb_sample/swc/720575940645086999.swc	mechanosensory
data/fafb_sample/swc/720575940626052369.swc	mechanosensory
data/fafb_sample/swc/720575940635159659.swc	mechanosensory
data/fafb_sample/swc/720575940617735965.swc	mechanosensory
data/fafb_sample/swc/720575940628560951.swc	mechanosensory
data/fafb_sample/swc/720575940630539023.swc	mechanosensory
data/fafb_sample/swc/720575940619800001.swc	mechanosensory
data/fafb_sample/swc/720575940632226641.swc	mechanosensory
data/fafb_sample/swc/720575940627063634.swc	mechanosensory
data/fafb_sample/swc/720575940637616094.swc	mechanosensory
data/fafb_sample/swc/720575940622155619.swc	mechanosensory
data/fafb_sample/swc/720575940624562618.swc	mechanosensory
data/fafb_sample/swc/720575940617125666.swc	mechanosensory
data/fafb_sample/swc/720575940641783437.swc	mechanosensory
data/fafb_sample/swc/720575940611345813.swc	mechanosensory
data/fafb_sample/swc/720575940633122711.swc	mechanosensory
data/fafb_sample/swc/720575940623897096.swc	mechanosensory
data/fafb_sample/swc/720575940619437478.swc	mechanosensory
data/fafb_sample/swc/720575940624116553.swc	mechanosensory
data/fafb_sample/swc/720575940639970392.swc	mechanosensory
data/fafb_sample/swc/720575940628978450.swc	mechanosensory
data/fafb_sample/swc/720575940622432726.swc	mechanosensory
data/fafb_sample/swc/720575940624555559.swc	mechanosensory
data/fafb_sample/swc/720575940640901621.swc	mechanosensory
data/fafb_sample/swc/720575940624981069.swc	mechanosensory
data/fafb_sample/swc/720575940623038249.swc	mechanosensory
data/fafb_sample/swc/720575940630930191.swc	mechanosensory
data/fafb_sample/swc/720575940631999970.swc	mechanosensory
data/fafb_sample/swc/720575940609712226.swc	mechanosensory
data/fafb_sample/swc/720575940630607756.swc	mechanosensory
data/fafb_sample/swc/720575940631809863.swc	mechanosensory
data/fafb_sample/swc/720575940620715789.swc	mechanosensory
data/fafb_sample/swc/720575940627042170.swc	mechanosensory
data/fafb_sample/swc/720575940618544507.swc	mechanosensory
data/fafb_sample/swc/720575940640719861.swc	mechanosensory
data/fafb_sample/swc/720575940612235439.swc	mechanosensory
data/fafb_sample/swc/720575940626890377.swc	mechanosensory
data/fafb_sample/swc/720575940613915089.swc	mechanosensory
data/fafb_sample/swc/720575940623543236.swc	mechanosensory
data/fafb_sample/swc/720575940634490219.swc	mechanosensory
data/fafb_sample/swc/720575940642393485.swc	mechanosensory
data/fafb_sample/swc/720575940658904961.swc	mechanosensory
data/fafb_sample/swc/720575940636542565.swc	mechanosensory
data/fafb_sample/swc/720575940636276336.swc	mechanosensory
data/fafb_sample/swc/720575940628533591.swc	mechanosensory
data/fafb_sample/swc/720575940613698747.swc	mechanosensory
data/fafb_sample/swc/720575940621715336.swc	mechanosensory
data/fafb_sample/swc/720575940621931460.swc	mechanosensory
data/fafb_sample/swc/720575940624520231.swc	mechanosensory
data/fafb_sample/swc/720575940618896624.swc	mechanosensory
data/fafb_sample/swc/720575940640405968.swc	mechanosensory
data/fafb_sample/swc/720575940617164578.swc	mechanosensory
data/fafb_sample/swc/720575940624186602.swc	mechanosensory
data/fafb_sample/swc/720575940623529875.swc	mechanosensory
data/fafb_sample/swc/720575940635184820.swc	mechanosensory
data/fafb_sample/swc/720575940616040587.swc	mechanosensory
data/fafb_sample/swc/720575940613167766.swc	mechanosensory
data/fafb_sample/swc/720575940627554203.swc	mechanosensory
data/fafb_sample/swc/720575940628915279.swc	mechanosensory
data/fafb_sample/swc/720575940629105658.swc	mechanosensory
data/fafb_sample/swc/720575940617212134.swc	mechanosensory
data/fafb_sample/swc/720575940616080212.swc	mechanosensory
data/fafb_sample/swc/720575940628896299.swc	mechanosensory
data/fafb_sample/swc/720575940625718576.swc	mechanosensory
data/fafb_sample/swc/720575940633957271.swc	mechanosensory
data/fafb_sample/swc/720575940629126651.swc	mechanosensory
data/fafb_sample/swc/720575940635127182.swc	mechanosensory
data/fafb_sample/swc/720575940605755424.swc	mechanosensory
data/fafb_sample/swc/720575940622857827.swc	mechanosensory
data/fafb_sample/swc/720575940629199402.swc	mechanosensory
data/fafb_sample/swc/720575940620119005.swc	mechanosensory
data/fafb_sample/swc/720575940612439958.swc	mechanosensory
data/fafb_sample/swc/720575940632618700.swc	mechanosensory
data/fafb_sample/swc/720575940618770625.swc	mechanosensory
data/fafb_sample/swc/720575940603029472.swc	mechanosensory
data/fafb_sample/swc/720575940605209521.swc	mechanosensory
data/fafb_sample/swc/720575940607434588.swc	mechanosensory
data/fafb_sample/swc/720575940623511795.swc	mechanosensory
data/fafb_sample/swc/720575940610208046.swc	mechanosensory
data/fafb_sample/swc/720575940617859486.swc	mechanosensory
data/fafb_sample/swc/720575940632475859.swc	mechanosensory
data/fafb_sample/swc/720575940636033655.swc	mechanosensory
data/fafb_sample/swc/720575940615458594.swc	mechanosensory
data/fafb_sample/swc/720575940619557937.swc	mechanosensory
data/fafb_sample/swc/720575940619694512.swc	mechanosensory
data/fafb_sample/swc/720575940638592384.swc	mechanosensory
data/fafb_sample/swc/720575940634512992.swc	mechanosensory
data/fafb_sample/swc/720575940628117118.swc	mechanosensory
data/fafb_sample/swc/720575940626309438.swc	mechanosensory
data/fafb_sample/swc/720575940618831124.swc	mechanosensory
data/fafb_sample/swc/720575940623314580.swc	mechanosensory
data/fafb_sample/swc/720575940624324248.swc	mechanosensory
data/fafb_sample/swc/720575940630800658.swc	mechanosensory
data/fafb_sample/swc/720575940629837628.swc	mechanosensory
data/fafb_sample/swc/720575940627714665.swc	mechanosensory
data/fafb_sample/swc/720575940620649972.swc	mechanosensory
data/fafb_sample/swc/720575940608862677.swc	mechanosensory
data/fafb_sample/swc/720575940639166080.swc	mechanosensory
data/fafb_sample/swc/720575940640836660.swc	mechanosensory
data/fafb_sample/swc/720575940627372184.swc	mechanosensory
data/fafb_sample/swc/720575940614597644.swc	mechanosensory
data/fafb_sample/swc/720575940624515530.swc	mechanosensory
data/fafb_sample/swc/720575940616526420.swc	mechanosensory
data/fafb_sample/swc/720575940638980149.swc	mechanosensory
data/fafb_sample/swc/720575940632343891.swc	mechanosensory
data/fafb_sample/swc/720575940606536393.swc	mechanosensory
data/fafb_sample/swc/720575940626162378.swc	mechanosensory
data/fafb_sample/swc/720575940621325601.swc	mechanosensory
data/fafb_sample/swc/720575940622807629.swc	mechanosensory
data/fafb_sample/swc/720575940620822893.swc	mechanosensory
data/fafb_sample/swc/720575940616501787.swc	mechanosensory
data/fafb_sample/swc/720575940618941037.swc	mechanosensory
data/fafb_sample/swc/720575940621728588.swc	mechanosensory
data/fafb_sample/swc/720575940628081393.swc	mechanosensory
data/fafb_sample/swc/720575940613331693.swc	mechanosensory
data/fafb_sample/swc/720575940638248518.swc	mechanosensory
data/fafb_sample/swc/720575940619940811.swc	mechanosensory
data/fafb_sample/swc/720575940619134037.swc	mechanosensory
data/fafb_sample/swc/720575940636365540.swc	mechanosensory
data/fafb_sample/swc/720575940626402376.swc	mechanosensory
data/fafb_sample/swc/720575940622721577.swc	mechanosensory
data/fafb_sample/swc/720575940628873295.swc	mechanosensory
data/fafb_sample/swc/720575940622655979.swc	mechanosensory
data/fafb_sample/swc/720575940631191367.swc	mechanosensory
data/fafb_sample/swc/720575940629397564.swc	mechanosensory
data/fafb_sample/swc/720575940621521917.swc	mechanosensory
data/fafb_sample/swc/720575940623512317.swc	mechanosensory
data/fafb_sample/swc/720575940637838670.swc	mechanosensory
data/fafb_sample/swc/720575940624418352.swc	mechanosensory
data/fafb_sample/swc/720575940635739504.swc	mechanosensory
data/fafb_sample/swc/720575940618156315.swc	mechanosensory
data/fafb_sample/swc/720575940605398206.swc	mechanosensory
data/fafb_sample/swc/720575940624284308.swc	mechanosensory
data/fafb_sample/swc/720575940629903691.swc	mechanosensory
data/fafb_sample/swc/720575940627941431.swc	mechanosensory
data/fafb_sample/swc/720575940633293538.swc	mechanosensory
data/fafb_sample/swc/720575940614086142.swc	mechanosensory
data/fafb_sample/swc/720575940621665886.swc	mechanosensory
data/fafb_sample/swc/720575940623001736.swc	mechanosensory
data/fafb_sample/swc/720575940655071905.swc	mechanosensory
data/fafb_sample/swc/720575940621097398.swc	mechanosensory
data/fafb_sample/swc/720575940634076095.swc	mechanosensory
data/fafb_sample/swc/720575940629743063.swc	mechanosensory
data/fafb_sample/swc/720575940626748232.swc	mechanosensory
data/fafb_sample/swc/720575940623614903.swc	mechanosensory
data/fafb_sample/swc/720575940620422413.swc	mechanosensory
data/fafb_sample/swc/720575940622997759.swc	mechanosensory
data/fafb_sample/swc/720575940616017676.swc	mechanosensory
data/fafb_sample/swc/720575940630820218.swc	mechanosensory
data/fafb_sample/swc/720575940612029081.swc	mechanosensory
data/fafb_sample/swc/720575940630503798.swc	mechanosensory
data/fafb_sample/swc/720575940632016943.swc	mechanosensory
data/fafb_sample/swc/720575940625524938.swc	mechanosensory
data/fafb_sample/swc/720575940608292361.swc	mechanosensory
data/fafb_sample/swc/720575940622148490.swc	mechanosensory
data/fafb_sample/swc/720575940606619081.swc	mechanosensory
data/fafb_sample/swc/720575940607590748.swc	mechanosensory
data/fafb_sample/swc/720575940620896477.swc	mechanosensory
data/fafb_sample/swc/720575940617524053.swc	mechanosensory
data/fafb_sample/swc/720575940608875703.swc	mechanosensory
data/fafb_sample/swc/720575940626606594.swc	mechanosensory
data/fafb_sample/swc/720575940631750687.swc	mechanosensory
data/fafb_sample/swc/720575940612969169.swc	mechanosensory
data/fafb_sample/swc/720575940635607408.swc	mechanosensory
data/fafb_sample/swc/720575940618289867.swc	mechanosensory
data/fafb_sample/swc/720575940629906223.swc	mechanosensory
data/fafb_sample/swc/720575940634228124.swc	mechanosensory
data/fafb_sample/swc/720575940628356358.swc	mechanosensory
data/fafb_sample/swc/720575940629022149.swc	mechanosensory
data/fafb_sample/swc/720575940620699162.swc	mechanosensory
data/fafb_sample/swc/720575940629185751.swc	mechanosensory
data/fafb_sample/swc/720575940637220211.swc	mechanosensory
data/fafb_sample/swc/720575940634241727.swc	mechanosensory
data/fafb_sample/swc/720575940625664202.swc	mechanosensory
data/fafb_sample/swc/720575940611351193.swc	mechanosensory
data/fafb_sample/swc/720575940616295937.swc	mechanosensory
data/fafb_sample/swc/720575940612338942.swc	mechanosensory
data/fafb_sample/swc/720575940639161909.swc	mechanosensory
data/fafb_sample/swc/720575940618646744.swc	mechanosensory
data/fafb_sample/swc/720575940606736002.swc	mechanosensory
data/fafb_sample/swc/720575940632309841.swc	mechanosensory
data/fafb_sample/swc/720575940614688322.swc	mechanosensory
data/fafb_sample/swc/720575940630308567.swc	mechanosensory
data/fafb_sample/swc/720575940619075207.swc	mechanosensory
data/fafb_sample/swc/720575940612642730.swc	mechanosensory
data/fafb_sample/swc/720575940614847906.swc	mechanosensory
data/fafb_sample/swc/720575940612773374.swc	mechanosensory
data/fafb_sample/swc/720575940626557995.swc	mechanosensory
data/fafb_sample/swc/720575940619341105.swc	mechanosensory
data/fafb_sample/swc/720575940634508911.swc	mechanosensory
data/fafb_sample/swc/720575940623637995.swc	mechanosensory
data/fafb_sample/swc/720575940629396796.swc	mechanosensory
data/fafb_sample/swc/720575940618950480.swc	mechanosensory
data/fafb_sample/swc/720575940626881625.swc	mechanosensory
data/fafb_sample/swc/720575940623077389.swc	mechanosensory
data/fafb_sample/swc/720575940639233333.swc	mechanosensory
data/fafb_sample/swc/720575940625003964.swc	mechanosensory
data/fafb_sample/swc/720575940621870618.swc	mechanosensory
data/fafb_sample/swc/720575940622295585.swc	mechanosensory
data/fafb_sample/swc/720575940631190058.swc	mechanosensory
data/fafb_sample/swc/720575940608524224.swc	mechanosensory
data/fafb_sample/swc/720575940620673663.swc	mechanosensory
data/fafb_sample/swc/720575940645100910.swc	mechanosensory
data/fafb_sample/swc/720575940628700571.swc	mechanosensory
data/fafb_sample/swc/720575940630020111.swc	mechanosensory
data/fafb_sample/swc/720575940624379400.swc	mechanosensory
data/fafb_sample/swc/720575940626089298.swc	mechanosensory
data/fafb_sample/swc/720575940613019373.swc	mechanosensory
data/fafb_sample/swc/720575940611177586.swc	mechanosensory
data/fafb_sample/swc/720575940628162300.swc	mechanosensory
data/fafb_sample/swc/720575940615473186.swc	mechanosensory
data/fafb_sample/swc/720575940636332663.swc	mechanosensory
data/fafb_sample/swc/720575940606800341.swc	mechanosensory
data/fafb_sample/swc/720575940623110837.swc	mechanosensory
data/fafb_sample/swc/720575940626956777.swc	mechanosensory
data/fafb_sample/swc/720575940631670584.swc	mechanosensory
data/fafb_sample/swc/720575940639298237.swc	mechanosensory
data/fafb_sample/swc/720575940628326594.swc	mechanosensory
data/fafb_sample/swc/720575940645301812.swc	mechanosensory
data/fafb_sample/swc/720575940634789271.swc	mechanosensory
data/fafb_sample/swc/720575940604816672.swc	mechanosensory
data/fafb_sample/swc/720575940621340148.swc	mechanosensory
data/fafb_sample/swc/720575940634020508.swc	mechanosensory
data/fafb_sample/swc/720575940615010933.swc	mechanosensory
data/fafb_sample/swc/720575940634249567.swc	mechanosensory
data/fafb_sample/swc/720575940628649465.swc	mechanosensory
data/fafb_sample/swc/720575940636356678.swc	mechanosensory
data/fafb_sample/swc/720575940615957563.swc	mechanosensory
data/fafb_sample/swc/720575940627821553.swc	mechanosensory
data/fafb_sample/swc/720575940622329212.swc	mechanosensory
data/fafb_sample/swc/720575940605558402.swc	mechanosensory
data/fafb_sample/swc/720575940610028868.swc	mechanosensory
data/fafb_sample/swc/720575940631003077.swc	mechanosensory
data/fafb_sample/swc/720575940622419165.swc	mechanosensory
data/fafb_sample/swc/720575940627572200.swc	mechanosensory
data/fafb_sample/swc/720575940617063325.swc	mechanosensory
data/fafb_sample/swc/720575940634682815.swc	mechanosensory
data/fafb_sample/swc/720575940621464344.swc	mechanosensory
data/fafb_sample/swc/720575940629534458.swc	mechanosensory
data/fafb_sample/swc/720575940627774287.swc	mechanosensory
data/fafb_sample/swc/720575940626049098.swc	mechanosensory
data/fafb_sample/swc/720575940619663239.swc	mechanosensory
data/fafb_sample/swc/720575940629730575.swc	mechanosensory
data/fafb_sample/swc/720575940637701695.swc	mechanosensory
data/fafb_sample/swc/720575940622277400.swc	mechanosensory
data/fafb_sample/swc/720575940619465131.swc	mechanosensory
data/fafb_sample/swc/720575940604988332.swc	mechanosensory
data/fafb_sample/swc/720575940620981936.swc	mechanosensory
data/fafb_sample/swc/720575940625113637.swc	mechanosensory
data/fafb_sample/swc/720575940635278455.swc	mechanosensory
data/fafb_sample/swc/720575940613776962.swc	mechanosensory
data/fafb_sample/swc/720575940608606421.swc	mechanosensory
data/fafb_sample/swc/720575940631450413.swc	mechanosensory
data/fafb_sample/swc/720575940628589438.swc	mechanosensory
data/fafb_sample/swc/720575940626274314.swc	mechanosensory
data/fafb_sample/swc/720575940626148354.swc	mechanosensory
data/fafb_sample/swc/720575940611329138.swc	mechanosensory
data/fafb_sample/swc/720575940630253420.swc	mechanosensory
data/fafb_sample/swc/720575940620031341.swc	mechanosensory
data/fafb_sample/swc/720575940635549364.swc	mechanosensory
data/fafb_sample/swc/720575940614433503.swc	mechanosensory
data/fafb_sample/swc/720575940631936081.swc	mechanosensory
data/fafb_sample/swc/720575940620320517.swc	mechanosensory
data/fafb_sample/swc/720575940607772681.swc	mechanosensory
data/fafb_sample/swc/720575940621447629.swc	mechanosensory
data/fafb_sample/swc/720575940633027865.swc	mechanosensory
data/fafb_sample/swc/720575940633556634.swc	mechanosensory
data/fafb_sample/swc/720575940634789495.swc	mechanosensory
data/fafb_sample/swc/720575940617945684.swc	mechanosensory
data/fafb_sample/swc/720575940621272865.swc	mechanosensory
data/fafb_sample/swc/720575940616332381.swc	mechanosensory
data/fafb_sample/swc/720575940626514920.swc	mechanosensory
data/fafb_sample/swc/720575940623352247.swc	mechanosensory
data/fafb_sample/swc/720575940630092867.swc	mechanosensory
data/fafb_sample/swc/720575940614056733.swc	mechanosensory
data/fafb_sample/swc/720575940617541147.swc	mechanosensory
data/fafb_sample/swc/720575940607775324.swc	mechanosensory
data/fafb_sample/swc/720575940634161504.swc	mechanosensory
data/fafb_sample/swc/720575940615567163.swc	mechanosensory
data/fafb_sample/swc/720575940611910898.swc	mechanosensory
data/fafb_sample/swc/720575940623938125.swc	mechanosensory
data/fafb_sample/swc/720575940614929245.swc	mechanosensory
data/fafb_sample/swc/720575940624277652.swc	mechanosensory
data/fafb_sample/swc/720575940618590262.swc	mechanosensory
data/fafb_sample/swc/720575940621823514.swc	mechanosensory
data/fafb_sample/swc/720575940629339959.swc	mechanosensory
data/fafb_sample/swc/720575940625826916.swc	mechanosensory
data/fafb_sample/swc/720575940635185588.swc	mechanosensory
data/fafb_sample/swc/720575940607088514.swc	mechanosensory
data/fafb_sample/swc/720575940605277641.swc	mechanosensory
data/fafb_sample/swc/720575940625363096.swc	mechanosensory
data/fafb_sample/swc/720575940628319354.swc	mechanosensory
data/fafb_sample/swc/720575940622638276.swc	mechanosensory
data/fafb_sample/swc/720575940628467462.swc	mechanosensory
data/fafb_sample/swc/720575940624501747.swc	mechanosensory
data/fafb_sample/swc/720575940624265264.swc	mechanosensory
data/fafb_sample/swc/720575940622431751.swc	mechanosensory
data/fafb_sample/swc/720575940612136666.swc	mechanosensory
data/fafb_sample/swc/720575940611392986.swc	mechanosensory
data/fafb_sample/swc/720575940612341490.swc	mechanosensory
data/fafb_sample/swc/720575940621294412.swc	mechanosensory
data/fafb_sample/swc/720575940602506208.swc	mechanosensory
data/fafb_sample/swc/720575940613504808.swc	mechanosensory
data/fafb_sample/swc/720575940625912250.swc	mechanosensory
data/fafb_sample/swc/720575940626565455.swc	mechanosensory
data/fafb_sample/swc/720575940620243183.swc	mechanosensory
data/fafb_sample/swc/720575940612988575.swc	mechanosensory
data/fafb_sample/swc/720575940635078239.swc	mechanosensory
data/fafb_sample/swc/720575940631399008.swc	mechanosensory
data/fafb_sample/swc/720575940615229115.swc	mechanosensory
data/fafb_sample/swc/720575940630969051.swc	mechanosensory
data/fafb_sample/swc/720575940634239083.swc	mechanosensory
data/fafb_sample/swc/720575940630059847.swc	mechanosensory
data/fafb_sample/swc/720575940611006158.swc	mechanosensory
data/fafb_sample/swc/720575940606640329.swc	mechanosensory
data/fafb_sample/swc/720575940633287394.swc	mechanosensory
data/fafb_sample/swc/720575940625559358.swc	mechanosensory
data/fafb_sample/swc/720575940619745415.swc	mechanosensory
data/fafb_sample/swc/720575940629354703.swc	mechanosensory
data/fafb_sample/swc/720575940638817725.swc	mechanosensory
data/fafb_sample/swc/720575940613782239.swc	mechanosensory
data/fafb_sample/swc/720575940622724331.swc	mechanosensory
data/fafb_sample/swc/720575940635022840.swc	mechanosensory
data/fafb_sample/swc/720575940626745682.swc	mechanosensory
data/fafb_sample/swc/720575940615285393.swc	mechanosensory
data/fafb_sample/swc/720575940618467195.swc	mechanosensory
data/fafb_sample/swc/720575940629531095.swc	mechanosensory
data/fafb_sample/swc/720575940617341270.swc	mechanosensory
data/fafb_sample/swc/720575940623837693.swc	mechanosensory
data/fafb_sample/swc/720575940609541917.swc	mechanosensory
data/fafb_sample/swc/720575940640397520.swc	mechanosensory
data/fafb_sample/swc/720575940629786639.swc	mechanosensory
data/fafb_sample/swc/720575940606431189.swc	mechanosensory
data/fafb_sample/swc/720575940627839304.swc	mechanosensory
data/fafb_sample/swc/720575940624664468.swc	mechanosensory
data/fafb_sample/swc/720575940639405683.swc	mechanosensory
data/fafb_sample/swc/720575940619085190.swc	mechanosensory
data/fafb_sample/swc/720575940632803996.swc	mechanosensory
data/fafb_sample/swc/720575940636943849.swc	mechanosensory
data/fafb_sample/swc/720575940622340393.swc	mechanosensory
data/fafb_sample/swc/720575940629302016.swc	mechanosensory
data/fafb_sample/swc/720575940642256544.swc	mechanosensory
data/fafb_sample/swc/720575940626406916.swc	mechanosensory
data/fafb_sample/swc/720575940624730212.swc	mechanosensory
data/fafb_sample/swc/720575940604299454.swc	mechanosensory
data/fafb_sample/swc/720575940620921565.swc	mechanosensory
data/fafb_sample/swc/720575940624533948.swc	mechanosensory
data/fafb_sample/swc/720575940613255731.swc	mechanosensory
data/fafb_sample/swc/720575940627332139.swc	mechanosensory
data/fafb_sample/swc/720575940612409885.swc	mechanosensory
data/fafb_sample/swc/720575940614427195.swc	mechanosensory
data/fafb_sample/swc/720575940619235486.swc	mechanosensory
data/fafb_sample/swc/720575940619161479.swc	mechanosensory
data/fafb_sample/swc/720575940626833158.swc	mechanosensory
data/fafb_sample/swc/720575940613309359.swc	mechanosensory
data/fafb_sample/swc/720575940630870851.swc	mechanosensory
data/fafb_sample/swc/720575940641339021.swc	mechanosensory
data/fafb_sample/swc/720575940620543110.swc	mechanosensory
data/fafb_sample/swc/720575940603198432.swc	mechanosensory
data/fafb_sample/swc/720575940635067034.swc	mechanosensory
data/fafb_sample/swc/720575940609547549.swc	mechanosensory
data/fafb_sample/swc/720575940643790446.swc	mechanosensory
data/fafb_sample/swc/720575940630467804.swc	mechanosensory
data/fafb_sample/swc/720575940628926684.swc	mechanosensory
data/fafb_sample/swc/720575940623979959.swc	mechanosensory
data/fafb_sample/swc/720575940634629311.swc	mechanosensory
data/fafb_sample/swc/720575940631461805.swc	mechanosensory
data/fafb_sample/swc/720575940624510868.swc	mechanosensory
data/fafb_sample/swc/720575940630722351.swc	mechanosensory
data/fafb_sample/swc/720575940625549128.swc	mechanosensory
data/fafb_sample/swc/720575940638529525.swc	mechanosensory
data/fafb_sample/swc/720575940628908670.swc	mechanosensory
data/fafb_sample/swc/720575940617691220.swc	mechanosensory
data/fafb_sample/swc/720575940605433022.swc	mechanosensory
data/fafb_sample/swc/720575940615455230.swc	mechanosensory
data/fafb_sample/swc/720575940621625597.swc	mechanosensory
data/fafb_sample/swc/720575940620150255.swc	mechanosensory
data/fafb_sample/swc/720575940615241010.swc	mechanosensory
data/fafb_sample/swc/720575940621013364.swc	mechanosensory
data/fafb_sample/swc/720575940607944384.swc	mechanosensory
data/fafb_sample/swc/720575940613304883.swc	mechanosensory
data/fafb_sample/swc/720575940619969227.swc	mechanosensory
data/fafb_sample/swc/720575940611132890.swc	mechanosensory
data/fafb_sample/swc/720575940626956298.swc	mechanosensory
data/fafb_sample/swc/720575940638092366.swc	mechanosensory
data/fafb_sample/swc/720575940630915346.swc	mechanosensory
data/fafb_sample/swc/720575940639296189.swc	mechanosensory
data/fafb_sample/swc/720575940628218976.swc	mechanosensory
data/fafb_sample/swc/720575940623988971.swc	mechanosensory
data/fafb_sample/swc/720575940631190314.swc	mechanosensory
data/fafb_sample/swc/720575940615809349.swc	mechanosensory
data/fafb_sample/swc/720575940616287449.swc	mechanosensory
data/fafb_sample/swc/720575940613611048.swc	mechanosensory
data/fafb_sample/swc/720575940621642376.swc	mechanosensory
data/fafb_sample/swc/720575940631470378.swc	mechanosensory
data/fafb_sample/swc/720575940627978395.swc	mechanosensory
data/fafb_sample/swc/720575940642506184.swc	mechanosensory
data/fafb_sample/swc/720575940645760820.swc	mechanosensory
data/fafb_sample/swc/720575940622886663.swc	mechanosensory
data/fafb_sample/swc/720575940616254182.swc	mechanosensory
data/fafb_sample/swc/720575940626773009.swc	mechanosensory
data/fafb_sample/swc/720575940615716795.swc	mechanosensory
data/fafb_sample/swc/720575940624308355.swc	mechanosensory
data/fafb_sample/swc/720575940630425285.swc	mechanosensory
data/fafb_sample/swc/720575940622643661.swc	mechanosensory
data/fafb_sample/swc/720575940618603179.swc	mechanosensory
data/fafb_sample/swc/720575940627778393.swc	mechanosensory
data/fafb_sample/swc/720575940635777016.swc	mechanosensory
data/fafb_sample/swc/720575940629814332.swc	mechanosensory
data/fafb_sample/swc/720575940631444013.swc	mechanosensory
data/fafb_sample/swc/720575940612567449.swc	mechanosensory
data/fafb_sample/swc/720575940617066653.swc	mechanosensory
data/fafb_sample/swc/720575940659131009.swc	mechanosensory
data/fafb_sample/swc/720575940628963175.swc	mechanosensory
data/fafb_sample/swc/720575940616655989.swc	mechanosensory
data/fafb_sample/swc/720575940617130129.swc	mechanosensory
data/fafb_sample/swc/720575940611814883.swc	mechanosensory
data/fafb_sample/swc/720575940607635012.swc	mechanosensory
data/fafb_sample/swc/720575940611723473.swc	mechanosensory
data/fafb_sample/swc/720575940629194614.swc	mechanosensory
data/fafb_sample/swc/720575940659426177.swc	mechanosensory
data/fafb_sample/swc/720575940615826269.swc	mechanosensory
data/fafb_sample/swc/720575940607546889.swc	mechanosensory
data/fafb_sample/swc/720575940608369026.swc	mechanosensory
data/fafb_sample/swc/720575940611088563.swc	mechanosensory
data/fafb_sample/swc/720575940644057635.swc	mechanosensory
data/fafb_sample/swc/720575940630202624.swc	mechanosensory
data/fafb_sample/swc/720575940625060280.swc	mechanosensory
data/fafb_sample/swc/720575940628359017.swc	mechanosensory
data/fafb_sample/swc/720575940621032513.swc	mechanosensory
data/fafb_sample/swc/720575940621401072.swc	mechanosensory
data/fafb_sample/swc/720575940628143191.swc	mechanosensory
data/fafb_sample/swc/720575940618055003.swc	mechanosensory
data/fafb_sample/swc/720575940629736443.swc	mechanosensory
data/fafb_sample/swc/720575940611630194.swc	mechanosensory
data/fafb_sample/swc/720575940637919551.swc	mechanosensory
data/fafb_sample/swc/720575940629253376.swc	mechanosensory
data/fafb_sample/swc/720575940621805261.swc	mechanosensory
data/fafb_sample/swc/720575940630773778.swc	mechanosensory
data/fafb_sample/swc/720575940616917721.swc	mechanosensory
data/fafb_sample/swc/720575940606938313.swc	mechanosensory
data/fafb_sample/swc/720575940617156445.swc	mechanosensory
data/fafb_sample/swc/720575940610646734.swc	mechanosensory
data/fafb_sample/swc/720575940622631146.swc	mechanosensory
data/fafb_sample/swc/720575940615573597.swc	mechanosensory
data/fafb_sample/swc/720575940638064100.swc	mechanosensory
data/fafb_sample/swc/720575940657445249.swc	mechanosensory
data/fafb_sample/swc/720575940626933002.swc	mechanosensory
data/fafb_sample/swc/720575940631326751.swc	mechanosensory
data/fafb_sample/swc/720575940622397075.swc	mechanosensory
data/fafb_sample/swc/720575940621244510.swc	mechanosensory
data/fafb_sample/swc/720575940627023954.swc	mechanosensory
data/fafb_sample/swc/720575940621593972.swc	mechanosensory
data/fafb_sample/swc/720575940610674581.swc	mechanosensory
data/fafb_sample/swc/720575940622770189.swc	mechanosensory
data/fafb_sample/swc/720575940616190651.swc	mechanosensory
data/fafb_sample/swc/720575940639041443.swc	mechanosensory
data/fafb_sample/swc/720575940628769239.swc	mechanosensory
data/fafb_sample/swc/720575940628828631.swc	mechanosensory
data/fafb_sample/swc/720575940633286611.swc	mechanosensory
data/fafb_sample/swc/720575940622030806.swc	mechanosensory
data/fafb_sample/swc/720575940631038163.swc	mechanosensory
data/fafb_sample/swc/720575940619757488.swc	mechanosensory
data/fafb_sample/swc/720575940629860089.swc	mechanosensory
data/fafb_sample/swc/720575940624663482.swc	mechanosensory
data/fafb_sample/swc/720575940622052586.swc	mechanosensory
data/fafb_sample/swc/720575940628111875.swc	mechanosensory
data/fafb_sample/swc/720575940623307815.swc	mechanosensory
data/fafb_sample/swc/720575940616934289.swc	mechanosensory
data/fafb_sample/swc/720575940641950349.swc	mechanosensory
data/fafb_sample/swc/720575940620444654.swc	mechanosensory
data/fafb_sample/swc/720575940613142191.swc	mechanosensory
data/fafb_sample/swc/720575940613966914.swc	mechanosensory
data/fafb_sample/swc/720575940617478725.swc	mechanosensory
data/fafb_sample/swc/720575940624594276.swc	mechanosensory
data/fafb_sample/swc/720575940629380559.swc	mechanosensory
data/fafb_sample/swc/720575940610236740.swc	mechanosensory
data/fafb_sample/swc/720575940620879552.swc	mechanosensory
data/fafb_sample/swc/720575940623519502.swc	mechanosensory
data/fafb_sample/swc/720575940619978075.swc	mechanosensory
data/fafb_sample/swc/720575940639648573.swc	mechanosensory
data/fafb_sample/swc/720575940610702968.swc	mechanosensory
data/fafb_sample/swc/720575940631463495.swc	mechanosensory
data/fafb_sample/swc/720575940630630284.swc	mechanosensory
data/fafb_sample/swc/720575940644611016.swc	mechanosensory
data/fafb_sample/swc/720575940621532413.swc	mechanosensory
data/fafb_sample/swc/720575940632463663.swc	mechanosensory
data/fafb_sample/swc/720575940628826172.swc	mechanosensory
data/fafb_sample/swc/720575940610739666.swc	mechanosensory
data/fafb_sample/swc/720575940621906726.swc	mechanosensory
data/fafb_sample/swc/720575940627356072.swc	mechanosensory
data/fafb_sample/swc/720575940625890067.swc	mechanosensory
data/fafb_sample/swc/720575940630299084.swc	mechanosensory
data/fafb_sample/swc/720575940632000979.swc	mechanosensory
data/fafb_sample/swc/720575940637975110.swc	mechanosensory
data/fafb_sample/swc/720575940619630982.swc	mechanosensory
data/fafb_sample/swc/720575940612418483.swc	mechanosensory
data/fafb_sample/swc/720575940614715295.swc	mechanosensory
data/fafb_sample/swc/720575940617559481.swc	mechanosensory
data/fafb_sample/swc/720575940625070067.swc	mechanosensory
data/fafb_sample/swc/720575940627580136.swc	mechanosensory
data/fafb_sample/swc/720575940619448967.swc	mechanosensory
data/fafb_sample/swc/720575940637239006.swc	mechanosensory
data/fafb_sample/swc/720575940606239243.swc	mechanosensory
data/fafb_sample/swc/720575940622234211.swc	mechanosensory
data/fafb_sample/swc/720575940606683266.swc	mechanosensory
data/fafb_sample/swc/720575940616589878.swc	mechanosensory
data/fafb_sample/swc/720575940623971592.swc	mechanosensory
data/fafb_sample/swc/720575940632175268.swc	mechanosensory
data/fafb_sample/swc/720575940625491556.swc	mechanosensory
data/fafb_sample/swc/720575940629032015.swc	mechanosensory
data/fafb_sample/swc/720575940643791304.swc	mechanosensory
data/fafb_sample/swc/720575940620179883.swc	mechanosensory
data/fafb_sample/swc/720575940635968745.swc	mechanosensory
data/fafb_sample/swc/720575940629309177.swc	mechanosensory
data/fafb_sample/swc/720575940604976318.swc	mechanosensory
data/fafb_sample/swc/720575940631455140.swc	mechanosensory
data/fafb_sample/swc/720575940629269630.swc	mechanosensory
data/fafb_sample/swc/720575940635962254.swc	mechanosensory
data/fafb_sample/swc/720575940637128538.swc	mechanosensory
data/fafb_sample/swc/720575940614803266.swc	mechanosensory
data/fafb_sample/swc/720575940604054188.swc	mechanosensory
data/fafb_sample/swc/720575940622946963.swc	mechanosensory
data/fafb_sample/swc/720575940626286432.swc	mechanosensory
data/fafb_sample/swc/720575940625587970.swc	mechanosensory
data/fafb_sample/swc/720575940621722111.swc	mechanosensory
data/fafb_sample/swc/720575940609527069.swc	mechanosensory
data/fafb_sample/swc/720575940611899158.swc	mechanosensory
data/fafb_sample/swc/720575940624065724.swc	mechanosensory
data/fafb_sample/swc/720575940618684481.swc	mechanosensory
data/fafb_sample/swc/720575940622939912.swc	mechanosensory
data/fafb_sample/swc/720575940626291581.swc	mechanosensory
data/fafb_sample/swc/720575940629450366.swc	mechanosensory
data/fafb_sample/swc/720575940620113799.swc	mechanosensory
data/fafb_sample/swc/720575940621776227.swc	mechanosensory
data/fafb_sample/swc/720575940629665900.swc	mechanosensory
data/fafb_sample/swc/720575940629602501.swc	mechanosensory
data/fafb_sample/swc/720575940629316815.swc	mechanosensory
data/fafb_sample/swc/720575940626200457.swc	mechanosensory
data/fafb_sample/swc/720575940629967663.swc	mechanosensory
data/fafb_sample/swc/720575940608658205.swc	mechanosensory
data/fafb_sample/swc/720575940630677900.swc	mechanosensory
data/fafb_sample/swc/720575940617074004.swc	mechanosensory
data/fafb_sample/swc/720575940614205708.swc	mechanosensory
data/fafb_sample/swc/720575940612585577.swc	mechanosensory
data/fafb_sample/swc/720575940628969984.swc	mechanosensory
data/fafb_sample/swc/720575940630122015.swc	mechanosensory
data/fafb_sample/swc/720575940634073183.swc	mechanosensory
data/fafb_sample/swc/720575940623650997.swc	mechanosensory
data/fafb_sample/swc/720575940619038379.swc	mechanosensory
data/fafb_sample/swc/720575940636079991.swc	mechanosensory
data/fafb_sample/swc/720575940638921525.swc	mechanosensory
data/fafb_sample/swc/720575940607058524.swc	mechanosensory
data/fafb_sample/swc/720575940616096306.swc	mechanosensory
data/fafb_sample/swc/720575940611015909.swc	mechanosensory
data/fafb_sample/swc/720575940646163235.swc	mechanosensory
data/fafb_sample/swc/720575940645865092.swc	mechanosensory
data/fafb_sample/swc/720575940614351477.swc	mechanosensory
data/fafb_sample/swc/720575940620516846.swc	mechanosensory
data/fafb_sample/swc/720575940624179384.swc	mechanosensory
data/fafb_sample/swc/720575940624881180.swc	mechanosensory
data/fafb_sample/swc/720575940628134526.swc	mechanosensory
data/fafb_sample/swc/720575940613924271.swc	mechanosensory
data/fafb_sample/swc/720575940631448338.swc	mechanosensory
data/fafb_sample/swc/720575940606678146.swc	mechanosensory
data/fafb_sample/swc/720575940634647487.swc	mechanosensory
data/fafb_sample/swc/720575940621861119.swc	mechanosensory
data/fafb_sample/swc/720575940628875735.swc	mechanosensory
data/fafb_sample/swc/720575940628402023.swc	mechanosensory
data/fafb_sample/swc/720575940620823796.swc	mechanosensory
data/fafb_sample/swc/720575940618682747.swc	mechanosensory
data/fafb_sample/swc/720575940624338521.swc	mechanosensory
data/fafb_sample/swc/720575940633278675.swc	mechanosensory
data/fafb_sample/swc/720575940612129962.swc	mechanosensory
data/fafb_sample/swc/720575940622179497.swc	mechanosensory
data/fafb_sample/swc/720575940635244724.swc	mechanosensory
data/fafb_sample/swc/720575940638586496.swc	mechanosensory
data/fafb_sample/swc/720575940625763015.swc	mechanosensory
data/fafb_sample/swc/720575940633964700.swc	mechanosensory
data/fafb_sample/swc/720575940631467565.swc	mechanosensory
data/fafb_sample/swc/720575940619938217.swc	mechanosensory
data/fafb_sample/swc/720575940624915230.swc	mechanosensory
data/fafb_sample/swc/720575940615222201.swc	mechanosensory
data/fafb_sample/swc/720575940614866242.swc	mechanosensory
data/fafb_sample/swc/720575940621730557.swc	mechanosensory
data/fafb_sample/swc/720575940624727226.swc	mechanosensory
data/fafb_sample/swc/720575940605824946.swc	mechanosensory
data/fafb_sample/swc/720575940622785418.swc	mechanosensory
data/fafb_sample/swc/720575940612478181.swc	mechanosensory
data/fafb_sample/swc/720575940622434584.swc	mechanosensory
data/fafb_sample/swc/720575940607101961.swc	mechanosensory
data/fafb_sample/swc/720575940623777771.swc	mechanosensory
data/fafb_sample/swc/720575940640748195.swc	mechanosensory
data/fafb_sample/swc/720575940619909652.swc	mechanosensory
data/fafb_sample/swc/720575940622482445.swc	mechanosensory
data/fafb_sample/swc/720575940624003336.swc	mechanosensory
data/fafb_sample/swc/720575940622281352.swc	mechanosensory
data/fafb_sample/swc/720575940623291945.swc	mechanosensory
data/fafb_sample/swc/720575940626666066.swc	mechanosensory
data/fafb_sample/swc/720575940617091106.swc	mechanosensory
data/fafb_sample/swc/720575940615540841.swc	mechanosensory
data/fafb_sample/swc/720575940613851699.swc	mechanosensory
data/fafb_sample/swc/720575940625049945.swc	mechanosensory
data/fafb_sample/swc/720575940616335675.swc	mechanosensory
data/fafb_sample/swc/720575940615676334.swc	mechanosensory
data/fafb_sample/swc/720575940629188251.swc	mechanosensory
data/fafb_sample/swc/720575940632082387.swc	mechanosensory
data/fafb_sample/swc/720575940623527608.swc	mechanosensory
data/fafb_sample/swc/720575940635579128.swc	mechanosensory
data/fafb_sample/swc/720575940628091910.swc	mechanosensory
data/fafb_sample/swc/720575940618896660.swc	mechanosensory
data/fafb_sample/swc/720575940613221928.swc	mechanosensory
data/fafb_sample/swc/720575940620940276.swc	mechanosensory
data/fafb_sample/swc/720575940639405912.swc	mechanosensory
data/fafb_sample/swc/720575940616889915.swc	mechanosensory
data/fafb_sample/swc/720575940632688813.swc	mechanosensory
data/fafb_sample/swc/720575940640713680.swc	mechanosensory
data/fafb_sample/swc/720575940622937528.swc	mechanosensory
data/fafb_sample/swc/720575940604281888.swc	mechanosensory
data/fafb_sample/swc/720575940615225055.swc	mechanosensory
data/fafb_sample/swc/720575940612217818.swc	mechanosensory
data/fafb_sample/swc/720575940629250775.swc	mechanosensory
data/fafb_sample/swc/720575940614485307.swc	mechanosensory
data/fafb_sample/swc/720575940624761075.swc	mechanosensory
data/fafb_sample/swc/720575940630487594.swc	mechanosensory
data/fafb_sample/swc/720575940625228121.swc	mechanosensory
data/fafb_sample/swc/720575940633524443.swc	mechanosensory
data/fafb_sample/swc/720575940625087546.swc	mechanosensory
data/fafb_sample/swc/720575940620745825.swc	mechanosensory
data/fafb_sample/swc/720575940616823481.swc	mechanosensory
data/fafb_sample/swc/720575940618633782.swc	mechanosensory
data/fafb_sample/swc/720575940612149418.swc	mechanosensory
data/fafb_sample/swc/720575940643318052.swc	mechanosensory
data/fafb_sample/swc/720575940622267260.swc	mechanosensory
data/fafb_sample/swc/720575940609685624.swc	mechanosensory
data/fafb_sample/swc/720575940640554045.swc	mechanosensory
data/fafb_sample/swc/720575940637084762.swc	mechanosensory
data/fafb_sample/swc/720575940611783464.swc	mechanosensory
data/fafb_sample/swc/720575940609543197.swc	mechanosensory
data/fafb_sample/swc/720575940605185312.swc	mechanosensory
data/fafb_sample/swc/720575940615750318.swc	mechanosensory
data/fafb_sample/swc/720575940610008217.swc	mechanosensory
data/fafb_sample/swc/720575940607386307.swc	mechanosensory
data/fafb_sample/swc/720575940622927242.swc	mechanosensory
data/fafb_sample/swc/720575940632692378.swc	mechanosensory
data/fafb_sample/swc/720575940630686860.swc	mechanosensory
data/fafb_sample/swc/720575940639290045.swc	mechanosensory
data/fafb_sample/swc/720575940623642037.swc	mechanosensory
data/fafb_sample/swc/720575940631292959.swc	mechanosensory
data/fafb_sample/swc/720575940652043254.swc	mechanosensory
data/fafb_sample/swc/720575940637030975.swc	mechanosensory
data/fafb_sample/swc/720575940619932654.swc	mechanosensory
data/fafb_sample/swc/720575940629761017.swc	mechanosensory
data/fafb_sample/swc/720575940642108557.swc	mechanosensory
data/fafb_sample/swc/720575940642163341.swc	mechanosensory
data/fafb_sample/swc/720575940639410035.swc	mechanosensory
data/fafb_sample/swc/720575940615941337.swc	mechanosensory
data/fafb_sample/swc/720575940624375079.swc	mechanosensory
data/fafb_sample/swc/720575940622146698.swc	mechanosensory
data/fafb_sample/swc/720575940620057502.swc	mechanosensory
data/fafb_sample/swc/720575940636425584.swc	mechanosensory
data/fafb_sample/swc/720575940612763242.swc	mechanosensory
data/fafb_sample/swc/720575940626980410.swc	mechanosensory
data/fafb_sample/swc/720575940628355846.swc	mechanosensory
data/fafb_sample/swc/720575940626169481.swc	mechanosensory
data/fafb_sample/swc/720575940634379918.swc	mechanosensory
data/fafb_sample/swc/720575940636387812.swc	mechanosensory
data/fafb_sample/swc/720575940615860748.swc	mechanosensory
data/fafb_sample/swc/720575940636559534.swc	mechanosensory
data/fafb_sample/swc/720575940614280359.swc	mechanosensory
data/fafb_sample/swc/720575940610801250.swc	mechanosensory
data/fafb_sample/swc/720575940627674630.swc	mechanosensory
data/fafb_sample/swc/720575940629376087.swc	mechanosensory
data/fafb_sample/swc/720575940620322753.swc	mechanosensory
data/fafb_sample/swc/720575940630098084.swc	mechanosensory
data/fafb_sample/swc/720575940621051501.swc	mechanosensory
data/fafb_sample/swc/720575940620150767.swc	mechanosensory
data/fafb_sample/swc/720575940626933959.swc	mechanosensory
data/fafb_sample/swc/720575940622635817.swc	mechanosensory
data/fafb_sample/swc/720575940630960911.swc	mechanosensory
data/fafb_sample/swc/720575940632816339.swc	mechanosensory
data/fafb_sample/swc/720575940611061526.swc	mechanosensory
data/fafb_sample/swc/720575940635217144.swc	mechanosensory
data/fafb_sample/swc/720575940623267732.swc	mechanosensory
data/fafb_sample/swc/720575940621434495.swc	mechanosensory
data/fafb_sample/swc/720575940624137656.swc	mechanosensory
data/fafb_sample/swc/720575940618889931.swc	mechanosensory
data/fafb_sample/swc/720575940622658301.swc	mechanosensory
data/fafb_sample/swc/720575940610621742.swc	mechanosensory
data/fafb_sample/swc/720575940624910876.swc	mechanosensory
data/fafb_sample/swc/720575940630832635.swc	mechanosensory
data/fafb_sample/swc/720575940640420304.swc	mechanosensory
data/fafb_sample/swc/720575940628495447.swc	mechanosensory
data/fafb_sample/swc/720575940618474581.swc	mechanosensory
data/fafb_sample/swc/720575940615735711.swc	mechanosensory
data/fafb_sample/swc/720575940628672122.swc	mechanosensory
data/fafb_sample/swc/720575940618763201.swc	mechanosensory
data/fafb_sample/swc/720575940622283912.swc	mechanosensory
data/fafb_sample/swc/720575940617245908.swc	mechanosensory
data/fafb_sample/swc/720575940632188497.swc	mechanosensory
data/fafb_sample/swc/720575940621442224.swc	mechanosensory
data/fafb_sample/swc/720575940634892389.swc	mechanosensory
data/fafb_sample/swc/720575940639360245.swc	mechanosensory
data/fafb_sample/swc/720575940624123645.swc	mechanosensory
data/fafb_sample/swc/720575940644036644.swc	mechanosensory
data/fafb_sample/swc/720575940619686208.swc	mechanosensory
data/fafb_sample/swc/720575940640611803.swc	mechanosensory
data/fafb_sample/swc/720575940651933686.swc	mechanosensory
data/fafb_sample/swc/720575940624167093.swc	mechanosensory
data/fafb_sample/swc/720575940620563777.swc	mechanosensory
data/fafb_sample/swc/720575940613012959.swc	mechanosensory
data/fafb_sample/swc/720575940607345365.swc	mechanosensory
data/fafb_sample/swc/720575940609486690.swc	mechanosensory
data/fafb_sample/swc/720575940621314593.swc	mechanosensory
data/fafb_sample/swc/720575940620953254.swc	mechanosensory
data/fafb_sample/swc/720575940614138783.swc	mechanosensory
data/fafb_sample/swc/720575940646062115.swc	mechanosensory
data/fafb_sample/swc/720575940647493241.swc	mechanosensory
data/fafb_sample/swc/720575940611876338.swc	mechanosensory
data/fafb_sample/swc/720575940628379471.swc	mechanosensory
data/fafb_sample/swc/720575940617444254.swc	mechanosensory
data/fafb_sample/swc/720575940619330251.swc	mechanosensory
data/fafb_sample/swc/720575940639741347.swc	mechanosensory
data/fafb_sample/swc/720575940623264807.swc	mechanosensory
data/fafb_sample/swc/720575940609869774.swc	mechanosensory
data/fafb_sample/swc/720575940643795054.swc	mechanosensory
data/fafb_sample/swc/720575940611197107.swc	mechanosensory
data/fafb_sample/swc/720575940622611224.swc	mechanosensory
data/fafb_sample/swc/720575940626242191.swc	mechanosensory
data/fafb_sample/swc/720575940634038964.swc	mechanosensory
data/fafb_sample/swc/720575940607452117.swc	mechanosensory
data/fafb_sample/swc/720575940628258715.swc	mechanosensory
data/fafb_sample/swc/720575940645904675.swc	mechanosensory
data/fafb_sample/swc/720575940621218729.swc	mechanosensory
data/fafb_sample/swc/720575940620267713.swc	mechanosensory
data/fafb_sample/swc/720575940627334474.swc	mechanosensory
data/fafb_sample/swc/720575940617905713.swc	mechanosensory
data/fafb_sample/swc/720575940608884931.swc	mechanosensory
data/fafb_sample/swc/720575940616393814.swc	mechanosensory
data/fafb_sample/swc/720575940628901758.swc	mechanosensory
data/fafb_sample/swc/720575940637243504.swc	mechanosensory
data/fafb_sample/swc/720575940628786511.swc	mechanosensory
data/fafb_sample/swc/720575940638312270.swc	mechanosensory
data/fafb_sample/swc/720575940623474871.swc	mechanosensory
data/fafb_sample/swc/720575940613428945.swc	mechanosensory
data/fafb_sample/swc/720575940631694069.swc	mechanosensory
data/fafb_sample/swc/720575940606154370.swc	mechanosensory
data/fafb_sample/swc/720575940626833926.swc	mechanosensory
data/fafb_sample/swc/720575940618476368.swc	mechanosensory
data/fafb_sample/swc/720575940619542081.swc	mechanosensory
data/fafb_sample/swc/720575940645089559.swc	mechanosensory
data/fafb_sample/swc/720575940617967941.swc	mechanosensory
data/fafb_sample/swc/720575940629620421.swc	mechanosensory
data/fafb_sample/swc/720575940623312828.swc	mechanosensory
data/fafb_sample/swc/720575940623412360.swc	mechanosensory
data/fafb_sample/swc/720575940632494818.swc	mechanosensory
data/fafb_sample/swc/720575940624922140.swc	mechanosensory
data/fafb_sample/swc/720575940627562472.swc	mechanosensory
data/fafb_sample/swc/720575940628101126.swc	mechanosensory
data/fafb_sample/swc/720575940633058989.swc	mechanosensory
data/fafb_sample/swc/720575940626524805.swc	mechanosensory
data/fafb_sample/swc/720575940629296185.swc	mechanosensory
data/fafb_sample/swc/720575940629502009.swc	mechanosensory
data/fafb_sample/swc/720575940654070689.swc	mechanosensory
data/fafb_sample/swc/720575940623199239.swc	mechanosensory
data/fafb_sample/swc/720575940624755180.swc	mechanosensory
data/fafb_sample/swc/720575940605622118.swc	mechanosensory
data/fafb_sample/swc/720575940621340429.swc	mechanosensory
data/fafb_sample/swc/720575940631641704.swc	mechanosensory
data/fafb_sample/swc/720575940608784579.swc	mechanosensory
data/fafb_sample/swc/720575940639601752.swc	mechanosensory
data/fafb_sample/swc/720575940633625455.swc	mechanosensory
data/fafb_sample/swc/720575940628740346.swc	mechanosensory
data/fafb_sample/swc/720575940622082729.swc	mechanosensory
data/fafb_sample/swc/720575940620494369.swc	mechanosensory
data/fafb_sample/swc/720575940633738209.swc	mechanosensory
data/fafb_sample/swc/720575940627752443.swc	mechanosensory
data/fafb_sample/swc/720575940635995614.swc	mechanosensory
data/fafb_sample/swc/720575940640609525.swc	mechanosensory
data/fafb_sample/swc/720575940626533642.swc	mechanosensory
data/fafb_sample/swc/720575940618795349.swc	mechanosensory
data/fafb_sample/swc/720575940652566177.swc	mechanosensory
data/fafb_sample/swc/720575940612955107.swc	mechanosensory
data/fafb_sample/swc/720575940618795911.swc	mechanosensory
data/fafb_sample/swc/720575940617972052.swc	mechanosensory
data/fafb_sample/swc/720575940632252661.swc	mechanosensory
data/fafb_sample/swc/720575940629707008.swc	mechanosensory
data/fafb_sample/swc/720575940614795410.swc	mechanosensory
data/fafb_sample/swc/720575940622811903.swc	mechanosensory
data/fafb_sample/swc/720575940638909749.swc	mechanosensory
data/fafb_sample/swc/720575940618003284.swc	mechanosensory
data/fafb_sample/swc/720575940611121362.swc	mechanosensory
data/fafb_sample/swc/720575940621341210.swc	mechanosensory
data/fafb_sample/swc/720575940628254402.swc	mechanosensory
data/fafb_sample/swc/720575940624154928.swc	mechanosensory
data/fafb_sample/swc/720575940640770805.swc	mechanosensory
data/fafb_sample/swc/720575940629316089.swc	mechanosensory
data/fafb_sample/swc/720575940651360246.swc	mechanosensory
data/fafb_sample/swc/720575940640753037.swc	mechanosensory
data/fafb_sample/swc/720575940613194143.swc	mechanosensory
data/fafb_sample/swc/720575940620206068.swc	mechanosensory
data/fafb_sample/swc/720575940617127451.swc	mechanosensory
data/fafb_sample/swc/720575940626132508.swc	mechanosensory
data/fafb_sample/swc/720575940608487772.swc	mechanosensory
data/fafb_sample/swc/720575940628107267.swc	mechanosensory
data/fafb_sample/swc/720575940637844558.swc	mechanosensory
data/fafb_sample/swc/720575940637078591.swc	mechanosensory
data/fafb_sample/swc/720575940624283891.swc	mechanosensory
data/fafb_sample/swc/720575940612031129.swc	mechanosensory
data/fafb_sample/swc/720575940627493096.swc	mechanosensory
data/fafb_sample/swc/720575940639361664.swc	mechanosensory
data/fafb_sample/swc/720575940612279731.swc	mechanosensory
data/fafb_sample/swc/720575940611643033.swc	mechanosensory
data/fafb_sample/swc/720575940619549520.swc	mechanosensory
data/fafb_sample/swc/720575940621218985.swc	mechanosensory
data/fafb_sample/swc/720575940632165857.swc	mechanosensory
data/fafb_sample/swc/720575940618591030.swc	mechanosensory
data/fafb_sample/swc/720575940627109991.swc	mechanosensory
data/fafb_sample/swc/720575940616361302.swc	mechanosensory
data/fafb_sample/swc/720575940621848781.swc	mechanosensory
data/fafb_sample/swc/720575940637366335.swc	mechanosensory
data/fafb_sample/swc/720575940639742627.swc	mechanosensory
data/fafb_sample/swc/720575940638791101.swc	mechanosensory
data/fafb_sample/swc/720575940644627735.swc	mechanosensory
data/fafb_sample/swc/720575940618173787.swc	mechanosensory
data/fafb_sample/swc/720575940638431029.swc	mechanosensory
data/fafb_sample/swc/720575940615986459.swc	mechanosensory
data/fafb_sample/swc/720575940658685825.swc	mechanosensory
data/fafb_sample/swc/720575940617541755.swc	mechanosensory
data/fafb_sample/swc/720575940634419040.swc	mechanosensory
data/fafb_sample/swc/720575940636688752.swc	mechanosensory
data/fafb_sample/swc/720575940604274622.swc	mechanosensory
data/fafb_sample/swc/720575940626483985.swc	mechanosensory
data/fafb_sample/swc/720575940634178656.swc	mechanosensory
data/fafb_sample/swc/720575940625359741.swc	mechanosensory
data/fafb_sample/swc/720575940620539418.swc	mechanosensory
data/fafb_sample/swc/720575940646927668.swc	mechanosensory
data/fafb_sample/swc/720575940629534679.swc	mechanosensory
data/fafb_sample/swc/720575940626472721.swc	mechanosensory
data/fafb_sample/swc/720575940632572130.swc	mechanosensory
data/fafb_sample/swc/720575940617938772.swc	mechanosensory
data/fafb_sample/swc/720575940658990721.swc	mechanosensory
data/fafb_sample/swc/720575940606912386.swc	mechanosensory
data/fafb_sample/swc/720575940629689541.swc	mechanosensory
data/fafb_sample/swc/720575940634891700.swc	mechanosensory
data/fafb_sample/swc/720575940636174181.swc	mechanosensory
data/fafb_sample/swc/720575940630715899.swc	mechanosensory
data/fafb_sample/swc/720575940612315373.swc	mechanosensory
data/fafb_sample/swc/720575940645497635.swc	mechanosensory
data/fafb_sample/swc/720575940619059115.swc	mechanosensory
data/fafb_sample/swc/720575940614200994.swc	mechanosensory
data/fafb_sample/swc/720575940621171700.swc	mechanosensory
data/fafb_sample/swc/720575940642352117.swc	mechanosensory
data/fafb_sample/swc/720575940618625927.swc	mechanosensory
data/fafb_sample/swc/720575940610716770.swc	mechanosensory
data/fafb_sample/swc/720575940619551824.swc	mechanosensory
data/fafb_sample/swc/720575940632623524.swc	mechanosensory
data/fafb_sample/swc/720575940632967905.swc	mechanosensory
data/fafb_sample/swc/720575940607544329.swc	mechanosensory
data/fafb_sample/swc/720575940633173143.swc	mechanosensory
data/fafb_sample/swc/720575940622508073.swc	mechanosensory
data/fafb_sample/swc/720575940625962568.swc	mechanosensory
data/fafb_sample/swc/720575940630678009.swc	mechanosensory
data/fafb_sample/swc/720575940622686973.swc	mechanosensory
data/fafb_sample/swc/720575940635247284.swc	mechanosensory
data/fafb_sample/swc/720575940619998228.swc	mechanosensory
data/fafb_sample/swc/720575940636395866.swc	mechanosensory
data/fafb_sample/swc/720575940625910714.swc	mechanosensory
data/fafb_sample/swc/720575940634683488.swc	mechanosensory
data/fafb_sample/swc/720575940631971911.swc	mechanosensory
data/fafb_sample/swc/720575940628910235.swc	mechanosensory
data/fafb_sample/swc/720575940620593840.swc	mechanosensory
data/fafb_sample/swc/720575940630816569.swc	mechanosensory
data/fafb_sample/swc/720575940611775194.swc	mechanosensory
data/fafb_sample/swc/720575940624015543.swc	mechanosensory
data/fafb_sample/swc/720575940633278689.swc	mechanosensory
data/fafb_sample/swc/720575940616551307.swc	mechanosensory
data/fafb_sample/swc/720575940607785739.swc	mechanosensory
data/fafb_sample/swc/720575940625972261.swc	mechanosensory
data/fafb_sample/swc/720575940612534056.swc	mechanosensory
data/fafb_sample/swc/720575940636020855.swc	mechanosensory
data/fafb_sample/swc/720575940631049002.swc	mechanosensory
data/fafb_sample/swc/720575940637012196.swc	mechanosensory
data/fafb_sample/swc/720575940627603432.swc	mechanosensory
data/fafb_sample/swc/720575940626124828.swc	mechanosensory
data/fafb_sample/swc/720575940618261371.swc	mechanosensory
data/fafb_sample/swc/720575940635136880.swc	mechanosensory
data/fafb_sample/swc/720575940617815687.swc	mechanosensory
data/fafb_sample/swc/720575940637715689.swc	mechanosensory
data/fafb_sample/swc/720575940620257345.swc	mechanosensory
data/fafb_sample/swc/720575940622558133.swc	mechanosensory
data/fafb_sample/swc/720575940610849649.swc	mechanosensory
data/fafb_sample/swc/720575940624537546.swc	mechanosensory
data/fafb_sample/swc/720575940614165758.swc	mechanosensory
data/fafb_sample/swc/720575940616508555.swc	mechanosensory
data/fafb_sample/swc/720575940631367520.swc	mechanosensory
data/fafb_sample/swc/720575940618078635.swc	mechanosensory
data/fafb_sample/swc/720575940634640091.swc	mechanosensory
data/fafb_sample/swc/720575940625802003.swc	mechanosensory
data/fafb_sample/swc/720575940613105311.swc	mechanosensory
data/fafb_sample/swc/720575940636652863.swc	mechanosensory
data/fafb_sample/swc/720575940625073154.swc	mechanosensory
data/fafb_sample/swc/720575940642581704.swc	mechanosensory
data/fafb_sample/swc/720575940614667882.swc	mechanosensory
data/fafb_sample/swc/720575940638082163.swc	mechanosensory
data/fafb_sample/swc/720575940616548692.swc	mechanosensory
data/fafb_sample/swc/720575940628903247.swc	mechanosensory
data/fafb_sample/swc/720575940642582039.swc	mechanosensory
data/fafb_sample/swc/720575940639397747.swc	mechanosensory
data/fafb_sample/swc/720575940626576892.swc	mechanosensory
data/fafb_sample/swc/720575940613971485.swc	mechanosensory
data/fafb_sample/swc/720575940620156763.swc	mechanosensory
data/fafb_sample/swc/720575940631156431.swc	mechanosensory
data/fafb_sample/swc/720575940622683174.swc	mechanosensory
data/fafb_sample/swc/720575940609691075.swc	mechanosensory
data/fafb_sample/swc/720575940628578639.swc	mechanosensory
data/fafb_sample/swc/720575940643912608.swc	mechanosensory
data/fafb_sample/swc/720575940621005677.swc	mechanosensory
data/fafb_sample/swc/720575940616479121.swc	mechanosensory
data/fafb_sample/swc/720575940617613392.swc	mechanosensory
data/fafb_sample/swc/720575940621172545.swc	mechanosensory
data/fafb_sample/swc/720575940623886925.swc	mechanosensory
data/fafb_sample/swc/720575940610254638.swc	mechanosensory
data/fafb_sample/swc/720575940622635517.swc	mechanosensory
data/fafb_sample/swc/720575940629590981.swc	mechanosensory
data/fafb_sample/swc/720575940606599042.swc	mechanosensory
data/fafb_sample/swc/720575940611000274.swc	mechanosensory
data/fafb_sample/swc/720575940635672677.swc	mechanosensory
data/fafb_sample/swc/720575940622130058.swc	mechanosensory
data/fafb_sample/swc/720575940637246948.swc	mechanosensory
data/fafb_sample/swc/720575940626733967.swc	mechanosensory
data/fafb_sample/swc/720575940624576845.swc	mechanosensory
data/fafb_sample/swc/720575940623889895.swc	mechanosensory
data/fafb_sample/swc/720575940621388276.swc	mechanosensory
data/fafb_sample/swc/720575940637153648.swc	mechanosensory
data/fafb_sample/swc/720575940604805036.swc	mechanosensory
data/fafb_sample/swc/720575940612219562.swc	mechanosensory
data/fafb_sample/swc/720575940635732916.swc	mechanosensory
data/fafb_sample/swc/720575940615634619.swc	mechanosensory
data/fafb_sample/swc/720575940645629038.swc	mechanosensory
data/fafb_sample/swc/720575940614656162.swc	mechanosensory
data/fafb_sample/swc/720575940622665801.swc	mechanosensory
data/fafb_sample/swc/720575940621906470.swc	mechanosensory
data/fafb_sample/swc/720575940624428728.swc	mechanosensory
data/fafb_sample/swc/720575940627039034.swc	mechanosensory
data/fafb_sample/swc/720575940625680074.swc	mechanosensory
data/fafb_sample/swc/720575940613783038.swc	mechanosensory
data/fafb_sample/swc/720575940628941762.swc	mechanosensory
data/fafb_sample/swc/720575940622202858.swc	mechanosensory
data/fafb_sample/swc/720575940622471431.swc	mechanosensory
data/fafb_sample/swc/720575940612307478.swc	mechanosensory
data/fafb_sample/swc/720575940637844157.swc	mechanosensory
data/fafb_sample/swc/720575940632274636.swc	mechanosensory
data/fafb_sample/swc/720575940623177964.swc	mechanosensory
data/fafb_sample/swc/720575940622141965.swc	mechanosensory
data/fafb_sample/swc/720575940632596449.swc	mechanosensory
data/fafb_sample/swc/720575940624157769.swc	mechanosensory
data/fafb_sample/swc/720575940623165709.swc	mechanosensory
data/fafb_sample/swc/720575940620879808.swc	mechanosensory
data/fafb_sample/swc/720575940631549231.swc	mechanosensory
data/fafb_sample/swc/720575940625095813.swc	mechanosensory
data/fafb_sample/swc/720575940627704375.swc	mechanosensory
data/fafb_sample/swc/720575940613657650.swc	mechanosensory
data/fafb_sample/swc/720575940633257753.swc	mechanosensory
data/fafb_sample/swc/720575940619083349.swc	mechanosensory
data/fafb_sample/swc/720575940625523837.swc	mechanosensory
data/fafb_sample/swc/720575940636290935.swc	mechanosensory
data/fafb_sample/swc/720575940614363970.swc	mechanosensory
data/fafb_sample/swc/720575940620709185.swc	mechanosensory
data/fafb_sample/swc/720575940629020610.swc	mechanosensory
data/fafb_sample/swc/720575940628996867.swc	mechanosensory
data/fafb_sample/swc/720575940611007717.swc	mechanosensory
data/fafb_sample/swc/720575940629185275.swc	mechanosensory
data/fafb_sample/swc/720575940622667032.swc	mechanosensory
data/fafb_sample/swc/720575940618972587.swc	mechanosensory
data/fafb_sample/swc/720575940615862322.swc	mechanosensory
data/fafb_sample/swc/720575940631291666.swc	mechanosensory
data/fafb_sample/swc/720575940646929204.swc	mechanosensory
data/fafb_sample/swc/720575940622978823.swc	mechanosensory
data/fafb_sample/swc/720575940626375785.swc	mechanosensory
data/fafb_sample/swc/720575940610802403.swc	mechanosensory
data/fafb_sample/swc/720575940627714310.swc	mechanosensory
data/fafb_sample/swc/720575940631367264.swc	mechanosensory
data/fafb_sample/swc/720575940607140035.swc	mechanosensory
data/fafb_sample/swc/720575940632384537.swc	mechanosensory
data/fafb_sample/swc/720575940618156480.swc	mechanosensory
data/fafb_sample/swc/720575940618861873.swc	mechanosensory
data/fafb_sample/swc/720575940640820788.swc	mechanosensory
data/fafb_sample/swc/720575940629138959.swc	mechanosensory
data/fafb_sample/swc/720575940609610564.swc	mechanosensory
data/fafb_sample/swc/720575940621341168.swc	mechanosensory
data/fafb_sample/swc/720575940623311847.swc	mechanosensory
data/fafb_sample/swc/720575940640817204.swc	mechanosensory
data/fafb_sample/swc/720575940614186914.swc	mechanosensory
data/fafb_sample/swc/720575940616793300.swc	mechanosensory
data/fafb_sample/swc/720575940627099006.swc	mechanosensory
data/fafb_sample/swc/720575940640591861.swc	mechanosensory
data/fafb_sample/swc/720575940643850862.swc	mechanosensory
data/fafb_sample/swc/720575940637919295.swc	mechanosensory
data/fafb_sample/swc/720575940608990306.swc	mechanosensory
data/fafb_sample/swc/720575940639739125.swc	mechanosensory
data/fafb_sample/swc/720575940629235084.swc	mechanosensory
data/fafb_sample/swc/720575940654562209.swc	mechanosensory
data/fafb_sample/swc/720575940638708058.swc	mechanosensory
data/fafb_sample/swc/720575940608457483.swc	mechanosensory
data/fafb_sample/swc/720575940622456039.swc	mechanosensory
data/fafb_sample/swc/720575940606443977.swc	mechanosensory
data/fafb_sample/swc/720575940604972209.swc	mechanosensory
data/fafb_sample/swc/720575940616428884.swc	mechanosensory
data/fafb_sample/swc/720575940614468438.swc	mechanosensory
data/fafb_sample/swc/720575940615879995.swc	mechanosensory
data/fafb_sample/swc/720575940622212045.swc	mechanosensory
data/fafb_sample/swc/720575940612186265.swc	mechanosensory
data/fafb_sample/swc/720575940614596795.swc	mechanosensory
data/fafb_sample/swc/720575940616162235.swc	mechanosensory
data/fafb_sample/swc/720575940625279294.swc	mechanosensory
data/fafb_sample/swc/720575940631794513.swc	mechanosensory
data/fafb_sample/swc/720575940608227595.swc	mechanosensory
data/fafb_sample/swc/720575940627835591.swc	mechanosensory
data/fafb_sample/swc/720575940616404002.swc	mechanosensory
data/fafb_sample/swc/720575940630098243.swc	mechanosensory
data/fafb_sample/swc/720575940629544442.swc	mechanosensory
data/fafb_sample/swc/720575940629917471.swc	mechanosensory
data/fafb_sample/swc/720575940616375041.swc	mechanosensory
data/fafb_sample/swc/720575940626673490.swc	mechanosensory
data/fafb_sample/swc/720575940611535126.swc	mechanosensory
data/fafb_sample/swc/720575940625048606.swc	mechanosensory
data/fafb_sample/swc/720575940625296074.swc	mechanosensory
data/fafb_sample/swc/720575940604901310.swc	mechanosensory
data/fafb_sample/swc/720575940614908822.swc	mechanosensory
data/fafb_sample/swc/720575940630820347.swc	mechanosensory
data/fafb_sample/swc/720575940621686561.swc	mechanosensory
data/fafb_sample/swc/720575940635191694.swc	mechanosensory
data/fafb_sample/swc/720575940627396943.swc	mechanosensory
data/fafb_sample/swc/720575940609522461.swc	mechanosensory
data/fafb_sample/swc/720575940625351461.swc	mechanosensory
data/fafb_sample/swc/720575940611938001.swc	mechanosensory
data/fafb_sample/swc/720575940628857982.swc	mechanosensory
data/fafb_sample/swc/720575940627103518.swc	mechanosensory
data/fafb_sample/swc/720575940600433181.swc	mechanosensory
data/fafb_sample/swc/720575940625269136.swc	mechanosensory
data/fafb_sample/swc/720575940633810111.swc	mechanosensory
data/fafb_sample/swc/720575940631367776.swc	mechanosensory
data/fafb_sample/swc/720575940616612025.swc	mechanosensory
data/fafb_sample/swc/720575940618856896.swc	mechanosensory
data/fafb_sample/swc/720575940628160617.swc	mechanosensory
data/fafb_sample/swc/720575940631397165.swc	mechanosensory
data/fafb_sample/swc/720575940627912135.swc	mechanosensory
data/fafb_sample/swc/720575940606611401.swc	mechanosensory
data/fafb_sample/swc/720575940628698371.swc	mechanosensory
data/fafb_sample/swc/720575940620969477.swc	mechanosensory
data/fafb_sample/swc/720575940627523584.swc	mechanosensory
data/fafb_sample/swc/720575940615070837.swc	mechanosensory
data/fafb_sample/swc/720575940618847281.swc	mechanosensory
data/fafb_sample/swc/720575940623158453.swc	mechanosensory
data/fafb_sample/swc/720575940622271684.swc	mechanosensory
data/fafb_sample/swc/720575940630117879.swc	mechanosensory
data/fafb_sample/swc/720575940609713250.swc	mechanosensory
data/fafb_sample/swc/720575940634609115.swc	mechanosensory
data/fafb_sample/swc/720575940632802972.swc	mechanosensory
data/fafb_sample/swc/720575940631957218.swc	mechanosensory
data/fafb_sample/swc/720575940634612843.swc	mechanosensory
data/fafb_sample/swc/720575940614336739.swc	mechanosensory
data/fafb_sample/swc/720575940612956378.swc	mechanosensory
data/fafb_sample/swc/720575940624006131.swc	mechanosensory
data/fafb_sample/swc/720575940617407929.swc	mechanosensory
data/fafb_sample/swc/720575940630650130.swc	mechanosensory
data/fafb_sample/swc/720575940635618793.swc	mechanosensory
data/fafb_sample/swc/720575940639090395.swc	mechanosensory
data/fafb_sample/swc/720575940627540484.swc	mechanosensory
data/fafb_sample/swc/720575940625589117.swc	mechanosensory
data/fafb_sample/swc/720575940610901145.swc	mechanosensory
data/fafb_sample/swc/720575940621141274.swc	mechanosensory
data/fafb_sample/swc/720575940630925330.swc	mechanosensory
data/fafb_sample/swc/720575940621563892.swc	mechanosensory
data/fafb_sample/swc/720575940638259544.swc	mechanosensory
data/fafb_sample/swc/720575940625972624.swc	mechanosensory
data/fafb_sample/swc/720575940621323689.swc	mechanosensory
data/fafb_sample/swc/720575940620885342.swc	mechanosensory
data/fafb_sample/swc/720575940618920277.swc	mechanosensory
data/fafb_sample/swc/720575940638142953.swc	mechanosensory
data/fafb_sample/swc/720575940628574723.swc	mechanosensory
data/fafb_sample/swc/720575940624832231.swc	mechanosensory
data/fafb_sample/swc/720575940625565368.swc	mechanosensory
data/fafb_sample/swc/720575940631412576.swc	mechanosensory
data/fafb_sample/swc/720575940618494032.swc	mechanosensory
data/fafb_sample/swc/720575940634115252.swc	mechanosensory
data/fafb_sample/swc/720575940616642363.swc	mechanosensory
data/fafb_sample/swc/720575940628020042.swc	mechanosensory
data/fafb_sample/swc/720575940616791067.swc	mechanosensory
data/fafb_sample/swc/720575940625966350.swc	mechanosensory
data/fafb_sample/swc/720575940622217992.swc	mechanosensory
data/fafb_sample/swc/720575940621417421.swc	mechanosensory
data/fafb_sample/swc/720575940620114196.swc	mechanosensory
data/fafb_sample/swc/720575940631406667.swc	mechanosensory
data/fafb_sample/swc/720575940620249734.swc	mechanosensory
data/fafb_sample/swc/720575940617469085.swc	mechanosensory
data/fafb_sample/swc/720575940630472727.swc	mechanosensory
data/fafb_sample/swc/720575940630458732.swc	mechanosensory
data/fafb_sample/swc/720575940608297774.swc	mechanosensory
data/fafb_sample/swc/720575940638054197.swc	mechanosensory
data/fafb_sample/swc/720575940611690666.swc	mechanosensory
data/fafb_sample/swc/720575940617241659.swc	mechanosensory
data/fafb_sample/swc/720575940623553468.swc	mechanosensory
data/fafb_sample/swc/720575940620382324.swc	mechanosensory
data/fafb_sample/swc/720575940632361111.swc	mechanosensory
data/fafb_sample/swc/720575940630324284.swc	mechanosensory
data/fafb_sample/swc/720575940634714075.swc	mechanosensory
data/fafb_sample/swc/720575940636016239.swc	mechanosensory
data/fafb_sample/swc/720575940607019019.swc	mechanosensory
data/fafb_sample/swc/720575940619697624.swc	mechanosensory
data/fafb_sample/swc/720575940621595399.swc	mechanosensory
data/fafb_sample/swc/720575940621574661.swc	mechanosensory
data/fafb_sample/swc/720575940626360836.swc	mechanosensory
data/fafb_sample/swc/720575940623146378.swc	mechanosensory
data/fafb_sample/swc/720575940638416336.swc	mechanosensory
data/fafb_sample/swc/720575940612461795.swc	mechanosensory
data/fafb_sample/swc/720575940623729968.swc	mechanosensory
data/fafb_sample/swc/720575940615179423.swc	mechanosensory
data/fafb_sample/swc/720575940613824874.swc	mechanosensory
data/fafb_sample/swc/720575940612407581.swc	mechanosensory
data/fafb_sample/swc/720575940621033477.swc	mechanosensory
data/fafb_sample/swc/720575940620587713.swc	mechanosensory
data/fafb_sample/swc/720575940622344170.swc	mechanosensory
data/fafb_sample/swc/720575940639691136.swc	mechanosensory
data/fafb_sample/swc/720575940623784340.swc	mechanosensory
data/fafb_sample/swc/720575940624999056.swc	mechanosensory
data/fafb_sample/swc/720575940639350589.swc	mechanosensory
data/fafb_sample/swc/720575940620676929.swc	mechanosensory
data/fafb_sample/swc/720575940634826135.swc	mechanosensory
data/fafb_sample/swc/720575940619181105.swc	mechanosensory
data/fafb_sample/swc/720575940623746708.swc	mechanosensory
data/fafb_sample/swc/720575940617212929.swc	mechanosensory
data/fafb_sample/swc/720575940636488667.swc	mechanosensory
data/fafb_sample/swc/720575940618881585.swc	mechanosensory
data/fafb_sample/swc/720575940621870576.swc	mechanosensory
data/fafb_sample/swc/720575940630609512.swc	mechanosensory
data/fafb_sample/swc/720575940619694040.swc	mechanosensory
data/fafb_sample/swc/720575940626031548.swc	mechanosensory
data/fafb_sample/swc/720575940628896759.swc	mechanosensory
data/fafb_sample/swc/720575940634605531.swc	mechanosensory
data/fafb_sample/swc/720575940620422938.swc	mechanosensory
data/fafb_sample/swc/720575940608021596.swc	mechanosensory
data/fafb_sample/swc/720575940635285599.swc	mechanosensory
data/fafb_sample/swc/720575940625703434.swc	mechanosensory
data/fafb_sample/swc/720575940616695508.swc	mechanosensory
data/fafb_sample/swc/720575940618207936.swc	mechanosensory
data/fafb_sample/swc/720575940635345519.swc	mechanosensory
data/fafb_sample/swc/720575940610715746.swc	mechanosensory
data/fafb_sample/swc/720575940628015601.swc	mechanosensory
data/fafb_sample/swc/720575940646704692.swc	mechanosensory
data/fafb_sample/swc/720575940634830175.swc	mechanosensory
data/fafb_sample/swc/720575940614478278.swc	mechanosensory
data/fafb_sample/swc/720575940622591049.swc	mechanosensory
data/fafb_sample/swc/720575940628817367.swc	mechanosensory
data/fafb_sample/swc/720575940611986545.swc	mechanosensory
data/fafb_sample/swc/720575940605622658.swc	mechanosensory
data/fafb_sample/swc/720575940639599192.swc	mechanosensory
data/fafb_sample/swc/720575940613803293.swc	mechanosensory
data/fafb_sample/swc/720575940619065429.swc	mechanosensory
data/fafb_sample/swc/720575940629141775.swc	mechanosensory
data/fafb_sample/swc/720575940621423348.swc	mechanosensory
data/fafb_sample/swc/720575940610711416.swc	mechanosensory
data/fafb_sample/swc/720575940625283646.swc	mechanosensory
data/fafb_sample/swc/720575940626873240.swc	mechanosensory
data/fafb_sample/swc/720575940619729835.swc	mechanosensory
data/fafb_sample/swc/720575940623873259.swc	mechanosensory
data/fafb_sample/swc/720575940611057506.swc	mechanosensory
data/fafb_sample/swc/720575940628315232.swc	mechanosensory
data/fafb_sample/swc/720575940615434123.swc	mechanosensory
data/fafb_sample/swc/720575940627751567.swc	mechanosensory
data/fafb_sample/swc/720575940622063948.swc	mechanosensory
data/fafb_sample/swc/720575940640841268.swc	mechanosensory
data/fafb_sample/swc/720575940629213302.swc	mechanosensory
data/fafb_sample/swc/720575940637022298.swc	mechanosensory
data/fafb_sample/swc/720575940626983293.swc	mechanosensory
data/fafb_sample/swc/720575940623990763.swc	mechanosensory
data/fafb_sample/swc/720575940631788871.swc	mechanosensory
data/fafb_sample/swc/720575940629307129.swc	mechanosensory
data/fafb_sample/swc/720575940629989879.swc	mechanosensory
data/fafb_sample/swc/720575940624115785.swc	mechanosensory
data/fafb_sample/swc/720575940628977170.swc	mechanosensory
data/fafb_sample/swc/720575940635960462.swc	mechanosensory
data/fafb_sample/swc/720575940635973989.swc	mechanosensory
data/fafb_sample/swc/720575940652059894.swc	mechanosensory
data/fafb_sample/swc/720575940611324530.swc	mechanosensory
data/fafb_sample/swc/720575940630544967.swc	mechanosensory
data/fafb_sample/swc/720575940624913596.swc	mechanosensory
data/fafb_sample/swc/720575940638636533.swc	mechanosensory
data/fafb_sample/swc/720575940626034204.swc	mechanosensory
data/fafb_sample/swc/720575940608483164.swc	mechanosensory
data/fafb_sample/swc/720575940606872777.swc	mechanosensory
data/fafb_sample/swc/720575940616653429.swc	mechanosensory
data/fafb_sample/swc/720575940639699059.swc	mechanosensory
data/fafb_sample/swc/720575940617490005.swc	mechanosensory
data/fafb_sample/swc/720575940614446790.swc	mechanosensory
data/fafb_sample/swc/720575940611583218.swc	mechanosensory
data/fafb_sample/swc/720575940608279817.swc	mechanosensory
data/fafb_sample/swc/720575940621431247.swc	mechanosensory
data/fafb_sample/swc/720575940637612095.swc	mechanosensory
data/fafb_sample/swc/720575940620575579.swc	mechanosensory
data/fafb_sample/swc/720575940620312052.swc	mechanosensory
data/fafb_sample/swc/720575940622406694.swc	mechanosensory
data/fafb_sample/swc/720575940612249770.swc	mechanosensory
data/fafb_sample/swc/720575940630910971.swc	mechanosensory
data/fafb_sample/swc/720575940633289185.swc	mechanosensory
data/fafb_sample/swc/720575940631081356.swc	mechanosensory
data/fafb_sample/swc/720575940636530921.swc	mechanosensory
data/fafb_sample/swc/720575940634667234.swc	mechanosensory
data/fafb_sample/swc/720575940643903904.swc	mechanosensory
data/fafb_sample/swc/720575940640952027.swc	mechanosensory
data/fafb_sample/swc/720575940617738325.swc	mechanosensory
data/fafb_sample/swc/720575940645539694.swc	mechanosensory
data/fafb_sample/swc/720575940644439860.swc	mechanosensory
data/fafb_sample/swc/720575940611056482.swc	mechanosensory
data/fafb_sample/swc/720575940659071361.swc	mechanosensory
data/fafb_sample/swc/720575940632307527.swc	mechanosensory
data/fafb_sample/swc/720575940631368544.swc	mechanosensory
data/fafb_sample/swc/720575940623224044.swc	mechanosensory
data/fafb_sample/swc/720575940632683212.swc	mechanosensory
data/fafb_sample/swc/720575940637039962.swc	mechanosensory
data/fafb_sample/swc/720575940634229399.swc	mechanosensory
data/fafb_sample/swc/720575940617534110.swc	mechanosensory
data/fafb_sample/swc/720575940622299272.swc	mechanosensory
data/fafb_sample/swc/720575940626693894.swc	mechanosensory
data/fafb_sample/swc/720575940614000947.swc	mechanosensory
data/fafb_sample/swc/720575940618363072.swc	mechanosensory
data/fafb_sample/swc/720575940644247844.swc	mechanosensory
data/fafb_sample/swc/720575940618264955.swc	mechanosensory
data/fafb_sample/swc/720575940602132509.swc	mechanosensory
data/fafb_sample/swc/720575940629290233.swc	mechanosensory
data/fafb_sample/swc/720575940622518749.swc	mechanosensory
data/fafb_sample/swc/720575940633904284.swc	mechanosensory
data/fafb_sample/swc/720575940623986983.swc	mechanosensory
data/fafb_sample/swc/720575940637289694.swc	mechanosensory
data/fafb_sample/swc/720575940610339938.swc	mechanosensory
data/fafb_sample/swc/720575940627836359.swc	mechanosensory
data/fafb_sample/swc/720575940626648606.swc	mechanosensory
data/fafb_sample/swc/720575940625409086.swc	mechanosensory
data/fafb_sample/swc/720575940623522744.swc	mechanosensory
data/fafb_sample/swc/720575940604340448.swc	mechanosensory
data/fafb_sample/swc/720575940629766782.swc	mechanosensory
data/fafb_sample/swc/720575940617504027.swc	mechanosensory
data/fafb_sample/swc/720575940605424574.swc	mechanosensory
data/fafb_sample/swc/720575940639649152.swc	mechanosensory
data/fafb_sample/swc/720575940605075628.swc	mechanosensory
data/fafb_sample/swc/720575940615335458.swc	mechanosensory
data/fafb_sample/swc/720575940645087511.swc	mechanosensory
data/fafb_sample/swc/720575940620979700.swc	mechanosensory
data/fafb_sample/swc/720575940637825358.swc	mechanosensory
data/fafb_sample/swc/720575940650845174.swc	mechanosensory
data/fafb_sample/swc/720575940625494053.swc	mechanosensory
data/fafb_sample/swc/720575940619489445.swc	mechanosensory
data/fafb_sample/swc/720575940618078299.swc	mechanosensory
data/fafb_sample/swc/720575940620206214.swc	mechanosensory
data/fafb_sample/swc/720575940626885960.swc	mechanosensory
data/fafb_sample/swc/720575940609003733.swc	mechanosensory
data/fafb_sample/swc/720575940620703401.swc	mechanosensory
data/fafb_sample/swc/720575940605426110.swc	mechanosensory
data/fafb_sample/swc/720575940629903903.swc	mechanosensory
data/fafb_sample/swc/720575940631575627.swc	mechanosensory
data/fafb_sample/swc/720575940636887262.swc	mechanosensory
data/fafb_sample/swc/720575940624411623.swc	mechanosensory
data/fafb_sample/swc/720575940632669741.swc	mechanosensory
data/fafb_sample/swc/720575940630462940.swc	mechanosensory
data/fafb_sample/swc/720575940628390400.swc	mechanosensory
data/fafb_sample/swc/720575940631468831.swc	mechanosensory
data/fafb_sample/swc/720575940636137591.swc	mechanosensory
data/fafb_sample/swc/720575940640651325.swc	mechanosensory
data/fafb_sample/swc/720575940623562534.swc	mechanosensory
data/fafb_sample/swc/720575940652127734.swc	mechanosensory
data/fafb_sample/swc/720575940620937897.swc	mechanosensory
data/fafb_sample/swc/720575940620320884.swc	mechanosensory
data/fafb_sample/swc/720575940626409049.swc	mechanosensory
data/fafb_sample/swc/720575940623151565.swc	mechanosensory
data/fafb_sample/swc/720575940627977457.swc	mechanosensory
data/fafb_sample/swc/720575940620921776.swc	mechanosensory
data/fafb_sample/swc/720575940622199977.swc	mechanosensory
data/fafb_sample/swc/720575940620257216.swc	mechanosensory
data/fafb_sample/swc/720575940624078436.swc	mechanosensory
data/fafb_sample/swc/720575940637661247.swc	mechanosensory
data/fafb_sample/swc/720575940623861757.swc	mechanosensory
data/fafb_sample/swc/720575940630902287.swc	mechanosensory
data/fafb_sample/swc/720575940620661931.swc	mechanosensory
data/fafb_sample/swc/720575940630927691.swc	mechanosensory
data/fafb_sample/swc/720575940620744728.swc	mechanosensory
data/fafb_sample/swc/720575940638107445.swc	mechanosensory
data/fafb_sample/swc/720575940617226753.swc	mechanosensory
data/fafb_sample/swc/720575940654611617.swc	mechanosensory
data/fafb_sample/swc/720575940637258206.swc	mechanosensory
data/fafb_sample/swc/720575940620458735.swc	mechanosensory
data/fafb_sample/swc/720575940628332994.swc	mechanosensory
data/fafb_sample/swc/720575940628673615.swc	mechanosensory
data/fafb_sample/swc/720575940621308540.swc	mechanosensory
data/fafb_sample/swc/720575940619484525.swc	mechanosensory
data/fafb_sample/swc/720575940631993299.swc	mechanosensory
data/fafb_sample/swc/720575940627108625.swc	mechanosensory
data/fafb_sample/swc/720575940610146713.swc	mechanosensory
data/fafb_sample/swc/720575940621513566.swc	mechanosensory
data/fafb_sample/swc/720575940617145300.swc	mechanosensory
data/fafb_sample/swc/720575940640169947.swc	mechanosensory
data/fafb_sample/swc/720575940639826304.swc	mechanosensory
data/fafb_sample/swc/720575940619767467.swc	mechanosensory
data/fafb_sample/swc/720575940630321356.swc	mechanosensory
data/fafb_sample/swc/720575940633364984.swc	mechanosensory
data/fafb_sample/swc/720575940624589770.swc	mechanosensory
data/fafb_sample/swc/720575940622589419.swc	mechanosensory
data/fafb_sample/swc/720575940636537663.swc	mechanosensory
data/fafb_sample/swc/720575940639531171.swc	mechanosensory
data/fafb_sample/swc/720575940630054656.swc	mechanosensory
data/fafb_sample/swc/720575940645722403.swc	mechanosensory
data/fafb_sample/swc/720575940628306784.swc	mechanosensory
data/fafb_sample/swc/720575940618911425.swc	mechanosensory
data/fafb_sample/swc/720575940617668662.swc	mechanosensory
data/fafb_sample/swc/720575940607651083.swc	mechanosensory
data/fafb_sample/swc/720575940609859960.swc	mechanosensory
data/fafb_sample/swc/720575940609289284.swc	mechanosensory
data/fafb_sample/swc/720575940623357675.swc	mechanosensory
data/fafb_sample/swc/720575940618850128.swc	mechanosensory
data/fafb_sample/swc/720575940615502751.swc	mechanosensory
data/fafb_sample/swc/720575940632618148.swc	mechanosensory
data/fafb_sample/swc/720575940629647351.swc	mechanosensory
data/fafb_sample/swc/720575940610213785.swc	mechanosensory
data/fafb_sample/swc/720575940605238188.swc	mechanosensory
data/fafb_sample/swc/720575940626316602.swc	mechanosensory
data/fafb_sample/swc/720575940612841330.swc	mechanosensory
data/fafb_sample/swc/720575940613469545.swc	mechanosensory
data/fafb_sample/swc/720575940633130592.swc	mechanosensory
data/fafb_sample/swc/720575940630530263.swc	mechanosensory
data/fafb_sample/swc/720575940628267767.swc	mechanosensory
data/fafb_sample/swc/720575940637296730.swc	mechanosensory
data/fafb_sample/swc/720575940630794767.swc	mechanosensory
data/fafb_sample/swc/720575940625293084.swc	mechanosensory
data/fafb_sample/swc/720575940620649641.swc	mechanosensory
data/fafb_sample/swc/720575940612684402.swc	mechanosensory
data/fafb_sample/swc/720575940617845505.swc	mechanosensory
data/fafb_sample/swc/720575940616793174.swc	mechanosensory
data/fafb_sample/swc/720575940633978207.swc	mechanosensory
data/fafb_sample/swc/720575940621774591.swc	mechanosensory
data/fafb_sample/swc/720575940626761990.swc	mechanosensory
data/fafb_sample/swc/720575940635822437.swc	mechanosensory
data/fafb_sample/swc/720575940611837938.swc	mechanosensory
data/fafb_sample/swc/720575940620131824.swc	mechanosensory
data/fafb_sample/swc/720575940618851963.swc	mechanosensory
data/fafb_sample/swc/720575940632082463.swc	mechanosensory
data/fafb_sample/swc/720575940614280554.swc	mechanosensory
data/fafb_sample/swc/720575940618888368.swc	mechanosensory
data/fafb_sample/swc/720575940627277950.swc	mechanosensory
data/fafb_sample/swc/720575940617095837.swc	mechanosensory
data/fafb_sample/swc/720575940620687707.swc	mechanosensory
data/fafb_sample/swc/720575940639803453.swc	mechanosensory
data/fafb_sample/swc/720575940636498907.swc	mechanosensory
data/fafb_sample/swc/720575940623157738.swc	mechanosensory
data/fafb_sample/swc/720575940629365760.swc	mechanosensory
data/fafb_sample/swc/720575940636325488.swc	mechanosensory
data/fafb_sample/swc/720575940630291195.swc	mechanosensory
data/fafb_sample/swc/720575940623042539.swc	mechanosensory
data/fafb_sample/swc/720575940628592684.swc	mechanosensory
data/fafb_sample/swc/720575940610079857.swc	mechanosensory
data/fafb_sample/swc/720575940622749709.swc	mechanosensory
data/fafb_sample/swc/720575940619553877.swc	mechanosensory
data/fafb_sample/swc/720575940620092656.swc	mechanosensory
data/fafb_sample/swc/720575940633547359.swc	mechanosensory
data/fafb_sample/swc/720575940621625633.swc	mechanosensory
data/fafb_sample/swc/720575940607765259.swc	mechanosensory
data/fafb_sample/swc/720575940629201143.swc	mechanosensory
data/fafb_sample/swc/720575940608491019.swc	mechanosensory
data/fafb_sample/swc/720575940633555425.swc	mechanosensory
data/fafb_sample/swc/720575940622378281.swc	mechanosensory
data/fafb_sample/swc/720575940622444938.swc	mechanosensory
data/fafb_sample/swc/720575940637410869.swc	mechanosensory
data/fafb_sample/swc/720575940630207799.swc	mechanosensory
data/fafb_sample/swc/720575940626454361.swc	mechanosensory
data/fafb_sample/swc/720575940631170346.swc	mechanosensory
data/fafb_sample/swc/720575940612029297.swc	mechanosensory
data/fafb_sample/swc/720575940647034420.swc	mechanosensory
data/fafb_sample/swc/720575940621183326.swc	mechanosensory
data/fafb_sample/swc/720575940628818023.swc	mechanosensory
data/fafb_sample/swc/720575940627116858.swc	mechanosensory
data/fafb_sample/swc/720575940619107931.swc	mechanosensory
data/fafb_sample/swc/720575940624462885.swc	mechanosensory
data/fafb_sample/swc/720575940631988179.swc	mechanosensory
data/fafb_sample/swc/720575940624981436.swc	mechanosensory
data/fafb_sample/swc/720575940611501205.swc	mechanosensory
data/fafb_sample/swc/720575940632401433.swc	mechanosensory
data/fafb_sample/swc/720575940623938795.swc	mechanosensory
data/fafb_sample/swc/720575940625542172.swc	mechanosensory
data/fafb_sample/swc/720575940628742043.swc	mechanosensory
data/fafb_sample/swc/720575940624724211.swc	mechanosensory
data/fafb_sample/swc/720575940614125202.swc	mechanosensory
data/fafb_sample/swc/720575940605691424.swc	mechanosensory
data/fafb_sample/swc/720575940616351233.swc	mechanosensory
data/fafb_sample/swc/720575940634820703.swc	mechanosensory
data/fafb_sample/swc/720575940613475368.swc	mechanosensory
data/fafb_sample/swc/720575940614377228.swc	mechanosensory
data/fafb_sample/swc/720575940615774139.swc	mechanosensory
data/fafb_sample/swc/720575940621455017.swc	mechanosensory
data/fafb_sample/swc/720575940615024543.swc	mechanosensory
data/fafb_sample/swc/720575940622204585.swc	mechanosensory
data/fafb_sample/swc/720575940610705843.swc	mechanosensory
data/fafb_sample/swc/720575940608193545.swc	mechanosensory
data/fafb_sample/swc/720575940624698396.swc	mechanosensory
data/fafb_sample/swc/720575940627329579.swc	mechanosensory
data/fafb_sample/swc/720575940610759634.swc	mechanosensory
data/fafb_sample/swc/720575940634104159.swc	mechanosensory
data/fafb_sample/swc/720575940659439233.swc	mechanosensory
data/fafb_sample/swc/720575940619407495.swc	mechanosensory
data/fafb_sample/swc/720575940621729757.swc	mechanosensory
data/fafb_sample/swc/720575940621076458.swc	mechanosensory
data/fafb_sample/swc/720575940627272747.swc	mechanosensory
data/fafb_sample/swc/720575940625408830.swc	mechanosensory
data/fafb_sample/swc/720575940622706653.swc	mechanosensory
data/fafb_sample/swc/720575940617967188.swc	mechanosensory
data/fafb_sample/swc/720575940614109615.swc	mechanosensory
data/fafb_sample/swc/720575940641656283.swc	mechanosensory
data/fafb_sample/swc/720575940623222271.swc	mechanosensory
data/fafb_sample/swc/720575940640293083.swc	mechanosensory
data/fafb_sample/swc/720575940627352595.swc	mechanosensory
data/fafb_sample/swc/720575940627372602.swc	mechanosensory
data/fafb_sample/swc/720575940616957913.swc	mechanosensory
data/fafb_sample/swc/720575940611385829.swc	mechanosensory
data/fafb_sample/swc/720575940635005303.swc	mechanosensory
data/fafb_sample/swc/720575940631406944.swc	mechanosensory
data/fafb_sample/swc/720575940625561348.swc	mechanosensory
data/fafb_sample/swc/720575940626374040.swc	mechanosensory
data/fafb_sample/swc/720575940637820750.swc	mechanosensory
data/fafb_sample/swc/720575940618903888.swc	mechanosensory
data/fafb_sample/swc/720575940621409008.swc	mechanosensory
data/fafb_sample/swc/720575940638556998.swc	mechanosensory
data/fafb_sample/swc/720575940621020257.swc	mechanosensory
data/fafb_sample/swc/720575940621508336.swc	mechanosensory
data/fafb_sample/swc/720575940610797410.swc	mechanosensory
data/fafb_sample/swc/720575940630462172.swc	mechanosensory
data/fafb_sample/swc/720575940624874524.swc	mechanosensory
data/fafb_sample/swc/720575940625866789.swc	mechanosensory
data/fafb_sample/swc/720575940621120353.swc	mechanosensory
data/fafb_sample/swc/720575940615387846.swc	mechanosensory
data/fafb_sample/swc/720575940608104540.swc	mechanosensory
data/fafb_sample/swc/720575940625472277.swc	mechanosensory
data/fafb_sample/swc/720575940623189739.swc	mechanosensory
data/fafb_sample/swc/720575940623318247.swc	mechanosensory
data/fafb_sample/swc/720575940605695665.swc	mechanosensory
data/fafb_sample/swc/720575940644663332.swc	mechanosensory
data/fafb_sample/swc/720575940622138762.swc	mechanosensory
data/fafb_sample/swc/720575940627453778.swc	mechanosensory
data/fafb_sample/swc/720575940626557436.swc	mechanosensory
data/fafb_sample/swc/720575940625624350.swc	mechanosensory
data/fafb_sample/swc/720575940618483323.swc	mechanosensory
data/fafb_sample/swc/720575940620386981.swc	mechanosensory
data/fafb_sample/swc/720575940629977047.swc	mechanosensory
data/fafb_sample/swc/720575940612453526.swc	mechanosensory
data/fafb_sample/swc/720575940638332494.swc	mechanosensory
data/fafb_sample/swc/720575940630097219.swc	mechanosensory
data/fafb_sample/swc/720575940609565230.swc	mechanosensory
data/fafb_sample/swc/720575940630070343.swc	mechanosensory
data/fafb_sample/swc/720575940637627470.swc	mechanosensory
data/fafb_sample/swc/720575940607881667.swc	mechanosensory
data/fafb_sample/swc/720575940609298808.swc	mechanosensory
data/fafb_sample/swc/720575940626794314.swc	mechanosensory
data/fafb_sample/swc/720575940622923447.swc	mechanosensory
data/fafb_sample/swc/720575940632081439.swc	mechanosensory
data/fafb_sample/swc/720575940620585933.swc	mechanosensory
data/fafb_sample/swc/720575940612647166.swc	mechanosensory
data/fafb_sample/swc/720575940648304761.swc	mechanosensory
data/fafb_sample/swc/720575940632364115.swc	mechanosensory
data/fafb_sample/swc/720575940618599872.swc	mechanosensory
data/fafb_sample/swc/720575940632001700.swc	mechanosensory
data/fafb_sample/swc/720575940637019994.swc	mechanosensory
data/fafb_sample/swc/720575940615860061.swc	mechanosensory
data/fafb_sample/swc/720575940630422543.swc	mechanosensory
data/fafb_sample/swc/720575940623017769.swc	mechanosensory
data/fafb_sample/swc/720575940625915338.swc	mechanosensory
data/fafb_sample/swc/720575940626644679.swc	mechanosensory
data/fafb_sample/swc/720575940621110454.swc	mechanosensory
data/fafb_sample/swc/720575940606612937.swc	mechanosensory
data/fafb_sample/swc/720575940610678482.swc	mechanosensory
data/fafb_sample/swc/720575940627461380.swc	mechanosensory
data/fafb_sample/swc/720575940629055721.swc	mechanosensory
data/fafb_sample/swc/720575940627106173.swc	mechanosensory
data/fafb_sample/swc/720575940613669357.swc	mechanosensory
data/fafb_sample/swc/720575940633869281.swc	mechanosensory
data/fafb_sample/swc/720575940638894397.swc	mechanosensory
data/fafb_sample/swc/720575940634168568.swc	mechanosensory
data/fafb_sample/swc/720575940615038367.swc	mechanosensory
data/fafb_sample/swc/720575940630269945.swc	mechanosensory
data/fafb_sample/swc/720575940626107665.swc	mechanosensory
data/fafb_sample/swc/720575940611230322.swc	mechanosensory
data/fafb_sample/swc/720575940628344074.swc	mechanosensory
data/fafb_sample/swc/720575940626726021.swc	mechanosensory
data/fafb_sample/swc/720575940615142412.swc	mechanosensory
data/fafb_sample/swc/720575940615239746.swc	mechanosensory
data/fafb_sample/swc/720575940619686689.swc	mechanosensory
data/fafb_sample/swc/720575940613956767.swc	mechanosensory
data/fafb_sample/swc/720575940613425459.swc	mechanosensory
data/fafb_sample/swc/720575940610424696.swc	mechanosensory
data/fafb_sample/swc/720575940615590843.swc	mechanosensory
data/fafb_sample/swc/720575940636410869.swc	mechanosensory
data/fafb_sample/swc/720575940641395163.swc	mechanosensory
data/fafb_sample/swc/720575940633660314.swc	mechanosensory
data/fafb_sample/swc/720575940611684787.swc	mechanosensory
data/fafb_sample/swc/720575940625885512.swc	mechanosensory
data/fafb_sample/swc/720575940637661838.swc	mechanosensory
data/fafb_sample/swc/720575940626522620.swc	mechanosensory
data/fafb_sample/swc/720575940630535698.swc	mechanosensory
data/fafb_sample/swc/720575940609816014.swc	mechanosensory
data/fafb_sample/swc/720575940629136891.swc	mechanosensory
data/fafb_sample/swc/720575940613410666.swc	mechanosensory
data/fafb_sample/swc/720575940613078993.swc	mechanosensory
data/fafb_sample/swc/720575940604810668.swc	mechanosensory
data/fafb_sample/swc/720575940621010352.swc	mechanosensory
data/fafb_sample/swc/720575940607367125.swc	mechanosensory
data/fafb_sample/swc/720575940616631001.swc	mechanosensory
data/fafb_sample/swc/720575940627927751.swc	mechanosensory
data/fafb_sample/swc/720575940621743240.swc	mechanosensory
data/fafb_sample/swc/720575940616345049.swc	mechanosensory
data/fafb_sample/swc/720575940634414959.swc	mechanosensory
data/fafb_sample/swc/720575940625733960.swc	mechanosensory
data/fafb_sample/swc/720575940630317686.swc	mechanosensory
data/fafb_sample/swc/720575940629237036.swc	mechanosensory
data/fafb_sample/swc/720575940624111177.swc	mechanosensory
data/fafb_sample/swc/720575940619447105.swc	mechanosensory
data/fafb_sample/swc/720575940612756399.swc	mechanosensory
data/fafb_sample/swc/720575940629792018.swc	mechanosensory
data/fafb_sample/swc/720575940627105864.swc	mechanosensory
data/fafb_sample/swc/720575940633551002.swc	mechanosensory
data/fafb_sample/swc/720575940605282505.swc	mechanosensory
data/fafb_sample/swc/720575940628444667.swc	mechanosensory
data/fafb_sample/swc/720575940611545011.swc	mechanosensory
data/fafb_sample/swc/720575940630060887.swc	mechanosensory
data/fafb_sample/swc/720575940620791028.swc	mechanosensory
data/fafb_sample/swc/720575940616855185.swc	mechanosensory
data/fafb_sample/swc/720575940629824378.swc	mechanosensory
data/fafb_sample/swc/720575940625843843.swc	mechanosensory
data/fafb_sample/swc/720575940644318756.swc	mechanosensory
data/fafb_sample/swc/720575940607931145.swc	mechanosensory
data/fafb_sample/swc/720575940626543768.swc	mechanosensory
data/fafb_sample/swc/720575940627442709.swc	mechanosensory
data/fafb_sample/swc/720575940616859622.swc	mechanosensory
data/fafb_sample/swc/720575940634703456.swc	mechanosensory
data/fafb_sample/swc/720575940640761819.swc	mechanosensory
data/fafb_sample/swc/720575940625229861.swc	mechanosensory
data/fafb_sample/swc/720575940621395661.swc	mechanosensory
data/fafb_sample/swc/720575940630858767.swc	mechanosensory
data/fafb_sample/swc/720575940622993449.swc	mechanosensory
data/fafb_sample/swc/720575940642063245.swc	mechanosensory
data/fafb_sample/swc/720575940621054234.swc	mechanosensory
data/fafb_sample/swc/720575940630379126.swc	mechanosensory
data/fafb_sample/swc/720575940623178995.swc	mechanosensory
data/fafb_sample/swc/720575940623805159.swc	mechanosensory
data/fafb_sample/swc/720575940624833673.swc	mechanosensory
data/fafb_sample/swc/720575940609530653.swc	mechanosensory
data/fafb_sample/swc/720575940625797617.swc	mechanosensory
data/fafb_sample/swc/720575940620691811.swc	mechanosensory
data/fafb_sample/swc/720575940623557158.swc	mechanosensory
data/fafb_sample/swc/720575940613641915.swc	mechanosensory
data/fafb_sample/swc/720575940619934411.swc	mechanosensory
data/fafb_sample/swc/720575940604973746.swc	mechanosensory
data/fafb_sample/swc/720575940614529186.swc	mechanosensory
data/fafb_sample/swc/720575940615848788.swc	mechanosensory
data/fafb_sample/swc/720575940609181230.swc	mechanosensory
data/fafb_sample/swc/720575940623290153.swc	mechanosensory
data/fafb_sample/swc/720575940629152060.swc	mechanosensory
data/fafb_sample/swc/720575940616064546.swc	mechanosensory
data/fafb_sample/swc/720575940608412611.swc	mechanosensory
data/fafb_sample/swc/720575940638694307.swc	mechanosensory
data/fafb_sample/swc/720575940628210272.swc	mechanosensory
data/fafb_sample/swc/720575940623810813.swc	mechanosensory
data/fafb_sample/swc/720575940614026269.swc	mechanosensory
data/fafb_sample/swc/720575940608280841.swc	mechanosensory
data/fafb_sample/swc/720575940618568613.swc	mechanosensory
data/fafb_sample/swc/720575940618135109.swc	mechanosensory
data/fafb_sample/swc/720575940626188490.swc	mechanosensory
data/fafb_sample/swc/720575940637054835.swc	mechanosensory
data/fafb_sample/swc/720575940619912021.swc	mechanosensory
data/fafb_sample/swc/720575940624546062.swc	mechanosensory
data/fafb_sample/swc/720575940645035287.swc	mechanosensory
data/fafb_sample/swc/720575940602720940.swc	mechanosensory
data/fafb_sample/swc/720575940612422002.swc	mechanosensory
data/fafb_sample/swc/720575940626327720.swc	mechanosensory
data/fafb_sample/swc/720575940624589500.swc	mechanosensory
data/fafb_sample/swc/720575940605530302.swc	mechanosensory
data/fafb_sample/swc/720575940639049560.swc	mechanosensory
data/fafb_sample/swc/720575940633458842.swc	mechanosensory
data/fafb_sample/swc/720575940620382889.swc	mechanosensory
data/fafb_sample/swc/720575940626164938.swc	mechanosensory
data/fafb_sample/swc/720575940622297855.swc	mechanosensory
data/fafb_sample/swc/720575940620602721.swc	mechanosensory
data/fafb_sample/swc/720575940633621017.swc	mechanosensory
data/fafb_sample/swc/720575940608942275.swc	mechanosensory
data/fafb_sample/swc/720575940618652318.swc	mechanosensory
data/fafb_sample/swc/720575940624393715.swc	mechanosensory
data/fafb_sample/swc/720575940619498337.swc	mechanosensory
data/fafb_sample/swc/720575940608986069.swc	mechanosensory
data/fafb_sample/swc/720575940630953892.swc	mechanosensory
data/fafb_sample/swc/720575940618820033.swc	mechanosensory
data/fafb_sample/swc/720575940631997580.swc	mechanosensory
data/fafb_sample/swc/720575940624899405.swc	mechanosensory
data/fafb_sample/swc/720575940614835362.swc	mechanosensory
data/fafb_sample/swc/720575940630017603.swc	mechanosensory
data/fafb_sample/swc/720575940639611381.swc	mechanosensory
data/fafb_sample/swc/720575940609098286.swc	mechanosensory
data/fafb_sample/swc/720575940615301599.swc	mechanosensory
data/fafb_sample/swc/720575940624799290.swc	mechanosensory
data/fafb_sample/swc/720575940623836222.swc	mechanosensory
data/fafb_sample/swc/720575940605213100.swc	mechanosensory
data/fafb_sample/swc/720575940629650997.swc	mechanosensory
data/fafb_sample/swc/720575940625904016.swc	mechanosensory
data/fafb_sample/swc/720575940632513581.swc	mechanosensory
data/fafb_sample/swc/720575940613992565.swc	mechanosensory
data/fafb_sample/swc/720575940605291040.swc	mechanosensory
data/fafb_sample/swc/720575940633475424.swc	mechanosensory
data/fafb_sample/swc/720575940626108433.swc	mechanosensory
data/fafb_sample/swc/720575940610253432.swc	mechanosensory
data/fafb_sample/swc/720575940640369360.swc	mechanosensory
data/fafb_sample/swc/720575940613127314.swc	mechanosensory
data/fafb_sample/swc/720575940608399452.swc	mechanosensory
data/fafb_sample/swc/720575940646441780.swc	mechanosensory
data/fafb_sample/swc/720575940623325993.swc	mechanosensory
data/fafb_sample/swc/720575940627442197.swc	mechanosensory
data/fafb_sample/swc/720575940625023024.swc	mechanosensory
data/fafb_sample/swc/720575940616100753.swc	mechanosensory
data/fafb_sample/swc/720575940620919578.swc	mechanosensory
data/fafb_sample/swc/720575940623083288.swc	mechanosensory
data/fafb_sample/swc/720575940619941067.swc	mechanosensory
data/fafb_sample/swc/720575940632129567.swc	mechanosensory
data/fafb_sample/swc/720575940618118193.swc	mechanosensory
data/fafb_sample/swc/720575940616862465.swc	mechanosensory
data/fafb_sample/swc/720575940624428848.swc	mechanosensory
data/fafb_sample/swc/720575940623524349.swc	mechanosensory
data/fafb_sample/swc/720575940630448215.swc	mechanosensory
data/fafb_sample/swc/720575940642168205.swc	mechanosensory
data/fafb_sample/swc/720575940620612929.swc	mechanosensory
data/fafb_sample/swc/720575940612970151.swc	mechanosensory
data/fafb_sample/swc/720575940625579722.swc	mechanosensory
data/fafb_sample/swc/720575940633294527.swc	mechanosensory
data/fafb_sample/swc/720575940621684769.swc	mechanosensory
data/fafb_sample/swc/720575940623189799.swc	mechanosensory
data/fafb_sample/swc/720575940626554856.swc	mechanosensory
data/fafb_sample/swc/720575940638312637.swc	mechanosensory
data/fafb_sample/swc/720575940619416881.swc	mechanosensory
data/fafb_sample/swc/720575940625148505.swc	mechanosensory
data/fafb_sample/swc/720575940626397256.swc	mechanosensory
data/fafb_sample/swc/720575940613934965.swc	mechanosensory
data/fafb_sample/swc/720575940645824644.swc	mechanosensory
data/fafb_sample/swc/720575940628272322.swc	mechanosensory
data/fafb_sample/swc/720575940631999955.swc	mechanosensory
data/fafb_sample/swc/720575940620819952.swc	mechanosensory
data/fafb_sample/swc/720575940629253431.swc	mechanosensory
data/fafb_sample/swc/720575940637681215.swc	mechanosensory
data/fafb_sample/swc/720575940618551862.swc	mechanosensory
data/fafb_sample/swc/720575940637418549.swc	mechanosensory
data/fafb_sample/swc/720575940618861105.swc	mechanosensory
data/fafb_sample/swc/720575940605800369.swc	mechanosensory
data/fafb_sample/swc/720575940621887732.swc	mechanosensory
data/fafb_sample/swc/720575940613135870.swc	mechanosensory
data/fafb_sample/swc/720575940628192055.swc	mechanosensory
data/fafb_sample/swc/720575940608112137.swc	mechanosensory
data/fafb_sample/swc/720575940639196760.swc	mechanosensory
data/fafb_sample/swc/720575940624042727.swc	mechanosensory
data/fafb_sample/swc/720575940625627024.swc	mechanosensory
data/fafb_sample/swc/720575940624248300.swc	mechanosensory
data/fafb_sample/swc/720575940638811507.swc	mechanosensory
data/fafb_sample/swc/720575940618898230.swc	mechanosensory
data/fafb_sample/swc/720575940620661675.swc	mechanosensory
data/fafb_sample/swc/720575940611000499.swc	mechanosensory
data/fafb_sample/swc/720575940611070020.swc	mechanosensory
data/fafb_sample/swc/720575940631598904.swc	mechanosensory
data/fafb_sample/swc/720575940620813808.swc	mechanosensory
data/fafb_sample/swc/720575940626627580.swc	mechanosensory
data/fafb_sample/swc/720575940607004252.swc	mechanosensory
data/fafb_sample/swc/720575940614805983.swc	mechanosensory
data/fafb_sample/swc/720575940636075119.swc	mechanosensory
data/fafb_sample/swc/720575940628472835.swc	mechanosensory
data/fafb_sample/swc/720575940621306700.swc	mechanosensory
data/fafb_sample/swc/720575940634181984.swc	mechanosensory
data/fafb_sample/swc/720575940634688959.swc	mechanosensory
data/fafb_sample/swc/720575940618669808.swc	mechanosensory
data/fafb_sample/swc/720575940633165207.swc	mechanosensory
data/fafb_sample/swc/720575940617807227.swc	mechanosensory
data/fafb_sample/swc/720575940634745451.swc	mechanosensory
data/fafb_sample/swc/720575940612344306.swc	mechanosensory
data/fafb_sample/swc/720575940644421428.swc	mechanosensory
data/fafb_sample/swc/720575940626875529.swc	mechanosensory
data/fafb_sample/swc/720575940637851982.swc	mechanosensory
data/fafb_sample/swc/720575940628951287.swc	mechanosensory
data/fafb_sample/swc/720575940631044059.swc	mechanosensory
data/fafb_sample/swc/720575940634619759.swc	mechanosensory
data/fafb_sample/swc/720575940625602597.swc	mechanosensory
data/fafb_sample/swc/720575940627357256.swc	mechanosensory
data/fafb_sample/swc/720575940623991881.swc	mechanosensory
data/fafb_sample/swc/720575940642897312.swc	mechanosensory
data/fafb_sample/swc/720575940630187727.swc	mechanosensory
data/fafb_sample/swc/720575940611154786.swc	mechanosensory
data/fafb_sample/swc/720575940605699104.swc	mechanosensory
data/fafb_sample/swc/720575940606656434.swc	mechanosensory
data/fafb_sample/swc/720575940622451383.swc	mechanosensory
data/fafb_sample/swc/720575940612375525.swc	mechanosensory
data/fafb_sample/swc/720575940632680109.swc	mechanosensory
data/fafb_sample/swc/720575940618085937.swc	mechanosensory
data/fafb_sample/swc/720575940625909962.swc	mechanosensory
data/fafb_sample/swc/720575940624067581.swc	mechanosensory
data/fafb_sample/swc/720575940633171808.swc	mechanosensory
data/fafb_sample/swc/720575940631970144.swc	mechanosensory
data/fafb_sample/swc/720575940620556680.swc	mechanosensory
data/fafb_sample/swc/720575940611528410.swc	mechanosensory
data/fafb_sample/swc/720575940633330111.swc	mechanosensory
data/fafb_sample/swc/720575940604273632.swc	mechanosensory
data/fafb_sample/swc/720575940633626082.swc	mechanosensory
data/fafb_sample/swc/720575940617161270.swc	mechanosensory
data/fafb_sample/swc/720575940622960422.swc	mechanosensory
data/fafb_sample/swc/720575940617517661.swc	mechanosensory
data/fafb_sample/swc/720575940631699852.swc	mechanosensory
data/fafb_sample/swc/720575940630292388.swc	mechanosensory
data/fafb_sample/swc/720575940636656014.swc	mechanosensory
data/fafb_sample/swc/720575940632077538.swc	mechanosensory
data/fafb_sample/swc/720575940622061132.swc	mechanosensory
data/fafb_sample/swc/720575940605860710.swc	mechanosensory
data/fafb_sample/swc/720575940637389534.swc	mechanosensory
data/fafb_sample/swc/720575940613618483.swc	mechanosensory
data/fafb_sample/swc/720575940610022264.swc	mechanosensory
data/fafb_sample/swc/720575940621508101.swc	mechanosensory
data/fafb_sample/swc/720575940639904475.swc	mechanosensory
data/fafb_sample/swc/720575940615108930.swc	mechanosensory
data/fafb_sample/swc/720575940628040778.swc	mechanosensory
data/fafb_sample/swc/720575940623587780.swc	mechanosensory
data/fafb_sample/swc/720575940622639181.swc	mechanosensory
data/fafb_sample/swc/720575940615469634.swc	mechanosensory
data/fafb_sample/swc/720575940645264180.swc	mechanosensory
data/fafb_sample/swc/720575940636498660.swc	mechanosensory
data/fafb_sample/swc/720575940623624084.swc	mechanosensory
data/fafb_sample/swc/720575940629004158.swc	mechanosensory
data/fafb_sample/swc/720575940628146987.swc	mechanosensory
data/fafb_sample/swc/720575940612355763.swc	mechanosensory
data/fafb_sample/swc/720575940618432054.swc	mechanosensory
data/fafb_sample/swc/720575940638300486.swc	mechanosensory
data/fafb_sample/swc/720575940625812286.swc	mechanosensory
data/fafb_sample/swc/720575940618927024.swc	mechanosensory
data/fafb_sample/swc/720575940625381397.swc	mechanosensory
data/fafb_sample/swc/720575940641396078.swc	mechanosensory
data/fafb_sample/swc/720575940622263821.swc	mechanosensory
data/fafb_sample/swc/720575940604122982.swc	mechanosensory
data/fafb_sample/swc/720575940643000480.swc	mechanosensory
data/fafb_sample/swc/720575940623791152.swc	mechanosensory
data/fafb_sample/swc/720575940631447085.swc	mechanosensory
data/fafb_sample/swc/720575940638256949.swc	mechanosensory
data/fafb_sample/swc/720575940622099405.swc	mechanosensory
data/fafb_sample/swc/720575940605846962.swc	mechanosensory
data/fafb_sample/swc/720575940609644498.swc	mechanosensory
data/fafb_sample/swc/720575940630174268.swc	mechanosensory
data/fafb_sample/swc/720575940619759552.swc	mechanosensory
data/fafb_sample/swc/720575940627925865.swc	mechanosensory
data/fafb_sample/swc/720575940628923639.swc	mechanosensory
data/fafb_sample/swc/720575940631370336.swc	mechanosensory
data/fafb_sample/swc/720575940621614435.swc	mechanosensory
data/fafb_sample/swc/720575940614684834.swc	mechanosensory
data/fafb_sample/swc/720575940618052568.swc	mechanosensory
data/fafb_sample/swc/720575940617724390.swc	mechanosensory
data/fafb_sample/swc/720575940626520402.swc	mechanosensory
data/fafb_sample/swc/720575940621919940.swc	mechanosensory
data/fafb_sample/swc/720575940626033692.swc	mechanosensory
data/fafb_sample/swc/720575940623101877.swc	mechanosensory
data/fafb_sample/swc/720575940615555257.swc	mechanosensory
data/fafb_sample/swc/720575940608742409.swc	mechanosensory
data/fafb_sample/swc/720575940613682911.swc	mechanosensory
data/fafb_sample/swc/720575940622222856.swc	mechanosensory
data/fafb_sample/swc/720575940623301417.swc	mechanosensory
data/fafb_sample/swc/720575940623503401.swc	mechanosensory
data/fafb_sample/swc/720575940626453337.swc	mechanosensory
data/fafb_sample/swc/720575940632170065.swc	mechanosensory
data/fafb_sample/swc/720575940620410177.swc	mechanosensory
data/fafb_sample/swc/720575940619128955.swc	mechanosensory
data/fafb_sample/swc/720575940622075530.swc	mechanosensory
data/fafb_sample/swc/720575940618843073.swc	mechanosensory
data/fafb_sample/swc/720575940628948444.swc	mechanosensory
data/fafb_sample/swc/720575940633429148.swc	mechanosensory
data/fafb_sample/swc/720575940652060662.swc	mechanosensory
data/fafb_sample/swc/720575940624496280.swc	mechanosensory
data/fafb_sample/swc/720575940631098338.swc	mechanosensory
data/fafb_sample/swc/720575940627444746.swc	mechanosensory
data/fafb_sample/swc/720575940614454870.swc	mechanosensory
data/fafb_sample/swc/720575940626867786.swc	mechanosensory
data/fafb_sample/swc/720575940625362840.swc	mechanosensory
data/fafb_sample/swc/720575940634133600.swc	mechanosensory
data/fafb_sample/swc/720575940626471185.swc	mechanosensory
data/fafb_sample/swc/720575940616545110.swc	mechanosensory
data/fafb_sample/swc/720575940629941356.swc	mechanosensory
data/fafb_sample/swc/720575940608999492.swc	mechanosensory
data/fafb_sample/swc/720575940618953270.swc	mechanosensory
data/fafb_sample/swc/720575940627883087.swc	mechanosensory
data/fafb_sample/swc/720575940612687597.swc	mechanosensory
data/fafb_sample/swc/720575940625607178.swc	mechanosensory
data/fafb_sample/swc/720575940632717988.swc	mechanosensory
data/fafb_sample/swc/720575940604257638.swc	mechanosensory
data/fafb_sample/swc/720575940621303565.swc	mechanosensory
data/fafb_sample/swc/720575940630667660.swc	mechanosensory
data/fafb_sample/swc/720575940626077010.swc	mechanosensory
data/fafb_sample/swc/720575940623458633.swc	mechanosensory
data/fafb_sample/swc/720575940612355301.swc	olfactory
data/fafb_sample/swc/720575940626048637.swc	olfactory
data/fafb_sample/swc/720575940616903209.swc	olfactory
data/fafb_sample/swc/720575940631639097.swc	olfactory
data/fafb_sample/swc/720575940626299678.swc	olfactory
data/fafb_sample/swc/720575940628868352.swc	olfactory
data/fafb_sample/swc/720575940620167083.swc	olfactory
data/fafb_sample/swc/720575940632510163.swc	olfactory
data/fafb_sample/swc/720575940611208818.swc	olfactory
data/fafb_sample/swc/720575940621926536.swc	olfactory
data/fafb_sample/swc/720575940621449933.swc	olfactory
data/fafb_sample/swc/720575940629424195.swc	olfactory
data/fafb_sample/swc/720575940623339495.swc	olfactory
data/fafb_sample/swc/720575940626565907.swc	olfactory
data/fafb_sample/swc/720575940629728988.swc	olfactory
data/fafb_sample/swc/720575940628888375.swc	olfactory
data/fafb_sample/swc/720575940612455917.swc	olfactory
data/fafb_sample/swc/720575940627890231.swc	olfactory
data/fafb_sample/swc/720575940618645963.swc	olfactory
data/fafb_sample/swc/720575940632966445.swc	olfactory
data/fafb_sample/swc/720575940613740950.swc	olfactory
data/fafb_sample/swc/720575940634761208.swc	olfactory
data/fafb_sample/swc/720575940619519727.swc	olfactory
data/fafb_sample/swc/720575940641039067.swc	olfactory
data/fafb_sample/swc/720575940615956085.swc	olfactory
data/fafb_sample/swc/720575940619117039.swc	olfactory
data/fafb_sample/swc/720575940638011718.swc	olfactory
data/fafb_sample/swc/720575940630246778.swc	olfactory
data/fafb_sample/swc/720575940644746606.swc	olfactory
data/fafb_sample/swc/720575940611382195.swc	olfactory
data/fafb_sample/swc/720575940615629173.swc	olfactory
data/fafb_sample/swc/720575940619029589.swc	olfactory
data/fafb_sample/swc/720575940622289919.swc	olfactory
data/fafb_sample/swc/720575940621321748.swc	olfactory
data/fafb_sample/swc/720575940631463711.swc	olfactory
data/fafb_sample/swc/720575940630442745.swc	olfactory
data/fafb_sample/swc/720575940644590116.swc	olfactory
data/fafb_sample/swc/720575940620134932.swc	olfactory
data/fafb_sample/swc/720575940617244116.swc	olfactory
data/fafb_sample/swc/720575940636809950.swc	olfactory
data/fafb_sample/swc/720575940614934178.swc	olfactory
data/fafb_sample/swc/720575940610189358.swc	olfactory
data/fafb_sample/swc/720575940637906502.swc	olfactory
data/fafb_sample/swc/720575940627598891.swc	olfactory
data/fafb_sample/swc/720575940627820649.swc	olfactory
data/fafb_sample/swc/720575940619974193.swc	olfactory
data/fafb_sample/swc/720575940609228809.swc	olfactory
data/fafb_sample/swc/720575940618946901.swc	olfactory
data/fafb_sample/swc/720575940631923816.swc	olfactory
data/fafb_sample/swc/720575940608273163.swc	olfactory
data/fafb_sample/swc/720575940614147178.swc	olfactory
data/fafb_sample/swc/720575940635159982.swc	olfactory
data/fafb_sample/swc/720575940624227509.swc	olfactory
data/fafb_sample/swc/720575940632733651.swc	olfactory
data/fafb_sample/swc/720575940624147600.swc	olfactory
data/fafb_sample/swc/720575940629511383.swc	olfactory
data/fafb_sample/swc/720575940621437004.swc	olfactory
data/fafb_sample/swc/720575940617626781.swc	olfactory
data/fafb_sample/swc/720575940629043817.swc	olfactory
data/fafb_sample/swc/720575940627332885.swc	olfactory
data/fafb_sample/swc/720575940619410123.swc	olfactory
data/fafb_sample/swc/720575940621374633.swc	olfactory
data/fafb_sample/swc/720575940635618734.swc	olfactory
data/fafb_sample/swc/720575940638026842.swc	olfactory
data/fafb_sample/swc/720575940624365500.swc	olfactory
data/fafb_sample/swc/720575940621106102.swc	olfactory
data/fafb_sample/swc/720575940627950312.swc	olfactory
data/fafb_sample/swc/720575940626253331.swc	olfactory
data/fafb_sample/swc/720575940623971848.swc	olfactory
data/fafb_sample/swc/720575940611990738.swc	olfactory
data/fafb_sample/swc/720575940618696920.swc	olfactory
data/fafb_sample/swc/720575940645722660.swc	olfactory
data/fafb_sample/swc/720575940629557292.swc	olfactory
data/fafb_sample/swc/720575940631353764.swc	olfactory
data/fafb_sample/swc/720575940631998511.swc	olfactory
data/fafb_sample/swc/720575940617433142.swc	olfactory
data/fafb_sample/swc/720575940629239852.swc	olfactory
data/fafb_sample/swc/720575940631201311.swc	olfactory
data/fafb_sample/swc/720575940631983330.swc	olfactory
data/fafb_sample/swc/720575940639166336.swc	olfactory
data/fafb_sample/swc/720575940622713578.swc	olfactory
data/fafb_sample/swc/720575940631487652.swc	olfactory
data/fafb_sample/swc/720575940626976522.swc	olfactory
data/fafb_sample/swc/720575940622363332.swc	olfactory
data/fafb_sample/swc/720575940624508341.swc	olfactory
data/fafb_sample/swc/720575940627213736.swc	olfactory
data/fafb_sample/swc/720575940629588854.swc	olfactory
data/fafb_sample/swc/720575940617208354.swc	olfactory
data/fafb_sample/swc/720575940620253311.swc	olfactory
data/fafb_sample/swc/720575940610724306.swc	olfactory
data/fafb_sample/swc/720575940627807761.swc	olfactory
data/fafb_sample/swc/720575940645211939.swc	olfactory
data/fafb_sample/swc/720575940627817260.swc	olfactory
data/fafb_sample/swc/720575940633713087.swc	olfactory
data/fafb_sample/swc/720575940628277147.swc	olfactory
data/fafb_sample/swc/720575940616320699.swc	olfactory
data/fafb_sample/swc/720575940628749111.swc	olfactory
data/fafb_sample/swc/720575940643396768.swc	olfactory
data/fafb_sample/swc/720575940620382704.swc	olfactory
data/fafb_sample/swc/720575940629380034.swc	olfactory
data/fafb_sample/swc/720575940614427567.swc	olfactory
data/fafb_sample/swc/720575940625176250.swc	olfactory
data/fafb_sample/swc/720575940625821758.swc	olfactory
data/fafb_sample/swc/720575940631956397.swc	olfactory
data/fafb_sample/swc/720575940633221657.swc	olfactory
data/fafb_sample/swc/720575940621282774.swc	olfactory
data/fafb_sample/swc/720575940631680763.swc	olfactory
data/fafb_sample/swc/720575940630971434.swc	olfactory
data/fafb_sample/swc/720575940626213642.swc	olfactory
data/fafb_sample/swc/720575940616578777.swc	olfactory
data/fafb_sample/swc/720575940630996072.swc	olfactory
data/fafb_sample/swc/720575940634365620.swc	olfactory
data/fafb_sample/swc/720575940605929394.swc	olfactory
data/fafb_sample/swc/720575940627120536.swc	olfactory
data/fafb_sample/swc/720575940617552418.swc	olfactory
data/fafb_sample/swc/720575940636975582.swc	olfactory
data/fafb_sample/swc/720575940627452668.swc	olfactory
data/fafb_sample/swc/720575940612615149.swc	olfactory
data/fafb_sample/swc/720575940623367607.swc	olfactory
data/fafb_sample/swc/720575940615856779.swc	olfactory
data/fafb_sample/swc/720575940615723350.swc	olfactory
data/fafb_sample/swc/720575940623799335.swc	olfactory
data/fafb_sample/swc/720575940629263872.swc	olfactory
data/fafb_sample/swc/720575940632043832.swc	olfactory
data/fafb_sample/swc/720575940637731817.swc	olfactory
data/fafb_sample/swc/720575940616867926.swc	olfactory
data/fafb_sample/swc/720575940631141516.swc	olfactory
data/fafb_sample/swc/720575940625334424.swc	olfactory
data/fafb_sample/swc/720575940614723495.swc	olfactory
data/fafb_sample/swc/720575940615596171.swc	olfactory
data/fafb_sample/swc/720575940638894976.swc	olfactory
data/fafb_sample/swc/720575940645431075.swc	olfactory
data/fafb_sample/swc/720575940620408560.swc	olfactory
data/fafb_sample/swc/720575940627327314.swc	olfactory
data/fafb_sample/swc/720575940649433209.swc	olfactory
data/fafb_sample/swc/720575940631907143.swc	olfactory
data/fafb_sample/swc/720575940616566745.swc	olfactory
data/fafb_sample/swc/720575940611056846.swc	olfactory
data/fafb_sample/swc/720575940603832288.swc	olfactory
data/fafb_sample/swc/720575940621100117.swc	olfactory
data/fafb_sample/swc/720575940609114436.swc	olfactory
data/fafb_sample/swc/720575940624963917.swc	olfactory
data/fafb_sample/swc/720575940619565648.swc	olfactory
data/fafb_sample/swc/720575940610412386.swc	olfactory
data/fafb_sample/swc/720575940610926762.swc	olfactory
data/fafb_sample/swc/720575940612951789.swc	olfactory
data/fafb_sample/swc/720575940630209658.swc	olfactory
data/fafb_sample/swc/720575940626769064.swc	olfactory
data/fafb_sample/swc/720575940621399462.swc	olfactory
data/fafb_sample/swc/720575940617313510.swc	olfactory
data/fafb_sample/swc/720575940631842119.swc	olfactory
data/fafb_sample/swc/720575940630726095.swc	olfactory
data/fafb_sample/swc/720575940623274935.swc	olfactory
data/fafb_sample/swc/720575940629830508.swc	olfactory
data/fafb_sample/swc/720575940629977559.swc	olfactory
data/fafb_sample/swc/720575940629350782.swc	olfactory
data/fafb_sample/swc/720575940627526735.swc	olfactory
data/fafb_sample/swc/720575940620303732.swc	olfactory
data/fafb_sample/swc/720575940633311328.swc	olfactory
data/fafb_sample/swc/720575940606165606.swc	olfactory
data/fafb_sample/swc/720575940625136228.swc	olfactory
data/fafb_sample/swc/720575940636754533.swc	olfactory
data/fafb_sample/swc/720575940614184671.swc	olfactory
data/fafb_sample/swc/720575940620411764.swc	olfactory
data/fafb_sample/swc/720575940629235159.swc	olfactory
data/fafb_sample/swc/720575940614410719.swc	olfactory
data/fafb_sample/swc/720575940638818357.swc	olfactory
data/fafb_sample/swc/720575940627451388.swc	olfactory
data/fafb_sample/swc/720575940607869788.swc	olfactory
data/fafb_sample/swc/720575940634818296.swc	olfactory
data/fafb_sample/swc/720575940626674707.swc	olfactory
data/fafb_sample/swc/720575940619445464.swc	olfactory
data/fafb_sample/swc/720575940618576542.swc	olfactory
data/fafb_sample/swc/720575940620406900.swc	olfactory
data/fafb_sample/swc/720575940639415248.swc	olfactory
data/fafb_sample/swc/720575940643403208.swc	olfactory
data/fafb_sample/swc/720575940614426799.swc	olfactory
data/fafb_sample/swc/720575940632224031.swc	olfactory
data/fafb_sample/swc/720575940629397763.swc	olfactory
data/fafb_sample/swc/720575940612674257.swc	olfactory
data/fafb_sample/swc/720575940623464683.swc	olfactory
data/fafb_sample/swc/720575940618806101.swc	olfactory
data/fafb_sample/swc/720575940617542996.swc	olfactory
data/fafb_sample/swc/720575940621396044.swc	olfactory
data/fafb_sample/swc/720575940635596901.swc	olfactory
data/fafb_sample/swc/720575940620682561.swc	olfactory
data/fafb_sample/swc/720575940613736941.swc	olfactory
data/fafb_sample/swc/720575940620193472.swc	olfactory
data/fafb_sample/swc/720575940621003102.swc	olfactory
data/fafb_sample/swc/720575940622440840.swc	olfactory
data/fafb_sample/swc/720575940614833567.swc	olfactory
data/fafb_sample/swc/720575940607697282.swc	olfactory
data/fafb_sample/swc/720575940612704802.swc	olfactory
data/fafb_sample/swc/720575940634057976.swc	olfactory
data/fafb_sample/swc/720575940621307230.swc	olfactory
data/fafb_sample/swc/720575940624951020.swc	olfactory
data/fafb_sample/swc/720575940626197532.swc	olfactory
data/fafb_sample/swc/720575940619591872.swc	olfactory
data/fafb_sample/swc/720575940631450764.swc	olfactory
data/fafb_sample/swc/720575940636998463.swc	olfactory
data/fafb_sample/swc/720575940611353457.swc	olfactory
data/fafb_sample/swc/720575940616938470.swc	olfactory
data/fafb_sample/swc/720575940610131012.swc	olfactory
data/fafb_sample/swc/720575940624689336.swc	olfactory
data/fafb_sample/swc/720575940622069492.swc	olfactory
data/fafb_sample/swc/720575940630696901.swc	olfactory
data/fafb_sample/swc/720575940612747434.swc	olfactory
data/fafb_sample/swc/720575940643842340.swc	olfactory
data/fafb_sample/swc/720575940626879996.swc	olfactory
data/fafb_sample/swc/720575940629271863.swc	olfactory
data/fafb_sample/swc/720575940630043599.swc	olfactory
data/fafb_sample/swc/720575940634530155.swc	olfactory
data/fafb_sample/swc/720575940621124033.swc	olfactory
data/fafb_sample/swc/720575940626868818.swc	olfactory
data/fafb_sample/swc/720575940639509336.swc	olfactory
data/fafb_sample/swc/720575940644562455.swc	olfactory
data/fafb_sample/swc/720575940614726546.swc	olfactory
data/fafb_sample/swc/720575940613875858.swc	olfactory
data/fafb_sample/swc/720575940631090759.swc	olfactory
data/fafb_sample/swc/720575940622880588.swc	olfactory
data/fafb_sample/swc/720575940638667846.swc	olfactory
data/fafb_sample/swc/720575940624524848.swc	olfactory
data/fafb_sample/swc/720575940642284704.swc	olfactory
data/fafb_sample/swc/720575940620993193.swc	olfactory
data/fafb_sample/swc/720575940611475370.swc	olfactory
data/fafb_sample/swc/720575940632190765.swc	olfactory
data/fafb_sample/swc/720575940621897496.swc	olfactory
data/fafb_sample/swc/720575940631930415.swc	olfactory
data/fafb_sample/swc/720575940626980358.swc	olfactory
data/fafb_sample/swc/720575940614117374.swc	olfactory
data/fafb_sample/swc/720575940620109550.swc	olfactory
data/fafb_sample/swc/720575940620685889.swc	olfactory
data/fafb_sample/swc/720575940633668031.swc	olfactory
data/fafb_sample/swc/720575940614327442.swc	olfactory
data/fafb_sample/swc/720575940610185221.swc	olfactory
data/fafb_sample/swc/720575940626581525.swc	olfactory
data/fafb_sample/swc/720575940621456349.swc	olfactory
data/fafb_sample/swc/720575940625460784.swc	olfactory
data/fafb_sample/swc/720575940631152440.swc	olfactory
data/fafb_sample/swc/720575940610686162.swc	olfactory
data/fafb_sample/swc/720575940619812487.swc	olfactory
data/fafb_sample/swc/720575940609577518.swc	olfactory
data/fafb_sample/swc/720575940641282523.swc	olfactory
data/fafb_sample/swc/720575940621265249.swc	olfactory
data/fafb_sample/swc/720575940622831541.swc	olfactory
data/fafb_sample/swc/720575940625708554.swc	olfactory
data/fafb_sample/swc/720575940628619319.swc	olfactory
data/fafb_sample/swc/720575940608634837.swc	olfactory
data/fafb_sample/swc/720575940624974266.swc	olfactory
data/fafb_sample/swc/720575940627069256.swc	olfactory
data/fafb_sample/swc/720575940629296254.swc	olfactory
data/fafb_sample/swc/720575940627643398.swc	olfactory
data/fafb_sample/swc/720575940615708466.swc	olfactory
data/fafb_sample/swc/720575940635419237.swc	olfactory
data/fafb_sample/swc/720575940626893834.swc	olfactory
data/fafb_sample/swc/720575940635342949.swc	olfactory
data/fafb_sample/swc/720575940633211031.swc	olfactory
data/fafb_sample/swc/720575940620015201.swc	olfactory
data/fafb_sample/swc/720575940623638967.swc	olfactory
data/fafb_sample/swc/720575940607221771.swc	olfactory
data/fafb_sample/swc/720575940628044560.swc	olfactory
data/fafb_sample/swc/720575940613403390.swc	olfactory
data/fafb_sample/swc/720575940619314964.swc	olfactory
data/fafb_sample/swc/720575940606460873.swc	olfactory
data/fafb_sample/swc/720575940624958757.swc	olfactory
data/fafb_sample/swc/720575940635094426.swc	olfactory
data/fafb_sample/swc/720575940635399160.swc	olfactory
data/fafb_sample/swc/720575940649134969.swc	olfactory
data/fafb_sample/swc/720575940625383155.swc	olfactory
data/fafb_sample/swc/720575940623482355.swc	olfactory
data/fafb_sample/swc/720575940611085518.swc	olfactory
data/fafb_sample/swc/720575940622039551.swc	olfactory
data/fafb_sample/swc/720575940626726730.swc	olfactory
data/fafb_sample/swc/720575940634702431.swc	olfactory
data/fafb_sample/swc/720575940607580171.swc	olfactory
data/fafb_sample/swc/720575940625742725.swc	olfactory
data/fafb_sample/swc/720575940626179334.swc	olfactory
data/fafb_sample/swc/720575940661296001.swc	olfactory
data/fafb_sample/swc/720575940639080526.swc	olfactory
data/fafb_sample/swc/720575940623066409.swc	olfactory
data/fafb_sample/swc/720575940654069409.swc	olfactory
data/fafb_sample/swc/720575940633512800.swc	olfactory
data/fafb_sample/swc/720575940639118653.swc	olfactory
data/fafb_sample/swc/720575940633933975.swc	olfactory
data/fafb_sample/swc/720575940629226044.swc	olfactory
data/fafb_sample/swc/720575940630630248.swc	olfactory
data/fafb_sample/swc/720575940608283147.swc	olfactory
data/fafb_sample/swc/720575940630174208.swc	olfactory
data/fafb_sample/swc/720575940645728132.swc	olfactory
data/fafb_sample/swc/720575940620774149.swc	olfactory
data/fafb_sample/swc/720575940625658554.swc	olfactory
data/fafb_sample/swc/720575940631960290.swc	olfactory
data/fafb_sample/swc/720575940617166882.swc	olfactory
data/fafb_sample/swc/720575940633509407.swc	olfactory
data/fafb_sample/swc/720575940622710733.swc	olfactory
data/fafb_sample/swc/720575940620831265.swc	olfactory
data/fafb_sample/swc/720575940617825563.swc	olfactory
data/fafb_sample/swc/720575940622604749.swc	olfactory
data/fafb_sample/swc/720575940620071872.swc	olfactory
data/fafb_sample/swc/720575940623334143.swc	olfactory
data/fafb_sample/swc/720575940635126452.swc	olfactory
data/fafb_sample/swc/720575940626012433.swc	olfactory
data/fafb_sample/swc/720575940626849423.swc	olfactory
data/fafb_sample/swc/720575940631406673.swc	olfactory
data/fafb_sample/swc/720575940611430117.swc	olfactory
data/fafb_sample/swc/720575940640805877.swc	olfactory
data/fafb_sample/swc/720575940613051699.swc	olfactory
data/fafb_sample/swc/720575940635214734.swc	olfactory
data/fafb_sample/swc/720575940622624234.swc	olfactory
data/fafb_sample/swc/720575940623122685.swc	olfactory
data/fafb_sample/swc/720575940624335548.swc	olfactory
data/fafb_sample/swc/720575940626879484.swc	olfactory
data/fafb_sample/swc/720575940605309542.swc	olfactory
data/fafb_sample/swc/720575940631615800.swc	olfactory
data/fafb_sample/swc/720575940647978804.swc	olfactory
data/fafb_sample/swc/720575940625657530.swc	olfactory
data/fafb_sample/swc/720575940635850488.swc	olfactory
data/fafb_sample/swc/720575940620217782.swc	olfactory
data/fafb_sample/swc/720575940628660224.swc	olfactory
data/fafb_sample/swc/720575940627629315.swc	olfactory
data/fafb_sample/swc/720575940634648568.swc	olfactory
data/fafb_sample/swc/720575940604439072.swc	olfactory
data/fafb_sample/swc/720575940616944251.swc	olfactory
data/fafb_sample/swc/720575940639088885.swc	olfactory
data/fafb_sample/swc/720575940623032102.swc	olfactory
data/fafb_sample/swc/720575940626354954.swc	olfactory
data/fafb_sample/swc/720575940635277998.swc	olfactory
data/fafb_sample/swc/720575940639564496.swc	olfactory
data/fafb_sample/swc/720575940618960555.swc	olfactory
data/fafb_sample/swc/720575940629644375.swc	olfactory
data/fafb_sample/swc/720575940632192799.swc	olfactory
data/fafb_sample/swc/720575940626737685.swc	olfactory
data/fafb_sample/swc/720575940616844859.swc	olfactory
data/fafb_sample/swc/720575940621138779.swc	olfactory
data/fafb_sample/swc/720575940633475991.swc	olfactory
data/fafb_sample/swc/720575940630612280.swc	olfactory
data/fafb_sample/swc/720575940633915327.swc	olfactory
data/fafb_sample/swc/720575940637472053.swc	olfactory
data/fafb_sample/swc/720575940627675535.swc	olfactory
data/fafb_sample/swc/720575940617577797.swc	olfactory
data/fafb_sample/swc/720575940635011935.swc	olfactory
data/fafb_sample/swc/720575940623472264.swc	olfactory
data/fafb_sample/swc/720575940631429165.swc	olfactory
data/fafb_sample/swc/720575940626582088.swc	olfactory
data/fafb_sample/swc/720575940618236283.swc	olfactory
data/fafb_sample/swc/720575940623750852.swc	olfactory
data/fafb_sample/swc/720575940606342321.swc	olfactory
data/fafb_sample/swc/720575940614559163.swc	olfactory
data/fafb_sample/swc/720575940625818426.swc	olfactory
data/fafb_sample/swc/720575940607085323.swc	olfactory
data/fafb_sample/swc/720575940644683031.swc	olfactory
data/fafb_sample/swc/720575940631239076.swc	olfactory
data/fafb_sample/swc/720575940622084681.swc	olfactory
data/fafb_sample/swc/720575940627820035.swc	olfactory
data/fafb_sample/swc/720575940607927817.swc	olfactory
data/fafb_sample/swc/720575940624366835.swc	olfactory
data/fafb_sample/swc/720575940606939849.swc	olfactory
data/fafb_sample/swc/720575940619973211.swc	olfactory
data/fafb_sample/swc/720575940623981576.swc	olfactory
data/fafb_sample/swc/720575940609586901.swc	olfactory
data/fafb_sample/swc/720575940624264340.swc	olfactory
data/fafb_sample/swc/720575940649154425.swc	olfactory
data/fafb_sample/swc/720575940617598621.swc	olfactory
data/fafb_sample/swc/720575940626632211.swc	olfactory
data/fafb_sample/swc/720575940629454974.swc	olfactory
data/fafb_sample/swc/720575940620814463.swc	olfactory
data/fafb_sample/swc/720575940634202036.swc	olfactory
data/fafb_sample/swc/720575940630132754.swc	olfactory
data/fafb_sample/swc/720575940613156015.swc	olfactory
data/fafb_sample/swc/720575940631088121.swc	olfactory
data/fafb_sample/swc/720575940631594833.swc	olfactory
data/fafb_sample/swc/720575940625946430.swc	olfactory
data/fafb_sample/swc/720575940626593618.swc	olfactory
data/fafb_sample/swc/720575940633543650.swc	olfactory
data/fafb_sample/swc/720575940618145147.swc	olfactory
data/fafb_sample/swc/720575940631041071.swc	olfactory
data/fafb_sample/swc/720575940614037533.swc	olfactory
data/fafb_sample/swc/720575940606949042.swc	olfactory
data/fafb_sample/swc/720575940623865597.swc	olfactory
data/fafb_sample/swc/720575940620024560.swc	olfactory
data/fafb_sample/swc/720575940620574817.swc	olfactory
data/fafb_sample/swc/720575940626631441.swc	olfactory
data/fafb_sample/swc/720575940630645067.swc	olfactory
data/fafb_sample/swc/720575940627253865.swc	olfactory
data/fafb_sample/swc/720575940627208196.swc	olfactory
data/fafb_sample/swc/720575940627185064.swc	olfactory
data/fafb_sample/swc/720575940637626084.swc	olfactory
data/fafb_sample/swc/720575940617209940.swc	olfactory
data/fafb_sample/swc/720575940631510865.swc	olfactory
data/fafb_sample/swc/720575940616756993.swc	olfactory
data/fafb_sample/swc/720575940619791019.swc	olfactory
data/fafb_sample/swc/720575940627159704.swc	olfactory
data/fafb_sample/swc/720575940646308740.swc	olfactory
data/fafb_sample/swc/720575940621326874.swc	olfactory
data/fafb_sample/swc/720575940631474316.swc	olfactory
data/fafb_sample/swc/720575940613365650.swc	olfactory
data/fafb_sample/swc/720575940629020176.swc	olfactory
data/fafb_sample/swc/720575940643906340.swc	olfactory
data/fafb_sample/swc/720575940631313455.swc	olfactory
data/fafb_sample/swc/720575940610318542.swc	olfactory
data/fafb_sample/swc/720575940625044743.swc	olfactory
data/fafb_sample/swc/720575940616815005.swc	olfactory
data/fafb_sample/swc/720575940629346715.swc	olfactory
data/fafb_sample/swc/720575940625611139.swc	olfactory
data/fafb_sample/swc/720575940612971816.swc	olfactory
data/fafb_sample/swc/720575940631494687.swc	olfactory
data/fafb_sample/swc/720575940633389281.swc	olfactory
data/fafb_sample/swc/720575940616670242.swc	olfactory
data/fafb_sample/swc/720575940627265043.swc	olfactory
data/fafb_sample/swc/720575940619649195.swc	olfactory
data/fafb_sample/swc/720575940627090521.swc	olfactory
data/fafb_sample/swc/720575940609845454.swc	olfactory
data/fafb_sample/swc/720575940626585481.swc	olfactory
data/fafb_sample/swc/720575940616322397.swc	olfactory
data/fafb_sample/swc/720575940622288008.swc	olfactory
data/fafb_sample/swc/720575940643407520.swc	olfactory
data/fafb_sample/swc/720575940628408143.swc	olfactory
data/fafb_sample/swc/720575940612564338.swc	olfactory
data/fafb_sample/swc/720575940620023261.swc	olfactory
data/fafb_sample/swc/720575940620675711.swc	olfactory
data/fafb_sample/swc/720575940635114347.swc	olfactory
data/fafb_sample/swc/720575940633033133.swc	olfactory
data/fafb_sample/swc/720575940626942995.swc	olfactory
data/fafb_sample/swc/720575940625399600.swc	olfactory
data/fafb_sample/swc/720575940646484020.swc	olfactory
data/fafb_sample/swc/720575940629567473.swc	olfactory
data/fafb_sample/swc/720575940628407375.swc	olfactory
data/fafb_sample/swc/720575940623031559.swc	olfactory
data/fafb_sample/swc/720575940608277771.swc	olfactory
data/fafb_sample/swc/720575940611237034.swc	olfactory
data/fafb_sample/swc/720575940629455068.swc	olfactory
data/fafb_sample/swc/720575940612024342.swc	olfactory
data/fafb_sample/swc/720575940629373148.swc	olfactory
data/fafb_sample/swc/720575940641174747.swc	olfactory
data/fafb_sample/swc/720575940611357938.swc	olfactory
data/fafb_sample/swc/720575940610682578.swc	olfactory
data/fafb_sample/swc/720575940634399071.swc	olfactory
data/fafb_sample/swc/720575940628961644.swc	olfactory
data/fafb_sample/swc/720575940619357264.swc	olfactory
data/fafb_sample/swc/720575940610102830.swc	olfactory
data/fafb_sample/swc/720575940627214891.swc	olfactory
data/fafb_sample/swc/720575940617056064.swc	olfactory
data/fafb_sample/swc/720575940619891041.swc	olfactory
data/fafb_sample/swc/720575940630642447.swc	olfactory
data/fafb_sample/swc/720575940621873677.swc	olfactory
data/fafb_sample/swc/720575940632063396.swc	olfactory
data/fafb_sample/swc/720575940631174431.swc	olfactory
data/fafb_sample/swc/720575940620356468.swc	olfactory
data/fafb_sample/swc/720575940622219478.swc	olfactory
data/fafb_sample/swc/720575940613437359.swc	olfactory
data/fafb_sample/swc/720575940629151031.swc	olfactory
data/fafb_sample/swc/720575940622342852.swc	olfactory
data/fafb_sample/swc/720575940614429078.swc	olfactory
data/fafb_sample/swc/720575940606869513.swc	olfactory
data/fafb_sample/swc/720575940628641871.swc	olfactory
data/fafb_sample/swc/720575940626865289.swc	olfactory
data/fafb_sample/swc/720575940632677145.swc	olfactory
data/fafb_sample/swc/720575940623085495.swc	olfactory
data/fafb_sample/swc/720575940628702658.swc	olfactory
data/fafb_sample/swc/720575940624061116.swc	olfactory
data/fafb_sample/swc/720575940610519747.swc	olfactory
data/fafb_sample/swc/720575940631930060.swc	olfactory
data/fafb_sample/swc/720575940627465288.swc	olfactory
data/fafb_sample/swc/720575940620979888.swc	olfactory
data/fafb_sample/swc/720575940638957400.swc	olfactory
data/fafb_sample/swc/720575940617483318.swc	olfactory
data/fafb_sample/swc/720575940626047536.swc	olfactory
data/fafb_sample/swc/720575940617308673.swc	olfactory
data/fafb_sample/swc/720575940616486795.swc	olfactory
data/fafb_sample/swc/720575940625305884.swc	olfactory
data/fafb_sample/swc/720575940617511169.swc	olfactory
data/fafb_sample/swc/720575940621309534.swc	olfactory
data/fafb_sample/swc/720575940607637340.swc	olfactory
data/fafb_sample/swc/720575940638212166.swc	olfactory
data/fafb_sample/swc/720575940619401199.swc	olfactory
data/fafb_sample/swc/720575940639089571.swc	olfactory
data/fafb_sample/swc/720575940621648861.swc	olfactory
data/fafb_sample/swc/720575940628380827.swc	olfactory
data/fafb_sample/swc/720575940612634009.swc	olfactory
data/fafb_sample/swc/720575940621674108.swc	olfactory
data/fafb_sample/swc/720575940632824531.swc	olfactory
data/fafb_sample/swc/720575940628280911.swc	olfactory
data/fafb_sample/swc/720575940624671490.swc	olfactory
data/fafb_sample/swc/720575940631625124.swc	olfactory
data/fafb_sample/swc/720575940630052857.swc	olfactory
data/fafb_sample/swc/720575940625709720.swc	olfactory
data/fafb_sample/swc/720575940631544740.swc	olfactory
data/fafb_sample/swc/720575940636002679.swc	olfactory
data/fafb_sample/swc/720575940637087039.swc	olfactory
data/fafb_sample/swc/720575940639099264.swc	olfactory
data/fafb_sample/swc/720575940623594248.swc	olfactory
data/fafb_sample/swc/720575940620912086.swc	olfactory
data/fafb_sample/swc/720575940610384994.swc	olfactory
data/fafb_sample/swc/720575940630384246.swc	olfactory
data/fafb_sample/swc/720575940625298690.swc	olfactory
data/fafb_sample/swc/720575940621378580.swc	olfactory
data/fafb_sample/swc/720575940631711021.swc	olfactory
data/fafb_sample/swc/720575940629918762.swc	olfactory
data/fafb_sample/swc/720575940619498887.swc	olfactory
data/fafb_sample/swc/720575940629673692.swc	olfactory
data/fafb_sample/swc/720575940613021206.swc	olfactory
data/fafb_sample/swc/720575940627964715.swc	olfactory
data/fafb_sample/swc/720575940620799009.swc	olfactory
data/fafb_sample/swc/720575940620750716.swc	olfactory
data/fafb_sample/swc/720575940618937649.swc	olfactory
data/fafb_sample/swc/720575940625162168.swc	olfactory
data/fafb_sample/swc/720575940632239661.swc	olfactory
data/fafb_sample/swc/720575940647088004.swc	olfactory
data/fafb_sample/swc/720575940617333275.swc	olfactory
data/fafb_sample/swc/720575940638607805.swc	olfactory
data/fafb_sample/swc/720575940632335953.swc	olfactory
data/fafb_sample/swc/720575940630737403.swc	olfactory
data/fafb_sample/swc/720575940615747259.swc	olfactory
data/fafb_sample/swc/720575940612160153.swc	olfactory
data/fafb_sample/swc/720575940620603489.swc	olfactory
data/fafb_sample/swc/720575940612692915.swc	olfactory
data/fafb_sample/swc/720575940622553420.swc	olfactory
data/fafb_sample/swc/720575940605834626.swc	olfactory
data/fafb_sample/swc/720575940629539269.swc	olfactory
data/fafb_sample/swc/720575940632108205.swc	olfactory
data/fafb_sample/swc/720575940635935343.swc	olfactory
data/fafb_sample/swc/720575940611984114.swc	olfactory
data/fafb_sample/swc/720575940627128969.swc	olfactory
data/fafb_sample/swc/720575940619340446.swc	olfactory
data/fafb_sample/swc/720575940614258082.swc	olfactory
data/fafb_sample/swc/720575940620296107.swc	olfactory
data/fafb_sample/swc/720575940606915849.swc	olfactory
data/fafb_sample/swc/720575940635706219.swc	olfactory
data/fafb_sample/swc/720575940614583618.swc	olfactory
data/fafb_sample/swc/720575940620802230.swc	olfactory
data/fafb_sample/swc/720575940619843520.swc	olfactory
data/fafb_sample/swc/720575940616482363.swc	olfactory
data/fafb_sample/swc/720575940619163783.swc	olfactory
data/fafb_sample/swc/720575940640837027.swc	olfactory
data/fafb_sample/swc/720575940622360358.swc	olfactory
data/fafb_sample/swc/720575940645214243.swc	olfactory
data/fafb_sample/swc/720575940612166553.swc	olfactory
data/fafb_sample/swc/720575940630496975.swc	olfactory
data/fafb_sample/swc/720575940630014917.swc	olfactory
data/fafb_sample/swc/720575940629832252.swc	olfactory
data/fafb_sample/swc/720575940639487440.swc	olfactory
data/fafb_sample/swc/720575940618701703.swc	olfactory
data/fafb_sample/swc/720575940611111907.swc	olfactory
data/fafb_sample/swc/720575940619725844.swc	olfactory
data/fafb_sample/swc/720575940620386742.swc	olfactory
data/fafb_sample/swc/720575940645941102.swc	olfactory
data/fafb_sample/swc/720575940614932898.swc	olfactory
data/fafb_sample/swc/720575940638214470.swc	olfactory
data/fafb_sample/swc/720575940622248709.swc	olfactory
data/fafb_sample/swc/720575940619445382.swc	olfactory
data/fafb_sample/swc/720575940620714921.swc	olfactory
data/fafb_sample/swc/720575940610756814.swc	olfactory
data/fafb_sample/swc/720575940619638950.swc	olfactory
data/fafb_sample/swc/720575940620096097.swc	olfactory
data/fafb_sample/swc/720575940642455200.swc	olfactory
data/fafb_sample/swc/720575940616599069.swc	olfactory
data/fafb_sample/swc/720575940621204556.swc	olfactory
data/fafb_sample/swc/720575940630662737.swc	olfactory
data/fafb_sample/swc/720575940630465500.swc	olfactory
data/fafb_sample/swc/720575940610059726.swc	olfactory
data/fafb_sample/swc/720575940619563429.swc	olfactory
data/fafb_sample/swc/720575940614831291.swc	olfactory
data/fafb_sample/swc/720575940627048018.swc	olfactory
data/fafb_sample/swc/720575940610604437.swc	olfactory
data/fafb_sample/swc/720575940659447937.swc	olfactory
data/fafb_sample/swc/720575940623205705.swc	olfactory
data/fafb_sample/swc/720575940646039075.swc	olfactory
data/fafb_sample/swc/720575940612096370.swc	olfactory
data/fafb_sample/swc/720575940628061968.swc	olfactory
data/fafb_sample/swc/720575940628597291.swc	olfactory
data/fafb_sample/swc/720575940620511732.swc	olfactory
data/fafb_sample/swc/720575940632002152.swc	olfactory
data/fafb_sample/swc/720575940628683002.swc	olfactory
data/fafb_sample/swc/720575940622230310.swc	olfactory
data/fafb_sample/swc/720575940614778124.swc	olfactory
data/fafb_sample/swc/720575940619632148.swc	olfactory
data/fafb_sample/swc/720575940632315106.swc	olfactory
data/fafb_sample/swc/720575940616740491.swc	olfactory
data/fafb_sample/swc/720575940623298253.swc	olfactory
data/fafb_sample/swc/720575940620685739.swc	olfactory
data/fafb_sample/swc/720575940626606223.swc	olfactory
data/fafb_sample/swc/720575940628673786.swc	olfactory
data/fafb_sample/swc/720575940626811023.swc	olfactory
data/fafb_sample/swc/720575940627334782.swc	olfactory
data/fafb_sample/swc/720575940633036371.swc	olfactory
data/fafb_sample/swc/720575940625502595.swc	olfactory
data/fafb_sample/swc/720575940623705894.swc	olfactory
data/fafb_sample/swc/720575940644076398.swc	olfactory
data/fafb_sample/swc/720575940645808931.swc	olfactory
data/fafb_sample/swc/720575940621515190.swc	olfactory
data/fafb_sample/swc/720575940614102930.swc	olfactory
data/fafb_sample/swc/720575940623037283.swc	olfactory
data/fafb_sample/swc/720575940637887872.swc	olfactory
data/fafb_sample/swc/720575940615657119.swc	olfactory
data/fafb_sample/swc/720575940628553731.swc	olfactory
data/fafb_sample/swc/720575940611773354.swc	olfactory
data/fafb_sample/swc/720575940631084684.swc	olfactory
data/fafb_sample/swc/720575940620543067.swc	olfactory
data/fafb_sample/swc/720575940620614571.swc	olfactory
data/fafb_sample/swc/720575940643183140.swc	olfactory
data/fafb_sample/swc/720575940658814849.swc	olfactory
data/fafb_sample/swc/720575940641779445.swc	olfactory
data/fafb_sample/swc/720575940639076669.swc	olfactory
data/fafb_sample/swc/720575940614634346.swc	olfactory
data/fafb_sample/swc/720575940617208098.swc	olfactory
data/fafb_sample/swc/720575940629854953.swc	olfactory
data/fafb_sample/swc/720575940628164907.swc	olfactory
data/fafb_sample/swc/720575940620774326.swc	olfactory
data/fafb_sample/swc/720575940633983639.swc	olfactory
data/fafb_sample/swc/720575940611160952.swc	olfactory
data/fafb_sample/swc/720575940619169985.swc	olfactory
data/fafb_sample/swc/720575940625953466.swc	olfactory
data/fafb_sample/swc/720575940607310603.swc	olfactory
data/fafb_sample/swc/720575940646514740.swc	olfactory
data/fafb_sample/swc/720575940630331643.swc	olfactory
data/fafb_sample/swc/720575940624964362.swc	olfactory
data/fafb_sample/swc/720575940631247431.swc	olfactory
data/fafb_sample/swc/720575940641743579.swc	olfactory
data/fafb_sample/swc/720575940630990732.swc	olfactory
data/fafb_sample/swc/720575940626307922.swc	olfactory
data/fafb_sample/swc/720575940616275174.swc	olfactory
data/fafb_sample/swc/720575940623087069.swc	olfactory
data/fafb_sample/swc/720575940627636476.swc	olfactory
data/fafb_sample/swc/720575940623147959.swc	olfactory
data/fafb_sample/swc/720575940659150977.swc	olfactory
data/fafb_sample/swc/720575940637374441.swc	olfactory
data/fafb_sample/swc/720575940628703993.swc	olfactory
data/fafb_sample/swc/720575940623334837.swc	olfactory
data/fafb_sample/swc/720575940634078303.swc	olfactory
data/fafb_sample/swc/720575940631941587.swc	olfactory
data/fafb_sample/swc/720575940646120324.swc	olfactory
data/fafb_sample/swc/720575940616295110.swc	olfactory
data/fafb_sample/swc/720575940625581208.swc	olfactory
data/fafb_sample/swc/720575940647097732.swc	olfactory
data/fafb_sample/swc/720575940619430571.swc	olfactory
data/fafb_sample/swc/720575940619969329.swc	olfactory
data/fafb_sample/swc/720575940626812072.swc	olfactory
data/fafb_sample/swc/720575940629009769.swc	olfactory
data/fafb_sample/swc/720575940612742297.swc	olfactory
data/fafb_sample/swc/720575940638422387.swc	olfactory
data/fafb_sample/swc/720575940653829537.swc	olfactory
data/fafb_sample/swc/720575940633940761.swc	olfactory
data/fafb_sample/swc/720575940616398898.swc	olfactory
data/fafb_sample/swc/720575940629724411.swc	olfactory
data/fafb_sample/swc/720575940611161237.swc	olfactory
data/fafb_sample/swc/720575940620348342.swc	olfactory
data/fafb_sample/swc/720575940613974890.swc	olfactory
data/fafb_sample/swc/720575940637639396.swc	olfactory
data/fafb_sample/swc/720575940617340646.swc	olfactory
data/fafb_sample/swc/720575940622211845.swc	olfactory
data/fafb_sample/swc/720575940622494215.swc	olfactory
data/fafb_sample/swc/720575940629782748.swc	olfactory
data/fafb_sample/swc/720575940620101614.swc	olfactory
data/fafb_sample/swc/720575940612204723.swc	olfactory
data/fafb_sample/swc/720575940624917031.swc	olfactory
data/fafb_sample/swc/720575940622399172.swc	olfactory
data/fafb_sample/swc/720575940619270535.swc	olfactory
data/fafb_sample/swc/720575940633523808.swc	olfactory
data/fafb_sample/swc/720575940626162707.swc	olfactory
data/fafb_sample/swc/720575940626619411.swc	olfactory
data/fafb_sample/swc/720575940623071270.swc	olfactory
data/fafb_sample/swc/720575940635146926.swc	olfactory
data/fafb_sample/swc/720575940638249917.swc	olfactory
data/fafb_sample/swc/720575940630461994.swc	olfactory
data/fafb_sample/swc/720575940623943914.swc	olfactory
data/fafb_sample/swc/720575940615825211.swc	olfactory
data/fafb_sample/swc/720575940616095318.swc	olfactory
data/fafb_sample/swc/720575940645345332.swc	olfactory
data/fafb_sample/swc/720575940629707068.swc	olfactory
data/fafb_sample/swc/720575940624304432.swc	olfactory
data/fafb_sample/swc/720575940627454888.swc	olfactory
data/fafb_sample/swc/720575940633313376.swc	olfactory
data/fafb_sample/swc/720575940626680453.swc	olfactory
data/fafb_sample/swc/720575940635304116.swc	olfactory
data/fafb_sample/swc/720575940617022277.swc	olfactory
data/fafb_sample/swc/720575940620096341.swc	olfactory
data/fafb_sample/swc/720575940629443628.swc	olfactory
data/fafb_sample/swc/720575940624121358.swc	olfactory
data/fafb_sample/swc/720575940608607445.swc	olfactory
data/fafb_sample/swc/720575940621594281.swc	olfactory
data/fafb_sample/swc/720575940626349957.swc	olfactory
data/fafb_sample/swc/720575940641403021.swc	olfactory
data/fafb_sample/swc/720575940628632702.swc	olfactory
data/fafb_sample/swc/720575940631639570.swc	olfactory
data/fafb_sample/swc/720575940627318696.swc	olfactory
data/fafb_sample/swc/720575940627896634.swc	olfactory
data/fafb_sample/swc/720575940633813309.swc	olfactory
data/fafb_sample/swc/720575940625825820.swc	olfactory
data/fafb_sample/swc/720575940617733593.swc	olfactory
data/fafb_sample/swc/720575940629767161.swc	olfactory
data/fafb_sample/swc/720575940638807485.swc	olfactory
data/fafb_sample/swc/720575940610255058.swc	olfactory
data/fafb_sample/swc/720575940614926790.swc	olfactory
data/fafb_sample/swc/720575940603430112.swc	olfactory
data/fafb_sample/swc/720575940623610919.swc	olfactory
data/fafb_sample/swc/720575940623603495.swc	olfactory
data/fafb_sample/swc/720575940622695861.swc	olfactory
data/fafb_sample/swc/720575940636388750.swc	olfactory
data/fafb_sample/swc/720575940621629189.swc	olfactory
data/fafb_sample/swc/720575940623457609.swc	olfactory
data/fafb_sample/swc/720575940631620712.swc	olfactory
data/fafb_sample/swc/720575940622052521.swc	olfactory
data/fafb_sample/swc/720575940630062587.swc	olfactory
data/fafb_sample/swc/720575940616534201.swc	olfactory
data/fafb_sample/swc/720575940634574004.swc	olfactory
data/fafb_sample/swc/720575940645196567.swc	olfactory
data/fafb_sample/swc/720575940625890712.swc	olfactory
data/fafb_sample/swc/720575940621540446.swc	olfactory
data/fafb_sample/swc/720575940619976686.swc	olfactory
data/fafb_sample/swc/720575940624975909.swc	olfactory
data/fafb_sample/swc/720575940635459947.swc	olfactory
data/fafb_sample/swc/720575940638678179.swc	olfactory
data/fafb_sample/swc/720575940625888089.swc	olfactory
data/fafb_sample/swc/720575940621368685.swc	olfactory
data/fafb_sample/swc/720575940618802123.swc	olfactory
data/fafb_sample/swc/720575940611369938.swc	olfactory
data/fafb_sample/swc/720575940629310969.swc	olfactory
data/fafb_sample/swc/720575940615994907.swc	olfactory
data/fafb_sample/swc/720575940624990782.swc	olfactory
data/fafb_sample/swc/720575940624694078.swc	olfactory
data/fafb_sample/swc/720575940630912908.swc	olfactory
data/fafb_sample/swc/720575940622269734.swc	olfactory
data/fafb_sample/swc/720575940644902179.swc	olfactory
data/fafb_sample/swc/720575940623801276.swc	olfactory
data/fafb_sample/swc/720575940617362150.swc	olfactory
data/fafb_sample/swc/720575940618903345.swc	olfactory
data/fafb_sample/swc/720575940628565776.swc	olfactory
data/fafb_sample/swc/720575940616480852.swc	olfactory
data/fafb_sample/swc/720575940612559587.swc	olfactory
data/fafb_sample/swc/720575940616093746.swc	olfactory
data/fafb_sample/swc/720575940604499936.swc	olfactory
data/fafb_sample/swc/720575940635593358.swc	olfactory
data/fafb_sample/swc/720575940627586091.swc	olfactory
data/fafb_sample/swc/720575940650822265.swc	olfactory
data/fafb_sample/swc/720575940630759485.swc	olfactory
data/fafb_sample/swc/720575940611578794.swc	olfactory
data/fafb_sample/swc/720575940626873488.swc	olfactory
data/fafb_sample/swc/720575940617141789.swc	olfactory
data/fafb_sample/swc/720575940626240522.swc	olfactory
data/fafb_sample/swc/720575940631393823.swc	olfactory
data/fafb_sample/swc/720575940621098879.swc	olfactory
data/fafb_sample/swc/720575940604552894.swc	olfactory
data/fafb_sample/swc/720575940619793134.swc	olfactory
data/fafb_sample/swc/720575940636256398.swc	olfactory
data/fafb_sample/swc/720575940626202237.swc	olfactory
data/fafb_sample/swc/720575940616417169.swc	olfactory
data/fafb_sample/swc/720575940619761473.swc	olfactory
data/fafb_sample/swc/720575940614548765.swc	olfactory
data/fafb_sample/swc/720575940621921501.swc	olfactory
data/fafb_sample/swc/720575940612633494.swc	olfactory
data/fafb_sample/swc/720575940631931183.swc	olfactory
data/fafb_sample/swc/720575940615794619.swc	olfactory
data/fafb_sample/swc/720575940613666666.swc	olfactory
data/fafb_sample/swc/720575940605266865.swc	olfactory
data/fafb_sample/swc/720575940627777265.swc	olfactory
data/fafb_sample/swc/720575940624702541.swc	olfactory
data/fafb_sample/swc/720575940630105931.swc	olfactory
data/fafb_sample/swc/720575940626252062.swc	olfactory
data/fafb_sample/swc/720575940614212514.swc	olfactory
data/fafb_sample/swc/720575940654194337.swc	olfactory
data/fafb_sample/swc/720575940617650407.swc	olfactory
data/fafb_sample/swc/720575940619298731.swc	olfactory
data/fafb_sample/swc/720575940632014284.swc	olfactory
data/fafb_sample/swc/720575940616903465.swc	olfactory
data/fafb_sample/swc/720575940628621316.swc	olfactory
data/fafb_sample/swc/720575940624045155.swc	olfactory
data/fafb_sample/swc/720575940628708170.swc	olfactory
data/fafb_sample/swc/720575940619755457.swc	olfactory
data/fafb_sample/swc/720575940604704870.swc	olfactory
data/fafb_sample/swc/720575940609929426.swc	olfactory
data/fafb_sample/swc/720575940625520412.swc	olfactory
data/fafb_sample/swc/720575940623509256.swc	olfactory
data/fafb_sample/swc/720575940623940681.swc	olfactory
data/fafb_sample/swc/720575940627363349.swc	olfactory
data/fafb_sample/swc/720575940616356281.swc	olfactory
data/fafb_sample/swc/720575940628398791.swc	olfactory
data/fafb_sample/swc/720575940605686886.swc	olfactory
data/fafb_sample/swc/720575940653542817.swc	olfactory
data/fafb_sample/swc/720575940634414231.swc	olfactory
data/fafb_sample/swc/720575940616783361.swc	olfactory
data/fafb_sample/swc/720575940608508228.swc	olfactory
data/fafb_sample/swc/720575940632193055.swc	olfactory
data/fafb_sample/swc/720575940611478681.swc	olfactory
data/fafb_sample/swc/720575940640262645.swc	olfactory
data/fafb_sample/swc/720575940623481608.swc	olfactory
data/fafb_sample/swc/720575940626530564.swc	olfactory
data/fafb_sample/swc/720575940627707753.swc	olfactory
data/fafb_sample/swc/720575940625795453.swc	olfactory
data/fafb_sample/swc/720575940628989562.swc	olfactory
data/fafb_sample/swc/720575940631467591.swc	olfactory
data/fafb_sample/swc/720575940616929241.swc	olfactory
data/fafb_sample/swc/720575940614236575.swc	olfactory
data/fafb_sample/swc/720575940622509203.swc	olfactory
data/fafb_sample/swc/720575940635838565.swc	olfactory
data/fafb_sample/swc/720575940613196781.swc	olfactory
data/fafb_sample/swc/720575940631450451.swc	olfactory
data/fafb_sample/swc/720575940610015586.swc	olfactory
data/fafb_sample/swc/720575940618912427.swc	olfactory
data/fafb_sample/swc/720575940606001074.swc	olfactory
data/fafb_sample/swc/720575940621122651.swc	olfactory
data/fafb_sample/swc/720575940645325603.swc	olfactory
data/fafb_sample/swc/720575940622685367.swc	olfactory
data/fafb_sample/swc/720575940632437971.swc	olfactory
data/fafb_sample/swc/720575940634883179.swc	olfactory
data/fafb_sample/swc/720575940631025103.swc	olfactory
data/fafb_sample/swc/720575940634013869.swc	olfactory
data/fafb_sample/swc/720575940616915753.swc	olfactory
data/fafb_sample/swc/720575940624384007.swc	olfactory
data/fafb_sample/swc/720575940626111761.swc	olfactory
data/fafb_sample/swc/720575940636741488.swc	olfactory
data/fafb_sample/swc/720575940639030094.swc	olfactory
data/fafb_sample/swc/720575940619996582.swc	olfactory
data/fafb_sample/swc/720575940617390149.swc	olfactory
data/fafb_sample/swc/720575940627431311.swc	olfactory
data/fafb_sample/swc/720575940633259360.swc	olfactory
data/fafb_sample/swc/720575940631445010.swc	olfactory
data/fafb_sample/swc/720575940620577217.swc	olfactory
data/fafb_sample/swc/720575940638116723.swc	olfactory
data/fafb_sample/swc/720575940611300594.swc	olfactory
data/fafb_sample/swc/720575940626869013.swc	olfactory
data/fafb_sample/swc/720575940634023860.swc	olfactory
data/fafb_sample/swc/720575940629728732.swc	olfactory
data/fafb_sample/swc/720575940629336770.swc	olfactory
data/fafb_sample/swc/720575940629906060.swc	olfactory
data/fafb_sample/swc/720575940659770497.swc	olfactory
data/fafb_sample/swc/720575940616924701.swc	olfactory
data/fafb_sample/swc/720575940629471682.swc	olfactory
data/fafb_sample/swc/720575940626985738.swc	olfactory
data/fafb_sample/swc/720575940620833985.swc	olfactory
data/fafb_sample/swc/720575940623013355.swc	olfactory
data/fafb_sample/swc/720575940628244841.swc	olfactory
data/fafb_sample/swc/720575940646540910.swc	olfactory
data/fafb_sample/swc/720575940626997912.swc	olfactory
data/fafb_sample/swc/720575940631639058.swc	olfactory
data/fafb_sample/swc/720575940639517016.swc	olfactory
data/fafb_sample/swc/720575940627397386.swc	olfactory
data/fafb_sample/swc/720575940637728063.swc	olfactory
data/fafb_sample/swc/720575940608615363.swc	olfactory
data/fafb_sample/swc/720575940628184040.swc	olfactory
data/fafb_sample/swc/720575940619388062.swc	olfactory
data/fafb_sample/swc/720575940638455459.swc	olfactory
data/fafb_sample/swc/720575940623276471.swc	olfactory
data/fafb_sample/swc/720575940622540713.swc	olfactory
data/fafb_sample/swc/720575940620687425.swc	olfactory
data/fafb_sample/swc/720575940611905138.swc	olfactory
data/fafb_sample/swc/720575940634468975.swc	olfactory
data/fafb_sample/swc/720575940613664874.swc	olfactory
data/fafb_sample/swc/720575940629888599.swc	olfactory
data/fafb_sample/swc/720575940615987083.swc	olfactory
data/fafb_sample/swc/720575940610605530.swc	olfactory
data/fafb_sample/swc/720575940604645478.swc	olfactory
data/fafb_sample/swc/720575940618610311.swc	olfactory
data/fafb_sample/swc/720575940616923905.swc	olfactory
data/fafb_sample/swc/720575940617094429.swc	olfactory
data/fafb_sample/swc/720575940616793669.swc	olfactory
data/fafb_sample/swc/720575940624878992.swc	olfactory
data/fafb_sample/swc/720575940638513752.swc	olfactory
data/fafb_sample/swc/720575940617454114.swc	olfactory
data/fafb_sample/swc/720575940659222657.swc	olfactory
data/fafb_sample/swc/720575940605742002.swc	olfactory
data/fafb_sample/swc/720575940644542574.swc	olfactory
data/fafb_sample/swc/720575940638216420.swc	olfactory
data/fafb_sample/swc/720575940638203364.swc	olfactory
data/fafb_sample/swc/720575940629577319.swc	olfactory
data/fafb_sample/swc/720575940615558598.swc	olfactory
data/fafb_sample/swc/720575940620686324.swc	olfactory
data/fafb_sample/swc/720575940617496886.swc	olfactory
data/fafb_sample/swc/720575940651553014.swc	olfactory
data/fafb_sample/swc/720575940630734587.swc	olfactory
data/fafb_sample/swc/720575940617109597.swc	olfactory
data/fafb_sample/swc/720575940617067305.swc	olfactory
data/fafb_sample/swc/720575940626996252.swc	olfactory
data/fafb_sample/swc/720575940625271845.swc	olfactory
data/fafb_sample/swc/720575940603659488.swc	olfactory
data/fafb_sample/swc/720575940625462064.swc	olfactory
data/fafb_sample/swc/720575940635708267.swc	olfactory
data/fafb_sample/swc/720575940622972167.swc	olfactory
data/fafb_sample/swc/720575940621844137.swc	olfactory
data/fafb_sample/swc/720575940638974848.swc	olfactory
data/fafb_sample/swc/720575940625342648.swc	olfactory
data/fafb_sample/swc/720575940627154063.swc	olfactory
data/fafb_sample/swc/720575940615696490.swc	olfactory
data/fafb_sample/swc/720575940632033875.swc	olfactory
data/fafb_sample/swc/720575940616934361.swc	olfactory
data/fafb_sample/swc/720575940610287566.swc	olfactory
data/fafb_sample/swc/720575940632041043.swc	olfactory
data/fafb_sample/swc/720575940624442000.swc	olfactory
data/fafb_sample/swc/720575940620522305.swc	olfactory
data/fafb_sample/swc/720575940623045117.swc	olfactory
data/fafb_sample/swc/720575940621514509.swc	olfactory
data/fafb_sample/swc/720575940624849040.swc	olfactory
data/fafb_sample/swc/720575940639053885.swc	olfactory
data/fafb_sample/swc/720575940614735372.swc	olfactory
data/fafb_sample/swc/720575940645612579.swc	olfactory
data/fafb_sample/swc/720575940626282633.swc	olfactory
data/fafb_sample/swc/720575940613699807.swc	olfactory
data/fafb_sample/swc/720575940638487384.swc	olfactory
data/fafb_sample/swc/720575940620197104.swc	olfactory
data/fafb_sample/swc/720575940631240296.swc	olfactory
data/fafb_sample/swc/720575940628976887.swc	olfactory
data/fafb_sample/swc/720575940616203067.swc	olfactory
data/fafb_sample/swc/720575940616536209.swc	olfactory
data/fafb_sample/swc/720575940619903664.swc	olfactory
data/fafb_sample/swc/720575940612149014.swc	olfactory
data/fafb_sample/swc/720575940616311513.swc	olfactory
data/fafb_sample/swc/720575940621019120.swc	olfactory
data/fafb_sample/swc/720575940615146562.swc	olfactory
data/fafb_sample/swc/720575940629540546.swc	olfactory
data/fafb_sample/swc/720575940624669966.swc	olfactory
data/fafb_sample/swc/720575940621611614.swc	olfactory
data/fafb_sample/swc/720575940610922202.swc	olfactory
data/fafb_sample/swc/720575940639442595.swc	olfactory
data/fafb_sample/swc/720575940616526292.swc	olfactory
data/fafb_sample/swc/720575940634570744.swc	olfactory
data/fafb_sample/swc/720575940626984274.swc	olfactory
data/fafb_sample/swc/720575940620123558.swc	olfactory
data/fafb_sample/swc/720575940635609975.swc	olfactory
data/fafb_sample/swc/720575940653295009.swc	olfactory
data/fafb_sample/swc/720575940633883744.swc	olfactory
data/fafb_sample/swc/720575940620036417.swc	olfactory
data/fafb_sample/swc/720575940614647658.swc	olfactory
data/fafb_sample/swc/720575940639287667.swc	olfactory
data/fafb_sample/swc/720575940631997068.swc	olfactory
data/fafb_sample/swc/720575940621148781.swc	olfactory
data/fafb_sample/swc/720575940639625286.swc	olfactory
data/fafb_sample/swc/720575940630983471.swc	olfactory
data/fafb_sample/swc/720575940620305099.swc	olfactory
data/fafb_sample/swc/720575940638719064.swc	olfactory
data/fafb_sample/swc/720575940632333395.swc	olfactory
data/fafb_sample/swc/720575940628823674.swc	olfactory
data/fafb_sample/swc/720575940633867927.swc	olfactory
data/fafb_sample/swc/720575940620809381.swc	olfactory
data/fafb_sample/swc/720575940605343921.swc	olfactory
data/fafb_sample/swc/720575940618738853.swc	olfactory
data/fafb_sample/swc/720575940626601093.swc	olfactory
data/fafb_sample/swc/720575940617479169.swc	olfactory
data/fafb_sample/swc/720575940627811995.swc	olfactory
data/fafb_sample/swc/720575940632854156.swc	olfactory
data/fafb_sample/swc/720575940624369968.swc	olfactory
data/fafb_sample/swc/720575940616205405.swc	olfactory
data/fafb_sample/swc/720575940622916075.swc	olfactory
data/fafb_sample/swc/720575940629724247.swc	olfactory
data/fafb_sample/swc/720575940629154810.swc	olfactory
data/fafb_sample/swc/720575940619419757.swc	olfactory
data/fafb_sample/swc/720575940616364545.swc	olfactory
data/fafb_sample/swc/720575940607818965.swc	olfactory
data/fafb_sample/swc/720575940619243691.swc	olfactory
data/fafb_sample/swc/720575940611559653.swc	olfactory
data/fafb_sample/swc/720575940627316303.swc	olfactory
data/fafb_sample/swc/720575940614548253.swc	olfactory
data/fafb_sample/swc/720575940629677509.swc	olfactory
data/fafb_sample/swc/720575940627787343.swc	olfactory
data/fafb_sample/swc/720575940616601345.swc	olfactory
data/fafb_sample/swc/720575940625496762.swc	olfactory
data/fafb_sample/swc/720575940622421542.swc	olfactory
data/fafb_sample/swc/720575940639025998.swc	olfactory
data/fafb_sample/swc/720575940614122803.swc	olfactory
data/fafb_sample/swc/720575940629266767.swc	olfactory
data/fafb_sample/swc/720575940608928324.swc	olfactory
data/fafb_sample/swc/720575940622809046.swc	olfactory
data/fafb_sample/swc/720575940626688529.swc	olfactory
data/fafb_sample/swc/720575940641776373.swc	olfactory
data/fafb_sample/swc/720575940630044409.swc	olfactory
data/fafb_sample/swc/720575940626411097.swc	olfactory
data/fafb_sample/swc/720575940619297963.swc	olfactory
data/fafb_sample/swc/720575940623816596.swc	olfactory
data/fafb_sample/swc/720575940620882714.swc	olfactory
data/fafb_sample/swc/720575940630960780.swc	olfactory
data/fafb_sample/swc/720575940617737873.swc	olfactory
data/fafb_sample/swc/720575940629677655.swc	olfactory
data/fafb_sample/swc/720575940618512331.swc	olfactory
data/fafb_sample/swc/720575940609040835.swc	olfactory
data/fafb_sample/swc/720575940636305118.swc	olfactory
data/fafb_sample/swc/720575940610124868.swc	olfactory
data/fafb_sample/swc/720575940632889313.swc	olfactory
data/fafb_sample/swc/720575940630869522.swc	olfactory
data/fafb_sample/swc/720575940627870952.swc	olfactory
data/fafb_sample/swc/720575940623820725.swc	olfactory
data/fafb_sample/swc/720575940628431671.swc	olfactory
data/fafb_sample/swc/720575940629337470.swc	olfactory
data/fafb_sample/swc/720575940621166719.swc	olfactory
data/fafb_sample/swc/720575940632252068.swc	olfactory
data/fafb_sample/swc/720575940632458195.swc	olfactory
data/fafb_sample/swc/720575940637747526.swc	olfactory
data/fafb_sample/swc/720575940644366536.swc	olfactory
data/fafb_sample/swc/720575940629918459.swc	olfactory
data/fafb_sample/swc/720575940615089970.swc	olfactory
data/fafb_sample/swc/720575940621398366.swc	olfactory
data/fafb_sample/swc/720575940622761864.swc	olfactory
data/fafb_sample/swc/720575940648191609.swc	olfactory
data/fafb_sample/swc/720575940607510027.swc	olfactory
data/fafb_sample/swc/720575940644429934.swc	olfactory
data/fafb_sample/swc/720575940624163854.swc	olfactory
data/fafb_sample/swc/720575940622959574.swc	olfactory
data/fafb_sample/swc/720575940629232492.swc	olfactory
data/fafb_sample/swc/720575940654436769.swc	olfactory
data/fafb_sample/swc/720575940629528827.swc	olfactory
data/fafb_sample/swc/720575940621556928.swc	olfactory
data/fafb_sample/swc/720575940635561584.swc	olfactory
data/fafb_sample/swc/720575940629853015.swc	olfactory
data/fafb_sample/swc/720575940614255522.swc	olfactory
data/fafb_sample/swc/720575940620224677.swc	olfactory
data/fafb_sample/swc/720575940617172381.swc	olfactory
data/fafb_sample/swc/720575940620139503.swc	olfactory
data/fafb_sample/swc/720575940628202089.swc	olfactory
data/fafb_sample/swc/720575940626868361.swc	olfactory
data/fafb_sample/swc/720575940613481256.swc	olfactory
data/fafb_sample/swc/720575940608253891.swc	olfactory
data/fafb_sample/swc/720575940627140348.swc	olfactory
data/fafb_sample/swc/720575940621914392.swc	olfactory
data/fafb_sample/swc/720575940619539182.swc	olfactory
data/fafb_sample/swc/720575940616254016.swc	olfactory
data/fafb_sample/swc/720575940642936520.swc	olfactory
data/fafb_sample/swc/720575940650003577.swc	olfactory
data/fafb_sample/swc/720575940634407263.swc	olfactory
data/fafb_sample/swc/720575940616899073.swc	olfactory
data/fafb_sample/swc/720575940633998687.swc	olfactory
data/fafb_sample/swc/720575940616908939.swc	olfactory
data/fafb_sample/swc/720575940631253967.swc	olfactory
data/fafb_sample/swc/720575940621821004.swc	olfactory
data/fafb_sample/swc/720575940619280110.swc	olfactory
data/fafb_sample/swc/720575940631217782.swc	olfactory
data/fafb_sample/swc/720575940631727308.swc	olfactory
data/fafb_sample/swc/720575940634991215.swc	olfactory
data/fafb_sample/swc/720575940626996632.swc	olfactory
data/fafb_sample/swc/720575940623265258.swc	olfactory
data/fafb_sample/swc/720575940612137714.swc	olfactory
data/fafb_sample/swc/720575940641592973.swc	olfactory
data/fafb_sample/swc/720575940645576756.swc	olfactory
data/fafb_sample/swc/720575940627494249.swc	olfactory
data/fafb_sample/swc/720575940626692485.swc	olfactory
data/fafb_sample/swc/720575940614427055.swc	olfactory
data/fafb_sample/swc/720575940637013726.swc	olfactory
data/fafb_sample/swc/720575940615394463.swc	olfactory
data/fafb_sample/swc/720575940623413384.swc	olfactory
data/fafb_sample/swc/720575940619111883.swc	olfactory
data/fafb_sample/swc/720575940626501458.swc	olfactory
data/fafb_sample/swc/720575940615257395.swc	olfactory
data/fafb_sample/swc/720575940618539422.swc	olfactory
data/fafb_sample/swc/720575940621766680.swc	olfactory
data/fafb_sample/swc/720575940629904748.swc	olfactory
data/fafb_sample/swc/720575940604662444.swc	olfactory
data/fafb_sample/swc/720575940616866049.swc	olfactory
data/fafb_sample/swc/720575940629199810.swc	olfactory
data/fafb_sample/swc/720575940621554693.swc	olfactory
data/fafb_sample/swc/720575940622550251.swc	olfactory
data/fafb_sample/swc/720575940606483890.swc	olfactory
data/fafb_sample/swc/720575940613201814.swc	olfactory
data/fafb_sample/swc/720575940631166535.swc	olfactory
data/fafb_sample/swc/720575940623361427.swc	olfactory
data/fafb_sample/swc/720575940649430393.swc	olfactory
data/fafb_sample/swc/720575940606167142.swc	olfactory
data/fafb_sample/swc/720575940633250530.swc	olfactory
data/fafb_sample/swc/720575940630720810.swc	olfactory
data/fafb_sample/swc/720575940639093411.swc	olfactory
data/fafb_sample/swc/720575940614019112.swc	olfactory
data/fafb_sample/swc/720575940617616345.swc	olfactory
data/fafb_sample/swc/720575940626703637.swc	olfactory
data/fafb_sample/swc/720575940635323255.swc	olfactory
data/fafb_sample/swc/720575940626138378.swc	olfactory
data/fafb_sample/swc/720575940615094166.swc	olfactory
data/fafb_sample/swc/720575940622403881.swc	olfactory
data/fafb_sample/swc/720575940634913911.swc	olfactory
data/fafb_sample/swc/720575940630947375.swc	olfactory
data/fafb_sample/swc/720575940655010209.swc	olfactory
data/fafb_sample/swc/720575940628909623.swc	olfactory
data/fafb_sample/swc/720575940633557986.swc	olfactory
data/fafb_sample/swc/720575940635081464.swc	olfactory
data/fafb_sample/swc/720575940622538790.swc	olfactory
data/fafb_sample/swc/720575940631314479.swc	olfactory
data/fafb_sample/swc/720575940622046633.swc	olfactory
data/fafb_sample/swc/720575940622526355.swc	olfactory
data/fafb_sample/swc/720575940617642580.swc	olfactory
data/fafb_sample/swc/720575940633353568.swc	olfactory
data/fafb_sample/swc/720575940659164545.swc	olfactory
data/fafb_sample/swc/720575940629274935.swc	olfactory
data/fafb_sample/swc/720575940625275280.swc	olfactory
data/fafb_sample/swc/720575940620250294.swc	olfactory
data/fafb_sample/swc/720575940631512376.swc	olfactory
data/fafb_sample/swc/720575940637704676.swc	olfactory
data/fafb_sample/swc/720575940622268454.swc	olfactory
data/fafb_sample/swc/720575940626829992.swc	olfactory
data/fafb_sample/swc/720575940638772387.swc	olfactory
data/fafb_sample/swc/720575940629098618.swc	olfactory
data/fafb_sample/swc/720575940627948367.swc	olfactory
data/fafb_sample/swc/720575940617730141.swc	olfactory
data/fafb_sample/swc/720575940632897561.swc	olfactory
data/fafb_sample/swc/720575940637002574.swc	olfactory
data/fafb_sample/swc/720575940645559662.swc	olfactory
data/fafb_sample/swc/720575940614037910.swc	olfactory
data/fafb_sample/swc/720575940616923433.swc	olfactory
data/fafb_sample/swc/720575940614742214.swc	olfactory
data/fafb_sample/swc/720575940619675056.swc	olfactory
data/fafb_sample/swc/720575940643980910.swc	olfactory
data/fafb_sample/swc/720575940639083086.swc	olfactory
data/fafb_sample/swc/720575940622332771.swc	olfactory
data/fafb_sample/swc/720575940622655782.swc	olfactory
data/fafb_sample/swc/720575940631012664.swc	olfactory
data/fafb_sample/swc/720575940626822916.swc	olfactory
data/fafb_sample/swc/720575940624091061.swc	olfactory
data/fafb_sample/swc/720575940629099770.swc	olfactory
data/fafb_sample/swc/720575940627251786.swc	olfactory
data/fafb_sample/swc/720575940631236167.swc	olfactory
data/fafb_sample/swc/720575940617895744.swc	olfactory
data/fafb_sample/swc/720575940632389688.swc	olfactory
data/fafb_sample/swc/720575940629452670.swc	olfactory
data/fafb_sample/swc/720575940622682409.swc	olfactory
data/fafb_sample/swc/720575940631468335.swc	olfactory
data/fafb_sample/swc/720575940621325338.swc	olfactory
data/fafb_sample/swc/720575940627732296.swc	olfactory
data/fafb_sample/swc/720575940632284717.swc	olfactory
data/fafb_sample/swc/720575940628429056.swc	olfactory
data/fafb_sample/swc/720575940621860009.swc	olfactory
data/fafb_sample/swc/720575940615639199.swc	olfactory
data/fafb_sample/swc/720575940621423999.swc	olfactory
data/fafb_sample/swc/720575940623242476.swc	olfactory
data/fafb_sample/swc/720575940635978638.swc	olfactory
data/fafb_sample/swc/720575940639448528.swc	olfactory
data/fafb_sample/swc/720575940611985174.swc	olfactory
data/fafb_sample/swc/720575940642599328.swc	olfactory
data/fafb_sample/swc/720575940625813081.swc	olfactory
data/fafb_sample/swc/720575940628953088.swc	olfactory
data/fafb_sample/swc/720575940638804669.swc	olfactory
data/fafb_sample/swc/720575940628874601.swc	olfactory
data/fafb_sample/swc/720575940630339525.swc	olfactory
data/fafb_sample/swc/720575940633817405.swc	olfactory
data/fafb_sample/swc/720575940611406821.swc	olfactory
data/fafb_sample/swc/720575940622134285.swc	olfactory
data/fafb_sample/swc/720575940611966194.swc	olfactory
data/fafb_sample/swc/720575940614675818.swc	olfactory
data/fafb_sample/swc/720575940621165951.swc	olfactory
data/fafb_sample/swc/720575940631228719.swc	olfactory
data/fafb_sample/swc/720575940618343734.swc	olfactory
data/fafb_sample/swc/720575940639068112.swc	olfactory
data/fafb_sample/swc/720575940617724628.swc	olfactory
data/fafb_sample/swc/720575940628009771.swc	olfactory
data/fafb_sample/swc/720575940624062612.swc	olfactory
data/fafb_sample/swc/720575940610873237.swc	olfactory
data/fafb_sample/swc/720575940628288923.swc	olfactory
data/fafb_sample/swc/720575940619970324.swc	olfactory
data/fafb_sample/swc/720575940620654145.swc	olfactory
data/fafb_sample/swc/720575940626872593.swc	olfactory
data/fafb_sample/swc/720575940622242253.swc	olfactory
data/fafb_sample/swc/720575940626779644.swc	olfactory
data/fafb_sample/swc/720575940625671426.swc	olfactory
data/fafb_sample/swc/720575940622565514.swc	olfactory
data/fafb_sample/swc/720575940611116386.swc	olfactory
data/fafb_sample/swc/720575940626756117.swc	olfactory
data/fafb_sample/swc/720575940634775476.swc	olfactory
data/fafb_sample/swc/720575940626399550.swc	olfactory
data/fafb_sample/swc/720575940636165743.swc	olfactory
data/fafb_sample/swc/720575940622099294.swc	olfactory
data/fafb_sample/swc/720575940626851471.swc	olfactory
data/fafb_sample/swc/720575940620519088.swc	olfactory
data/fafb_sample/swc/720575940607896843.swc	olfactory
data/fafb_sample/swc/720575940625495298.swc	olfactory
data/fafb_sample/swc/720575940613108186.swc	olfactory
data/fafb_sample/swc/720575940620030384.swc	olfactory
data/fafb_sample/swc/720575940603356128.swc	olfactory
data/fafb_sample/swc/720575940628707600.swc	olfactory
data/fafb_sample/swc/720575940654849697.swc	olfactory
data/fafb_sample/swc/720575940622987007.swc	olfactory
data/fafb_sample/swc/720575940638069875.swc	olfactory
data/fafb_sample/swc/720575940630177068.swc	olfactory
data/fafb_sample/swc/720575940616857757.swc	olfactory
data/fafb_sample/swc/720575940617180445.swc	olfactory
data/fafb_sample/swc/720575940629000318.swc	olfactory
data/fafb_sample/swc/720575940616228213.swc	olfactory
data/fafb_sample/swc/720575940614054685.swc	olfactory
data/fafb_sample/swc/720575940619903215.swc	olfactory
data/fafb_sample/swc/720575940632624813.swc	olfactory
data/fafb_sample/swc/720575940607865180.swc	olfactory
data/fafb_sample/swc/720575940616045106.swc	olfactory
data/fafb_sample/swc/720575940609590596.swc	olfactory
data/fafb_sample/swc/720575940619451233.swc	olfactory
data/fafb_sample/swc/720575940630462572.swc	olfactory
data/fafb_sample/swc/720575940614257986.swc	olfactory
data/fafb_sample/swc/720575940626925480.swc	olfactory
data/fafb_sample/swc/720575940630664273.swc	olfactory
data/fafb_sample/swc/720575940622063871.swc	olfactory
data/fafb_sample/swc/720575940607090306.swc	olfactory
data/fafb_sample/swc/720575940638867526.swc	olfactory
data/fafb_sample/swc/720575940630370379.swc	olfactory
data/fafb_sample/swc/720575940610241860.swc	olfactory
data/fafb_sample/swc/720575940622833577.swc	olfactory
data/fafb_sample/swc/720575940644316360.swc	olfactory
data/fafb_sample/swc/720575940632731105.swc	olfactory
data/fafb_sample/swc/720575940640113616.swc	olfactory
data/fafb_sample/swc/720575940616923945.swc	olfactory
data/fafb_sample/swc/720575940635745855.swc	olfactory
data/fafb_sample/swc/720575940648931705.swc	olfactory
data/fafb_sample/swc/720575940631943213.swc	olfactory
data/fafb_sample/swc/720575940619304212.swc	olfactory
data/fafb_sample/swc/720575940627648522.swc	olfactory
data/fafb_sample/swc/720575940636679390.swc	olfactory
data/fafb_sample/swc/720575940618784891.swc	olfactory
data/fafb_sample/swc/720575940614569414.swc	olfactory
data/fafb_sample/swc/720575940607958229.swc	olfactory
data/fafb_sample/swc/720575940628372327.swc	olfactory
data/fafb_sample/swc/720575940639836624.swc	olfactory
data/fafb_sample/swc/720575940621531312.swc	olfactory
data/fafb_sample/swc/720575940629521260.swc	olfactory
data/fafb_sample/swc/720575940631964371.swc	olfactory
data/fafb_sample/swc/720575940609065774.swc	olfactory
data/fafb_sample/swc/720575940610108002.swc	olfactory
data/fafb_sample/swc/720575940635592805.swc	olfactory
data/fafb_sample/swc/720575940622204612.swc	olfactory
data/fafb_sample/swc/720575940620055905.swc	olfactory
data/fafb_sample/swc/720575940629497431.swc	olfactory
data/fafb_sample/swc/720575940625670842.swc	olfactory
data/fafb_sample/swc/720575940619051009.swc	olfactory
data/fafb_sample/swc/720575940634967915.swc	olfactory
data/fafb_sample/swc/720575940611114389.swc	olfactory
data/fafb_sample/swc/720575940627737073.swc	olfactory
data/fafb_sample/swc/720575940626583059.swc	olfactory
data/fafb_sample/swc/720575940622070004.swc	olfactory
data/fafb_sample/swc/720575940620538806.swc	olfactory
data/fafb_sample/swc/720575940642780832.swc	olfactory
data/fafb_sample/swc/720575940620993718.swc	olfactory
data/fafb_sample/swc/720575940628835840.swc	olfactory
data/fafb_sample/swc/720575940622477508.swc	olfactory
data/fafb_sample/swc/720575940614724038.swc	olfactory
data/fafb_sample/swc/720575940632091951.swc	olfactory
data/fafb_sample/swc/720575940625855833.swc	olfactory
data/fafb_sample/swc/720575940629518892.swc	olfactory
data/fafb_sample/swc/720575940619798381.swc	olfactory
data/fafb_sample/swc/720575940630514191.swc	olfactory
data/fafb_sample/swc/720575940622687880.swc	olfactory
data/fafb_sample/swc/720575940621424397.swc	olfactory
data/fafb_sample/swc/720575940634083479.swc	olfactory
data/fafb_sample/swc/720575940627163560.swc	olfactory
data/fafb_sample/swc/720575940629049335.swc	olfactory
data/fafb_sample/swc/720575940640331995.swc	olfactory
data/fafb_sample/swc/720575940623287187.swc	olfactory
data/fafb_sample/swc/720575940620133568.swc	olfactory
data/fafb_sample/swc/720575940612070769.swc	olfactory
data/fafb_sample/swc/720575940617034013.swc	olfactory
data/fafb_sample/swc/720575940620082096.swc	olfactory
data/fafb_sample/swc/720575940616704581.swc	olfactory
data/fafb_sample/swc/720575940625485657.swc	olfactory
data/fafb_sample/swc/720575940606126514.swc	olfactory
data/fafb_sample/swc/720575940613539478.swc	olfactory
data/fafb_sample/swc/720575940619896047.swc	olfactory
data/fafb_sample/swc/720575940631067715.swc	olfactory
data/fafb_sample/swc/720575940628390811.swc	olfactory
data/fafb_sample/swc/720575940623228771.swc	olfactory
data/fafb_sample/swc/720575940623747086.swc	olfactory
data/fafb_sample/swc/720575940621625349.swc	olfactory
data/fafb_sample/swc/720575940639186264.swc	olfactory
data/fafb_sample/swc/720575940659996033.swc	olfactory
data/fafb_sample/swc/720575940621896653.swc	olfactory
data/fafb_sample/swc/720575940616179286.swc	olfactory
data/fafb_sample/swc/720575940622547661.swc	olfactory
data/fafb_sample/swc/720575940624555838.swc	olfactory
data/fafb_sample/swc/720575940619219627.swc	olfactory
data/fafb_sample/swc/720575940609867310.swc	olfactory
data/fafb_sample/swc/720575940638773693.swc	olfactory
data/fafb_sample/swc/720575940631479570.swc	olfactory
data/fafb_sample/swc/720575940615659381.swc	olfactory
data/fafb_sample/swc/720575940607641557.swc	olfactory
data/fafb_sample/swc/720575940634733537.swc	olfactory
data/fafb_sample/swc/720575940639451043.swc	olfactory
data/fafb_sample/swc/720575940615144821.swc	olfactory
data/fafb_sample/swc/720575940630704953.swc	olfactory
data/fafb_sample/swc/720575940628285450.swc	olfactory
data/fafb_sample/swc/720575940621929471.swc	olfactory
data/fafb_sample/swc/720575940624223888.swc	olfactory
data/fafb_sample/swc/720575940632404706.swc	olfactory
data/fafb_sample/swc/720575940625760816.swc	olfactory
data/fafb_sample/swc/720575940622512522.swc	olfactory
data/fafb_sample/swc/720575940628564350.swc	olfactory
data/fafb_sample/swc/720575940625187390.swc	olfactory
data/fafb_sample/swc/720575940620255092.swc	olfactory
data/fafb_sample/swc/720575940648681860.swc	olfactory
data/fafb_sample/swc/720575940617007453.swc	olfactory
data/fafb_sample/swc/720575940619528789.swc	olfactory
data/fafb_sample/swc/720575940612033778.swc	olfactory
data/fafb_sample/swc/720575940622276791.swc	olfactory
data/fafb_sample/swc/720575940620783898.swc	olfactory
data/fafb_sample/swc/720575940632792089.swc	olfactory
data/fafb_sample/swc/720575940616363963.swc	olfactory
data/fafb_sample/swc/720575940630958673.swc	olfactory
data/fafb_sample/swc/720575940636052080.swc	olfactory
data/fafb_sample/swc/720575940625022352.swc	olfactory
data/fafb_sample/swc/720575940613860754.swc	olfactory
data/fafb_sample/swc/720575940616377942.swc	olfactory
data/fafb_sample/swc/720575940626356306.swc	olfactory
data/fafb_sample/swc/720575940623973356.swc	olfactory
data/fafb_sample/swc/720575940636599182.swc	olfactory
data/fafb_sample/swc/720575940605328230.swc	olfactory
data/fafb_sample/swc/720575940621196826.swc	olfactory
data/fafb_sample/swc/720575940606108862.swc	olfactory
data/fafb_sample/swc/720575940606227890.swc	olfactory
data/fafb_sample/swc/720575940621072297.swc	olfactory
data/fafb_sample/swc/720575940628205417.swc	olfactory
data/fafb_sample/swc/720575940621343142.swc	olfactory
data/fafb_sample/swc/720575940605724081.swc	olfactory
data/fafb_sample/swc/720575940628601344.swc	olfactory
data/fafb_sample/swc/720575940620847342.swc	olfactory
data/fafb_sample/swc/720575940611045781.swc	olfactory
data/fafb_sample/swc/720575940638855733.swc	olfactory
data/fafb_sample/swc/720575940607239947.swc	olfactory
data/fafb_sample/swc/720575940614344755.swc	olfactory
data/fafb_sample/swc/720575940626974266.swc	olfactory
data/fafb_sample/swc/720575940604700006.swc	olfactory
data/fafb_sample/swc/720575940630508793.swc	olfactory
data/fafb_sample/swc/720575940638434357.swc	olfactory
data/fafb_sample/swc/720575940622452006.swc	olfactory
data/fafb_sample/swc/720575940617058521.swc	olfactory
data/fafb_sample/swc/720575940639260032.swc	olfactory
data/fafb_sample/swc/720575940628822906.swc	olfactory
data/fafb_sample/swc/720575940621581061.swc	olfactory
data/fafb_sample/swc/720575940644870679.swc	olfactory
data/fafb_sample/swc/720575940611437973.swc	olfactory
data/fafb_sample/swc/720575940621082138.swc	olfactory
data/fafb_sample/swc/720575940632364881.swc	olfactory
data/fafb_sample/swc/720575940627000582.swc	olfactory
data/fafb_sample/swc/720575940638872629.swc	olfactory
data/fafb_sample/swc/720575940630033962.swc	olfactory
data/fafb_sample/swc/720575940621804329.swc	olfactory
data/fafb_sample/swc/720575940632920545.swc	olfactory
data/fafb_sample/swc/720575940605661361.swc	olfactory
data/fafb_sample/swc/720575940615112646.swc	olfactory
data/fafb_sample/swc/720575940615885195.swc	olfactory
data/fafb_sample/swc/720575940621585507.swc	olfactory
data/fafb_sample/swc/720575940623129587.swc	olfactory
data/fafb_sample/swc/720575940620028080.swc	olfactory
data/fafb_sample/swc/720575940613396130.swc	olfactory
data/fafb_sample/swc/720575940623503945.swc	olfactory
data/fafb_sample/swc/720575940628897280.swc	olfactory
data/fafb_sample/swc/720575940620418032.swc	olfactory
data/fafb_sample/swc/720575940626867593.swc	olfactory
data/fafb_sample/swc/720575940618821067.swc	olfactory
data/fafb_sample/swc/720575940622517530.swc	olfactory
data/fafb_sample/swc/720575940626122535.swc	olfactory
data/fafb_sample/swc/720575940625358157.swc	olfactory
data/fafb_sample/swc/720575940639114557.swc	olfactory
data/fafb_sample/swc/720575940626357586.swc	olfactory
data/fafb_sample/swc/720575940619062686.swc	olfactory
data/fafb_sample/swc/720575940612019442.swc	olfactory
data/fafb_sample/swc/720575940632765388.swc	olfactory
data/fafb_sample/swc/720575940625383299.swc	olfactory
data/fafb_sample/swc/720575940628086607.swc	olfactory
data/fafb_sample/swc/720575940620673776.swc	olfactory
data/fafb_sample/swc/720575940634595679.swc	olfactory
data/fafb_sample/swc/720575940627226761.swc	olfactory
data/fafb_sample/swc/720575940638914648.swc	olfactory
data/fafb_sample/swc/720575940609785208.swc	olfactory
data/fafb_sample/swc/720575940623831054.swc	olfactory
data/fafb_sample/swc/720575940624828464.swc	olfactory
data/fafb_sample/swc/720575940632258468.swc	olfactory
data/fafb_sample/swc/720575940634706035.swc	olfactory
data/fafb_sample/swc/720575940624382727.swc	olfactory
data/fafb_sample/swc/720575940644262935.swc	olfactory
data/fafb_sample/swc/720575940643757422.swc	olfactory
data/fafb_sample/swc/720575940627465871.swc	olfactory
data/fafb_sample/swc/720575940623708135.swc	olfactory
data/fafb_sample/swc/720575940621396390.swc	olfactory
data/fafb_sample/swc/720575940613509010.swc	olfactory
data/fafb_sample/swc/720575940654500257.swc	olfactory
data/fafb_sample/swc/720575940619873472.swc	olfactory
data/fafb_sample/swc/720575940617038593.swc	olfactory
data/fafb_sample/swc/720575940617874150.swc	olfactory
data/fafb_sample/swc/720575940632576482.swc	olfactory
data/fafb_sample/swc/720575940620202111.swc	olfactory
data/fafb_sample/swc/720575940616713473.swc	olfactory
data/fafb_sample/swc/720575940630284306.swc	olfactory
data/fafb_sample/swc/720575940630257772.swc	olfactory
data/fafb_sample/swc/720575940606697650.swc	olfactory
data/fafb_sample/swc/720575940628599595.swc	olfactory
data/fafb_sample/swc/720575940626329993.swc	olfactory
data/fafb_sample/swc/720575940626744744.swc	olfactory
data/fafb_sample/swc/720575940623496521.swc	olfactory
data/fafb_sample/swc/720575940616653030.swc	olfactory
data/fafb_sample/swc/720575940616151638.swc	olfactory
data/fafb_sample/swc/720575940624736400.swc	olfactory
data/fafb_sample/swc/720575940626147971.swc	olfactory
data/fafb_sample/swc/720575940629543644.swc	olfactory
data/fafb_sample/swc/720575940608313611.swc	olfactory
data/fafb_sample/swc/720575940643977070.swc	olfactory
data/fafb_sample/swc/720575940612387555.swc	olfactory
data/fafb_sample/swc/720575940639076696.swc	olfactory
data/fafb_sample/swc/720575940638542426.swc	olfactory
data/fafb_sample/swc/720575940625154283.swc	olfactory
data/fafb_sample/swc/720575940632432184.swc	olfactory
data/fafb_sample/swc/720575940625852446.swc	olfactory
data/fafb_sample/swc/720575940615809366.swc	olfactory
data/fafb_sample/swc/720575940631321618.swc	olfactory
data/fafb_sample/swc/720575940624980261.swc	olfactory
data/fafb_sample/swc/720575940619761072.swc	olfactory
data/fafb_sample/swc/720575940607375881.swc	olfactory
data/fafb_sample/swc/720575940635803822.swc	olfactory
data/fafb_sample/swc/720575940621613918.swc	olfactory
data/fafb_sample/swc/720575940620337072.swc	olfactory
data/fafb_sample/swc/720575940630852138.swc	olfactory
data/fafb_sample/swc/720575940628769662.swc	olfactory
data/fafb_sample/swc/720575940628677626.swc	olfactory
data/fafb_sample/swc/720575940629349164.swc	olfactory
data/fafb_sample/swc/720575940617984297.swc	olfactory
data/fafb_sample/swc/720575940619674840.swc	olfactory
data/fafb_sample/swc/720575940643477796.swc	olfactory
data/fafb_sample/swc/720575940623137930.swc	olfactory
data/fafb_sample/swc/720575940644028452.swc	olfactory
data/fafb_sample/swc/720575940613337086.swc	olfactory
data/fafb_sample/swc/720575940643002528.swc	olfactory
data/fafb_sample/swc/720575940617541081.swc	olfactory
data/fafb_sample/swc/720575940622375389.swc	olfactory
data/fafb_sample/swc/720575940626979271.swc	olfactory
data/fafb_sample/swc/720575940617089876.swc	olfactory
data/fafb_sample/swc/720575940611177386.swc	olfactory
data/fafb_sample/swc/720575940624711216.swc	olfactory
data/fafb_sample/swc/720575940631003723.swc	olfactory
data/fafb_sample/swc/720575940620621665.swc	olfactory
data/fafb_sample/swc/720575940628314217.swc	olfactory
data/fafb_sample/swc/720575940625028380.swc	olfactory
data/fafb_sample/swc/720575940615380530.swc	olfactory
data/fafb_sample/swc/720575940626107800.swc	olfactory
data/fafb_sample/swc/720575940639182680.swc	olfactory
data/fafb_sample/swc/720575940617351990.swc	olfactory
data/fafb_sample/swc/720575940621285452.swc	olfactory
data/fafb_sample/swc/720575940620110830.swc	olfactory
data/fafb_sample/swc/720575940619097816.swc	olfactory
data/fafb_sample/swc/720575940627322088.swc	olfactory
data/fafb_sample/swc/720575940635757936.swc	olfactory
data/fafb_sample/swc/720575940616300486.swc	olfactory
data/fafb_sample/swc/720575940633422490.swc	olfactory
data/fafb_sample/swc/720575940628281860.swc	olfactory
data/fafb_sample/swc/720575940638931133.swc	olfactory
data/fafb_sample/swc/720575940625754643.swc	olfactory
data/fafb_sample/swc/720575940627431080.swc	olfactory
data/fafb_sample/swc/720575940621715550.swc	olfactory
data/fafb_sample/swc/720575940617192148.swc	olfactory
data/fafb_sample/swc/720575940626282298.swc	olfactory
data/fafb_sample/swc/720575940620705012.swc	olfactory
data/fafb_sample/swc/720575940634776218.swc	olfactory
data/fafb_sample/swc/720575940628800277.swc	olfactory
data/fafb_sample/swc/720575940620023024.swc	olfactory
data/fafb_sample/swc/720575940630763390.swc	olfactory
data/fafb_sample/swc/720575940612621721.swc	olfactory
data/fafb_sample/swc/720575940633909695.swc	olfactory
data/fafb_sample/swc/720575940636093541.swc	olfactory
data/fafb_sample/swc/720575940621192436.swc	olfactory
data/fafb_sample/swc/720575940631630893.swc	olfactory
data/fafb_sample/swc/720575940641119885.swc	olfactory
data/fafb_sample/swc/720575940634703987.swc	olfactory
data/fafb_sample/swc/720575940624211470.swc	olfactory
data/fafb_sample/swc/720575940625273116.swc	olfactory
data/fafb_sample/swc/720575940626589053.swc	olfactory
data/fafb_sample/swc/720575940618242353.swc	olfactory
data/fafb_sample/swc/720575940627239848.swc	olfactory
data/fafb_sample/swc/720575940617217537.swc	olfactory
data/fafb_sample/swc/720575940624471020.swc	olfactory
data/fafb_sample/swc/720575940633642391.swc	olfactory
data/fafb_sample/swc/720575940621349590.swc	olfactory
data/fafb_sample/swc/720575940625670602.swc	olfactory
data/fafb_sample/swc/720575940627510409.swc	olfactory
data/fafb_sample/swc/720575940623322697.swc	olfactory
data/fafb_sample/swc/720575940623192675.swc	olfactory
data/fafb_sample/swc/720575940606922674.swc	olfactory
data/fafb_sample/swc/720575940633662615.swc	olfactory
data/fafb_sample/swc/720575940619188139.swc	olfactory
data/fafb_sample/swc/720575940628673079.swc	olfactory
data/fafb_sample/swc/720575940642669728.swc	olfactory
data/fafb_sample/swc/720575940620679233.swc	olfactory
data/fafb_sample/swc/720575940620392374.swc	olfactory
data/fafb_sample/swc/720575940629249591.swc	olfactory
data/fafb_sample/swc/720575940608227541.swc	olfactory
data/fafb_sample/swc/720575940621429068.swc	olfactory
data/fafb_sample/swc/720575940616546521.swc	olfactory
data/fafb_sample/swc/720575940633811005.swc	olfactory
data/fafb_sample/swc/720575940626618696.swc	olfactory
data/fafb_sample/swc/720575940625362020.swc	olfactory
data/fafb_sample/swc/720575940637254628.swc	olfactory
data/fafb_sample/swc/720575940646583172.swc	olfactory
data/fafb_sample/swc/720575940612631761.swc	olfactory
data/fafb_sample/swc/720575940609987938.swc	olfactory
data/fafb_sample/swc/720575940654851489.swc	olfactory
data/fafb_sample/swc/720575940623925180.swc	olfactory
data/fafb_sample/swc/720575940633175196.swc	olfactory
data/fafb_sample/swc/720575940614120190.swc	olfactory
data/fafb_sample/swc/720575940611637418.swc	olfactory
data/fafb_sample/swc/720575940615719029.swc	olfactory
data/fafb_sample/swc/720575940637965621.swc	olfactory
data/fafb_sample/swc/720575940623927956.swc	olfactory
data/fafb_sample/swc/720575940616546333.swc	olfactory
data/fafb_sample/swc/720575940623087859.swc	olfactory
data/fafb_sample/swc/720575940623235848.swc	olfactory
data/fafb_sample/swc/720575940603911340.swc	olfactory
data/fafb_sample/swc/720575940628251947.swc	olfactory
data/fafb_sample/swc/720575940634483704.swc	olfactory
data/fafb_sample/swc/720575940636187054.swc	olfactory
data/fafb_sample/swc/720575940631295116.swc	olfactory
data/fafb_sample/swc/720575940622091340.swc	olfactory
data/fafb_sample/swc/720575940625050826.swc	olfactory
data/fafb_sample/swc/720575940614357407.swc	olfactory
data/fafb_sample/swc/720575940652101622.swc	olfactory
data/fafb_sample/swc/720575940626064138.swc	olfactory
data/fafb_sample/swc/720575940626480124.swc	olfactory
data/fafb_sample/swc/720575940622067956.swc	olfactory
data/fafb_sample/swc/720575940621315293.swc	olfactory
data/fafb_sample/swc/720575940629591746.swc	olfactory
data/fafb_sample/swc/720575940611830937.swc	olfactory
data/fafb_sample/swc/720575940630915748.swc	olfactory
data/fafb_sample/swc/720575940618759128.swc	olfactory
data/fafb_sample/swc/720575940630956601.swc	olfactory
data/fafb_sample/swc/720575940628865641.swc	olfactory
data/fafb_sample/swc/720575940616439697.swc	olfactory
data/fafb_sample/swc/720575940607133129.swc	olfactory
data/fafb_sample/swc/720575940624641680.swc	olfactory
data/fafb_sample/swc/720575940624500519.swc	olfactory
data/fafb_sample/swc/720575940610864533.swc	olfactory
data/fafb_sample/swc/720575940617989417.swc	olfactory
data/fafb_sample/swc/720575940628323943.swc	olfactory
data/fafb_sample/swc/720575940623787445.swc	olfactory
data/fafb_sample/swc/720575940619689350.swc	olfactory
data/fafb_sample/swc/720575940631321675.swc	olfactory
data/fafb_sample/swc/720575940631234643.swc	olfactory
data/fafb_sample/swc/720575940624210407.swc	olfactory
data/fafb_sample/swc/720575940627157135.swc	olfactory
data/fafb_sample/swc/720575940646672260.swc	olfactory
data/fafb_sample/swc/720575940628953210.swc	olfactory
data/fafb_sample/swc/720575940631296204.swc	olfactory
data/fafb_sample/swc/720575940628264721.swc	olfactory
data/fafb_sample/swc/720575940638564797.swc	olfactory
data/fafb_sample/swc/720575940611117425.swc	olfactory
data/fafb_sample/swc/720575940626630699.swc	olfactory
data/fafb_sample/swc/720575940619690118.swc	olfactory
data/fafb_sample/swc/720575940627996315.swc	olfactory
data/fafb_sample/swc/720575940627453895.swc	olfactory
data/fafb_sample/swc/720575940635999918.swc	olfactory
data/fafb_sample/swc/720575940605513417.swc	olfactory
data/fafb_sample/swc/720575940607811420.swc	olfactory
data/fafb_sample/swc/720575940638410611.swc	olfactory
data/fafb_sample/swc/720575940615711093.swc	olfactory
data/fafb_sample/swc/720575940614728351.swc	olfactory
data/fafb_sample/swc/720575940634622303.swc	olfactory
data/fafb_sample/swc/720575940629326841.swc	olfactory
data/fafb_sample/swc/720575940612306138.swc	olfactory
data/fafb_sample/swc/720575940649394553.swc	olfactory
data/fafb_sample/swc/720575940610036834.swc	olfactory
data/fafb_sample/swc/720575940619385583.swc	olfactory
data/fafb_sample/swc/720575940631925096.swc	olfactory
data/fafb_sample/swc/720575940659274881.swc	olfactory
data/fafb_sample/swc/720575940646221108.swc	olfactory
data/fafb_sample/swc/720575940622705335.swc	olfactory
data/fafb_sample/swc/720575940615758395.swc	olfactory
data/fafb_sample/swc/720575940615427734.swc	olfactory
data/fafb_sample/swc/720575940615490502.swc	olfactory
data/fafb_sample/swc/720575940618533403.swc	olfactory
data/fafb_sample/swc/720575940615060290.swc	olfactory
data/fafb_sample/swc/720575940632351513.swc	olfactory
data/fafb_sample/swc/720575940617739333.swc	olfactory
data/fafb_sample/swc/720575940620555252.swc	olfactory
data/fafb_sample/swc/720575940620020845.swc	olfactory
data/fafb_sample/swc/720575940635184485.swc	olfactory
data/fafb_sample/swc/720575940613053393.swc	olfactory
data/fafb_sample/swc/720575940631089657.swc	olfactory
data/fafb_sample/swc/720575940628277327.swc	olfactory
data/fafb_sample/swc/720575940653913505.swc	olfactory
data/fafb_sample/swc/720575940612417905.swc	olfactory
data/fafb_sample/swc/720575940624859834.swc	olfactory
data/fafb_sample/swc/720575940628246121.swc	olfactory
data/fafb_sample/swc/720575940644191012.swc	olfactory
data/fafb_sample/swc/720575940617498166.swc	olfactory
data/fafb_sample/swc/720575940624180668.swc	olfactory
data/fafb_sample/swc/720575940626867081.swc	olfactory
data/fafb_sample/swc/720575940617899584.swc	olfactory
data/fafb_sample/swc/720575940622891923.swc	olfactory
data/fafb_sample/swc/720575940617990953.swc	olfactory
data/fafb_sample/swc/720575940639246195.swc	olfactory
data/fafb_sample/swc/720575940625360784.swc	olfactory
data/fafb_sample/swc/720575940618938964.swc	olfactory
data/fafb_sample/swc/720575940624096708.swc	olfactory
data/fafb_sample/swc/720575940617712438.swc	olfactory
data/fafb_sample/swc/720575940621943139.swc	olfactory
data/fafb_sample/swc/720575940630991308.swc	olfactory
data/fafb_sample/swc/720575940629963116.swc	olfactory
data/fafb_sample/swc/720575940616076219.swc	olfactory
data/fafb_sample/swc/720575940624030478.swc	olfactory
data/fafb_sample/swc/720575940631629866.swc	olfactory
data/fafb_sample/swc/720575940633802045.swc	olfactory
data/fafb_sample/swc/720575940620148059.swc	olfactory
data/fafb_sample/swc/720575940619403028.swc	olfactory
data/fafb_sample/swc/720575940616858086.swc	olfactory
data/fafb_sample/swc/720575940623359466.swc	olfactory
data/fafb_sample/swc/720575940632391736.swc	olfactory
data/fafb_sample/swc/720575940625712985.swc	olfactory
data/fafb_sample/swc/720575940625889625.swc	olfactory
data/fafb_sample/swc/720575940630547019.swc	olfactory
data/fafb_sample/swc/720575940619434689.swc	olfactory
data/fafb_sample/swc/720575940623567945.swc	olfactory
data/fafb_sample/swc/720575940635705963.swc	olfactory
data/fafb_sample/swc/720575940621590720.swc	olfactory
data/fafb_sample/swc/720575940616220765.swc	olfactory
data/fafb_sample/swc/720575940626886933.swc	olfactory
data/fafb_sample/swc/720575940612901807.swc	olfactory
data/fafb_sample/swc/720575940645917492.swc	olfactory
data/fafb_sample/swc/720575940624739728.swc	olfactory
data/fafb_sample/swc/720575940632625837.swc	olfactory
data/fafb_sample/swc/720575940619150040.swc	olfactory
data/fafb_sample/swc/720575940627455400.swc	olfactory
data/fafb_sample/swc/720575940609586645.swc	olfactory
data/fafb_sample/swc/720575940611791834.swc	olfactory
data/fafb_sample/swc/720575940611223794.swc	olfactory
data/fafb_sample/swc/720575940628225323.swc	olfactory
data/fafb_sample/swc/720575940617534676.swc	olfactory
data/fafb_sample/swc/720575940626279557.swc	olfactory
data/fafb_sample/swc/720575940629453116.swc	olfactory
data/fafb_sample/swc/720575940621286405.swc	olfactory
data/fafb_sample/swc/720575940616475732.swc	olfactory
data/fafb_sample/swc/720575940637771829.swc	olfactory
data/fafb_sample/swc/720575940625884541.swc	olfactory
data/fafb_sample/swc/720575940629075191.swc	olfactory
data/fafb_sample/swc/720575940623572164.swc	olfactory
data/fafb_sample/swc/720575940609924306.swc	olfactory
data/fafb_sample/swc/720575940638339773.swc	olfactory
data/fafb_sample/swc/720575940628391323.swc	olfactory
data/fafb_sample/swc/720575940631077369.swc	olfactory
data/fafb_sample/swc/720575940608376132.swc	olfactory
data/fafb_sample/swc/720575940613797398.swc	olfactory
data/fafb_sample/swc/720575940605912678.swc	olfactory
data/fafb_sample/swc/720575940630648438.swc	olfactory
data/fafb_sample/swc/720575940638202852.swc	olfactory
data/fafb_sample/swc/720575940631498040.swc	olfactory
data/fafb_sample/swc/720575940624095246.swc	olfactory
data/fafb_sample/swc/720575940613011375.swc	olfactory
data/fafb_sample/swc/720575940614691690.swc	olfactory
data/fafb_sample/swc/720575940632356066.swc	olfactory
data/fafb_sample/swc/720575940616360633.swc	olfactory
data/fafb_sample/swc/720575940622915030.swc	olfactory
data/fafb_sample/swc/720575940630838570.swc	olfactory
data/fafb_sample/swc/720575940620574305.swc	olfactory
data/fafb_sample/swc/720575940633080033.swc	olfactory
data/fafb_sample/swc/720575940623706867.swc	olfactory
data/fafb_sample/swc/720575940616256059.swc	olfactory
data/fafb_sample/swc/720575940630846019.swc	olfactory
data/fafb_sample/swc/720575940631638034.swc	olfactory
data/fafb_sample/swc/720575940613944785.swc	olfactory
data/fafb_sample/swc/720575940633031085.swc	olfactory
data/fafb_sample/swc/720575940623151339.swc	olfactory
data/fafb_sample/swc/720575940638822515.swc	olfactory
data/fafb_sample/swc/720575940617645652.swc	olfactory
data/fafb_sample/swc/720575940614993932.swc	olfactory
data/fafb_sample/swc/720575940621668428.swc	olfactory
data/fafb_sample/swc/720575940637594458.swc	olfactory
data/fafb_sample/swc/720575940628599296.swc	olfactory
data/fafb_sample/swc/720575940623854311.swc	olfactory
data/fafb_sample/swc/720575940611504869.swc	olfactory
data/fafb_sample/swc/720575940617182045.swc	olfactory
data/fafb_sample/swc/720575940613671330.swc	olfactory
data/fafb_sample/swc/720575940630990756.swc	olfactory
data/fafb_sample/swc/720575940621479295.swc	olfactory
data/fafb_sample/swc/720575940620932717.swc	olfactory
data/fafb_sample/swc/720575940625288423.swc	olfactory
data/fafb_sample/swc/720575940613686674.swc	olfactory
data/fafb_sample/swc/720575940614325138.swc	olfactory
data/fafb_sample/swc/720575940631229800.swc	olfactory
data/fafb_sample/swc/720575940633367377.swc	olfactory
data/fafb_sample/swc/720575940619558235.swc	olfactory
data/fafb_sample/swc/720575940631203896.swc	olfactory
data/fafb_sample/swc/720575940625999235.swc	olfactory
data/fafb_sample/swc/720575940631865937.swc	olfactory
data/fafb_sample/swc/720575940603871404.swc	olfactory
data/fafb_sample/swc/720575940614105342.swc	olfactory
data/fafb_sample/swc/720575940614844994.swc	olfactory
data/fafb_sample/swc/720575940633024924.swc	olfactory
data/fafb_sample/swc/720575940625127354.swc	olfactory
data/fafb_sample/swc/720575940626800792.swc	olfactory
data/fafb_sample/swc/720575940619367083.swc	olfactory
data/fafb_sample/swc/720575940639004032.swc	olfactory
data/fafb_sample/swc/720575940608044501.swc	olfactory
data/fafb_sample/swc/720575940617754653.swc	olfactory
data/fafb_sample/swc/720575940649434489.swc	olfactory
data/fafb_sample/swc/720575940617087325.swc	olfactory
data/fafb_sample/swc/720575940614053405.swc	olfactory
data/fafb_sample/swc/720575940613563538.swc	olfactory
data/fafb_sample/swc/720575940639449507.swc	olfactory
data/fafb_sample/swc/720575940646094388.swc	olfactory
data/fafb_sample/swc/720575940611845034.swc	olfactory
data/fafb_sample/swc/720575940620805545.swc	olfactory
data/fafb_sample/swc/720575940628677114.swc	olfactory
data/fafb_sample/swc/720575940624853600.swc	olfactory
data/fafb_sample/swc/720575940616698769.swc	olfactory
data/fafb_sample/swc/720575940624491402.swc	olfactory
data/fafb_sample/swc/720575940615750075.swc	olfactory
data/fafb_sample/swc/720575940616472465.swc	olfactory
data/fafb_sample/swc/720575940639427416.swc	olfactory
data/fafb_sample/swc/720575940627185896.swc	olfactory
data/fafb_sample/swc/720575940626170826.swc	olfactory
data/fafb_sample/swc/720575940637255743.swc	olfactory
data/fafb_sample/swc/720575940614006934.swc	olfactory
data/fafb_sample/swc/720575940626584904.swc	olfactory
data/fafb_sample/swc/720575940623729907.swc	olfactory
data/fafb_sample/swc/720575940627370027.swc	olfactory
data/fafb_sample/swc/720575940605250238.swc	olfactory
data/fafb_sample/swc/720575940635465573.swc	olfactory
data/fafb_sample/swc/720575940628894970.swc	olfactory
data/fafb_sample/swc/720575940633471839.swc	olfactory
data/fafb_sample/swc/720575940625368578.swc	olfactory
data/fafb_sample/swc/720575940631159633.swc	olfactory
data/fafb_sample/swc/720575940639195776.swc	olfactory
data/fafb_sample/swc/720575940613885506.swc	olfactory
data/fafb_sample/swc/720575940617971613.swc	olfactory
data/fafb_sample/swc/720575940616551563.swc	olfactory
data/fafb_sample/swc/720575940641786101.swc	olfactory
data/fafb_sample/swc/720575940616140171.swc	olfactory
data/fafb_sample/swc/720575940621373680.swc	olfactory
data/fafb_sample/swc/720575940626594435.swc	olfactory
data/fafb_sample/swc/720575940635095321.swc	olfactory
data/fafb_sample/swc/720575940629829391.swc	olfactory
data/fafb_sample/swc/720575940653764257.swc	olfactory
data/fafb_sample/swc/720575940631829900.swc	olfactory
data/fafb_sample/swc/720575940625814274.swc	olfactory
data/fafb_sample/swc/720575940620822049.swc	olfactory
data/fafb_sample/swc/720575940628198759.swc	olfactory
data/fafb_sample/swc/720575940622075928.swc	olfactory
data/fafb_sample/swc/720575940628750747.swc	olfactory
data/fafb_sample/swc/720575940627129672.swc	olfactory
data/fafb_sample/swc/720575940619681600.swc	olfactory
data/fafb_sample/swc/720575940630696645.swc	olfactory
data/fafb_sample/swc/720575940632729313.swc	olfactory
data/fafb_sample/swc/720575940619320768.swc	olfactory
data/fafb_sample/swc/720575940644530030.swc	olfactory
data/fafb_sample/swc/720575940617258821.swc	olfactory
data/fafb_sample/swc/720575940631616056.swc	olfactory
data/fafb_sample/swc/720575940625260837.swc	olfactory
data/fafb_sample/swc/720575940610694866.swc	olfactory
data/fafb_sample/swc/720575940614610630.swc	olfactory
data/fafb_sample/swc/720575940623870389.swc	olfactory
data/fafb_sample/swc/720575940639619792.swc	olfactory
data/fafb_sample/swc/720575940634941887.swc	olfactory
data/fafb_sample/swc/720575940623942119.swc	olfactory
data/fafb_sample/swc/720575940626698568.swc	olfactory
data/fafb_sample/swc/720575940619603024.swc	olfactory
data/fafb_sample/swc/720575940636767856.swc	olfactory
data/fafb_sample/swc/720575940629965788.swc	olfactory
data/fafb_sample/swc/720575940624367347.swc	olfactory
data/fafb_sample/swc/720575940618293883.swc	olfactory
data/fafb_sample/swc/720575940634995960.swc	olfactory
data/fafb_sample/swc/720575940607059634.swc	olfactory
data/fafb_sample/swc/720575940644512791.swc	olfactory
data/fafb_sample/swc/720575940615681366.swc	olfactory
data/fafb_sample/swc/720575940652064502.swc	olfactory
data/fafb_sample/swc/720575940620421153.swc	olfactory
data/fafb_sample/swc/720575940624014669.swc	olfactory
data/fafb_sample/swc/720575940636193758.swc	olfactory
data/fafb_sample/swc/720575940617514653.swc	olfactory
data/fafb_sample/swc/720575940611762329.swc	olfactory
data/fafb_sample/swc/720575940611844886.swc	olfactory
data/fafb_sample/swc/720575940631425361.swc	olfactory
data/fafb_sample/swc/720575940633293794.swc	olfactory
data/fafb_sample/swc/720575940628358406.swc	olfactory
data/fafb_sample/swc/720575940617234077.swc	olfactory
data/fafb_sample/swc/720575940628674686.swc	olfactory
data/fafb_sample/swc/720575940628303183.swc	olfactory
data/fafb_sample/swc/720575940620028788.swc	olfactory
data/fafb_sample/swc/720575940629524342.swc	olfactory
data/fafb_sample/swc/720575940625283770.swc	olfactory
data/fafb_sample/swc/720575940631737261.swc	olfactory
data/fafb_sample/swc/720575940631986499.swc	olfactory
data/fafb_sample/swc/720575940613466577.swc	olfactory
data/fafb_sample/swc/720575940618845504.swc	olfactory
data/fafb_sample/swc/720575940628790142.swc	olfactory
data/fafb_sample/swc/720575940632679379.swc	olfactory
data/fafb_sample/swc/720575940622751270.swc	olfactory
data/fafb_sample/swc/720575940631014703.swc	olfactory
data/fafb_sample/swc/720575940623353488.swc	olfactory
data/fafb_sample/swc/720575940632637139.swc	olfactory
data/fafb_sample/swc/720575940619429803.swc	olfactory
data/fafb_sample/swc/720575940614890642.swc	olfactory
data/fafb_sample/swc/720575940628290895.swc	olfactory
data/fafb_sample/swc/720575940633203225.swc	olfactory
data/fafb_sample/swc/720575940614522847.swc	olfactory
data/fafb_sample/swc/720575940608667460.swc	olfactory
data/fafb_sample/swc/720575940629842681.swc	olfactory
data/fafb_sample/swc/720575940617720221.swc	olfactory
data/fafb_sample/swc/720575940631318609.swc	olfactory
data/fafb_sample/swc/720575940628790784.swc	olfactory
data/fafb_sample/swc/720575940618728395.swc	olfactory
data/fafb_sample/swc/720575940619559956.swc	olfactory
data/fafb_sample/swc/720575940644667246.swc	olfactory
data/fafb_sample/swc/720575940620997409.swc	olfactory
data/fafb_sample/swc/720575940620929519.swc	olfactory
data/fafb_sample/swc/720575940620781446.swc	olfactory
data/fafb_sample/swc/720575940611068053.swc	olfactory
data/fafb_sample/swc/720575940606123209.swc	olfactory
data/fafb_sample/swc/720575940635562096.swc	olfactory
data/fafb_sample/swc/720575940630532439.swc	olfactory
data/fafb_sample/swc/720575940629343799.swc	olfactory
data/fafb_sample/swc/720575940610877363.swc	olfactory
data/fafb_sample/swc/720575940622441107.swc	olfactory
data/fafb_sample/swc/720575940631191353.swc	olfactory
data/fafb_sample/swc/720575940626607626.swc	olfactory
data/fafb_sample/swc/720575940629908350.swc	olfactory
data/fafb_sample/swc/720575940638475573.swc	olfactory
data/fafb_sample/swc/720575940630196588.swc	olfactory
data/fafb_sample/swc/720575940614880671.swc	olfactory
data/fafb_sample/swc/720575940633857687.swc	olfactory
data/fafb_sample/swc/720575940623317261.swc	olfactory
data/fafb_sample/swc/720575940630679749.swc	olfactory
data/fafb_sample/swc/720575940625613514.swc	olfactory
data/fafb_sample/swc/720575940618640542.swc	olfactory
data/fafb_sample/swc/720575940638666805.swc	olfactory
data/fafb_sample/swc/720575940622736934.swc	olfactory
data/fafb_sample/swc/720575940621137833.swc	olfactory
data/fafb_sample/swc/720575940633509949.swc	olfactory
data/fafb_sample/swc/720575940634884971.swc	olfactory
data/fafb_sample/swc/720575940616886228.swc	olfactory
data/fafb_sample/swc/720575940620572933.swc	olfactory
data/fafb_sample/swc/720575940625162515.swc	olfactory
data/fafb_sample/swc/720575940620421255.swc	olfactory
data/fafb_sample/swc/720575940612972328.swc	olfactory
data/fafb_sample/swc/720575940643240904.swc	olfactory
data/fafb_sample/swc/720575940633837247.swc	olfactory
data/fafb_sample/swc/720575940619576912.swc	olfactory
data/fafb_sample/swc/720575940633938657.swc	olfactory
data/fafb_sample/swc/720575940613118610.swc	olfactory
data/fafb_sample/swc/720575940626856721.swc	olfactory
data/fafb_sample/swc/720575940623808509.swc	olfactory
data/fafb_sample/swc/720575940628372635.swc	olfactory
data/fafb_sample/swc/720575940631885485.swc	olfactory
data/fafb_sample/swc/720575940615831947.swc	olfactory
data/fafb_sample/swc/720575940621802612.swc	olfactory
data/fafb_sample/swc/720575940623941961.swc	olfactory
data/fafb_sample/swc/720575940633213591.swc	olfactory
data/fafb_sample/swc/720575940608053852.swc	olfactory
data/fafb_sample/swc/720575940645562990.swc	olfactory
data/fafb_sample/swc/720575940603828704.swc	olfactory
data/fafb_sample/swc/720575940623071485.swc	olfactory
data/fafb_sample/swc/720575940634955188.swc	olfactory
data/fafb_sample/swc/720575940622370954.swc	olfactory
data/fafb_sample/swc/720575940615305484.swc	olfactory
data/fafb_sample/swc/720575940632110637.swc	olfactory
data/fafb_sample/swc/720575940623771580.swc	olfactory
data/fafb_sample/swc/720575940622198664.swc	olfactory
data/fafb_sample/swc/720575940629153274.swc	olfactory
data/fafb_sample/swc/720575940631632844.swc	olfactory
data/fafb_sample/swc/720575940631932108.swc	olfactory
data/fafb_sample/swc/720575940631458335.swc	olfactory
data/fafb_sample/swc/720575940612800153.swc	olfactory
data/fafb_sample/swc/720575940636883034.swc	olfactory
data/fafb_sample/swc/720575940620981274.swc	olfactory
data/fafb_sample/swc/720575940621904166.swc	olfactory
data/fafb_sample/swc/720575940621263457.swc	olfactory
data/fafb_sample/swc/720575940629338750.swc	olfactory
data/fafb_sample/swc/720575940633803104.swc	olfactory
data/fafb_sample/swc/720575940612140781.swc	olfactory
data/fafb_sample/swc/720575940659835009.swc	olfactory
data/fafb_sample/swc/720575940623721703.swc	olfactory
data/fafb_sample/swc/720575940626031132.swc	olfactory
data/fafb_sample/swc/720575940623959566.swc	olfactory
data/fafb_sample/swc/720575940614378463.swc	olfactory
data/fafb_sample/swc/720575940621029615.swc	olfactory
data/fafb_sample/swc/720575940630569815.swc	olfactory
data/fafb_sample/swc/720575940638683453.swc	olfactory
data/fafb_sample/swc/720575940626826005.swc	olfactory
data/fafb_sample/swc/720575940612844202.swc	olfactory
data/fafb_sample/swc/720575940613161267.swc	olfactory
data/fafb_sample/swc/720575940622519372.swc	olfactory
data/fafb_sample/swc/720575940610464195.swc	olfactory
data/fafb_sample/swc/720575940620319329.swc	olfactory
data/fafb_sample/swc/720575940639434704.swc	olfactory
data/fafb_sample/swc/720575940626183443.swc	olfactory
data/fafb_sample/swc/720575940632175407.swc	olfactory
data/fafb_sample/swc/720575940617695572.swc	olfactory
data/fafb_sample/swc/720575940631595562.swc	olfactory
data/fafb_sample/swc/720575940615093398.swc	olfactory
data/fafb_sample/swc/720575940619749767.swc	olfactory
data/fafb_sample/swc/720575940622495114.swc	olfactory
data/fafb_sample/swc/720575940626730058.swc	olfactory
data/fafb_sample/swc/720575940613084625.swc	olfactory
data/fafb_sample/swc/720575940624366323.swc	olfactory
data/fafb_sample/swc/720575940621132969.swc	olfactory
data/fafb_sample/swc/720575940625341880.swc	olfactory
data/fafb_sample/swc/720575940626534226.swc	olfactory
data/fafb_sample/swc/720575940618606983.swc	olfactory
data/fafb_sample/swc/720575940616921129.swc	olfactory
data/fafb_sample/swc/720575940629710444.swc	olfactory
data/fafb_sample/swc/720575940613886687.swc	olfactory
data/fafb_sample/swc/720575940640027637.swc	olfactory
data/fafb_sample/swc/720575940628690423.swc	olfactory
data/fafb_sample/swc/720575940625420290.swc	olfactory
data/fafb_sample/swc/720575940638860672.swc	olfactory
data/fafb_sample/swc/720575940614053149.swc	olfactory
data/fafb_sample/swc/720575940638871128.swc	olfactory
data/fafb_sample/swc/720575940631953619.swc	olfactory
data/fafb_sample/swc/720575940631925132.swc	olfactory
data/fafb_sample/swc/720575940627948111.swc	olfactory
data/fafb_sample/swc/720575940616581981.swc	olfactory
data/fafb_sample/swc/720575940638645592.swc	olfactory
data/fafb_sample/swc/720575940616831349.swc	olfactory
data/fafb_sample/swc/720575940611916274.swc	olfactory
data/fafb_sample/swc/720575940628132943.swc	olfactory
data/fafb_sample/swc/720575940632297263.swc	olfactory
data/fafb_sample/swc/720575940616532310.swc	olfactory
data/fafb_sample/swc/720575940658539905.swc	olfactory
data/fafb_sample/swc/720575940634860143.swc	olfactory
data/fafb_sample/swc/720575940620532244.swc	olfactory
data/fafb_sample/swc/720575940633366483.swc	olfactory
data/fafb_sample/swc/720575940621529053.swc	olfactory
data/fafb_sample/swc/720575940621862605.swc	olfactory
data/fafb_sample/swc/720575940645686564.swc	olfactory
data/fafb_sample/swc/720575940605579110.swc	olfactory
data/fafb_sample/swc/720575940623062749.swc	olfactory
data/fafb_sample/swc/720575940621609754.swc	olfactory
data/fafb_sample/swc/720575940642968776.swc	olfactory
data/fafb_sample/swc/720575940620269039.swc	olfactory
data/fafb_sample/swc/720575940616138811.swc	olfactory
data/fafb_sample/swc/720575940629847678.swc	olfactory
data/fafb_sample/swc/720575940629265602.swc	olfactory
data/fafb_sample/swc/720575940635072111.swc	olfactory
data/fafb_sample/swc/720575940621438284.swc	olfactory
data/fafb_sample/swc/720575940629453694.swc	olfactory
data/fafb_sample/swc/720575940637846069.swc	olfactory
data/fafb_sample/swc/720575940629414903.swc	olfactory
data/fafb_sample/swc/720575940607626453.swc	olfactory
data/fafb_sample/swc/720575940624390477.swc	olfactory
data/fafb_sample/swc/720575940620595821.swc	olfactory
data/fafb_sample/swc/720575940648455545.swc	olfactory
data/fafb_sample/swc/720575940622977799.swc	olfactory
data/fafb_sample/swc/720575940621335841.swc	olfactory
data/fafb_sample/swc/720575940629162870.swc	olfactory
data/fafb_sample/swc/720575940612881105.swc	olfactory
data/fafb_sample/swc/720575940621110305.swc	olfactory
data/fafb_sample/swc/720575940625442192.swc	olfactory
data/fafb_sample/swc/720575940625492057.swc	olfactory
data/fafb_sample/swc/720575940622492637.swc	olfactory
data/fafb_sample/swc/720575940617215700.swc	olfactory
data/fafb_sample/swc/720575940627311108.swc	olfactory
data/fafb_sample/swc/720575940617145483.swc	olfactory
data/fafb_sample/swc/720575940653892257.swc	olfactory
data/fafb_sample/swc/720575940629236183.swc	olfactory
data/fafb_sample/swc/720575940605608806.swc	olfactory
data/fafb_sample/swc/720575940639022414.swc	olfactory
data/fafb_sample/swc/720575940615398075.swc	olfactory
data/fafb_sample/swc/720575940606698882.swc	olfactory
data/fafb_sample/swc/720575940638576829.swc	olfactory
data/fafb_sample/swc/720575940619093524.swc	olfactory
data/fafb_sample/swc/720575940638351332.swc	olfactory
data/fafb_sample/swc/720575940630107131.swc	olfactory
data/fafb_sample/swc/720575940617681822.swc	olfactory
data/fafb_sample/swc/720575940636753118.swc	olfactory
data/fafb_sample/swc/720575940622039501.swc	olfactory
data/fafb_sample/swc/720575940611696370.swc	olfactory
data/fafb_sample/swc/720575940607960843.swc	olfactory
data/fafb_sample/swc/720575940614586690.swc	olfactory
data/fafb_sample/swc/720575940610611758.swc	olfactory
data/fafb_sample/swc/720575940639931893.swc	olfactory
data/fafb_sample/swc/720575940622651389.swc	olfactory
data/fafb_sample/swc/720575940628335183.swc	olfactory
data/fafb_sample/swc/720575940619804582.swc	olfactory
data/fafb_sample/swc/720575940631060291.swc	olfactory
data/fafb_sample/swc/720575940608324994.swc	olfactory
data/fafb_sample/swc/720575940609633378.swc	olfactory
data/fafb_sample/swc/720575940617723878.swc	olfactory
data/fafb_sample/swc/720575940620448532.swc	olfactory
data/fafb_sample/swc/720575940620146523.swc	olfactory
data/fafb_sample/swc/720575940623623687.swc	olfactory
data/fafb_sample/swc/720575940631903299.swc	olfactory
data/fafb_sample/swc/720575940628565114.swc	olfactory
data/fafb_sample/swc/720575940619674795.swc	olfactory
data/fafb_sample/swc/720575940611885541.swc	olfactory
data/fafb_sample/swc/720575940603870688.swc	olfactory
data/fafb_sample/swc/720575940615650646.swc	olfactory
data/fafb_sample/swc/720575940625825538.swc	olfactory
data/fafb_sample/swc/720575940646088324.swc	olfactory
data/fafb_sample/swc/720575940623031223.swc	olfactory
data/fafb_sample/swc/720575940614110866.swc	olfactory
data/fafb_sample/swc/720575940613858922.swc	olfactory
data/fafb_sample/swc/720575940629390970.swc	olfactory
data/fafb_sample/swc/720575940619601237.swc	olfactory
data/fafb_sample/swc/720575940615833174.swc	olfactory
data/fafb_sample/swc/720575940622333027.swc	olfactory
data/fafb_sample/swc/720575940631315503.swc	olfactory
data/fafb_sample/swc/720575940626928388.swc	olfactory
data/fafb_sample/swc/720575940631737005.swc	olfactory
data/fafb_sample/swc/720575940630276972.swc	olfactory
data/fafb_sample/swc/720575940641842677.swc	olfactory
data/fafb_sample/swc/720575940608007893.swc	olfactory
data/fafb_sample/swc/720575940627171089.swc	olfactory
data/fafb_sample/swc/720575940629253948.swc	olfactory
data/fafb_sample/swc/720575940624595132.swc	olfactory
data/fafb_sample/swc/720575940624037052.swc	olfactory
data/fafb_sample/swc/720575940630285007.swc	olfactory
data/fafb_sample/swc/720575940641979277.swc	olfactory
data/fafb_sample/swc/720575940611153370.swc	olfactory
data/fafb_sample/swc/720575940626457290.swc	olfactory
data/fafb_sample/swc/720575940638165875.swc	olfactory
data/fafb_sample/swc/720575940628517675.swc	olfactory
data/fafb_sample/swc/720575940640851189.swc	olfactory
data/fafb_sample/swc/720575940610999794.swc	olfactory
data/fafb_sample/swc/720575940619844534.swc	olfactory
data/fafb_sample/swc/720575940613785041.swc	olfactory
data/fafb_sample/swc/720575940634987000.swc	olfactory
data/fafb_sample/swc/720575940609533635.swc	olfactory
data/fafb_sample/swc/720575940620537264.swc	olfactory
data/fafb_sample/swc/720575940613999263.swc	olfactory
data/fafb_sample/swc/720575940642936264.swc	olfactory
data/fafb_sample/swc/720575940628958842.swc	olfactory
data/fafb_sample/swc/720575940632633400.swc	olfactory
data/fafb_sample/swc/720575940610039219.swc	AN
data/fafb_sample/swc/720575940623324395.swc	AN
data/fafb_sample/swc/720575940626951513.swc	AN
data/fafb_sample/swc/720575940631011781.swc	AN
data/fafb_sample/swc/720575940627480442.swc	AN
data/fafb_sample/swc/720575940626357865.swc	AN
data/fafb_sample/swc/720575940614614162.swc	AN
data/fafb_sample/swc/720575940611832490.swc	AN
data/fafb_sample/swc/720575940610158821.swc	AN
data/fafb_sample/swc/720575940607888585.swc	AN
data/fafb_sample/swc/720575940635274615.swc	AN
data/fafb_sample/swc/720575940637354355.swc	AN
data/fafb_sample/swc/720575940628250076.swc	AN
data/fafb_sample/swc/720575940624448138.swc	AN
data/fafb_sample/swc/720575940618699841.swc	AN
data/fafb_sample/swc/720575940614997555.swc	AN
data/fafb_sample/swc/720575940616836485.swc	AN
data/fafb_sample/swc/720575940617446449.swc	AN
data/fafb_sample/swc/720575940634361998.swc	AN
data/fafb_sample/swc/720575940627758135.swc	AN
data/fafb_sample/swc/720575940651145857.swc	AN
data/fafb_sample/swc/720575940620809599.swc	AN
data/fafb_sample/swc/720575940619035989.swc	AN
data/fafb_sample/swc/720575940626890027.swc	AN
data/fafb_sample/swc/720575940629321734.swc	AN
data/fafb_sample/swc/720575940606324402.swc	AN
data/fafb_sample/swc/720575940614773307.swc	AN
data/fafb_sample/swc/720575940626057990.swc	AN
data/fafb_sample/swc/720575940620181825.swc	AN
data/fafb_sample/swc/720575940628268226.swc	AN
data/fafb_sample/swc/720575940639297408.swc	AN
data/fafb_sample/swc/720575940617625413.swc	AN
data/fafb_sample/swc/720575940617992000.swc	AN
data/fafb_sample/swc/720575940618238635.swc	AN
data/fafb_sample/swc/720575940607434564.swc	AN
data/fafb_sample/swc/720575940630798893.swc	AN
data/fafb_sample/swc/720575940621521422.swc	AN
data/fafb_sample/swc/720575940634388622.swc	AN
data/fafb_sample/swc/720575940620136545.swc	AN
data/fafb_sample/swc/720575940611429489.swc	AN
data/fafb_sample/swc/720575940652617121.swc	AN
data/fafb_sample/swc/720575940626668443.swc	AN
data/fafb_sample/swc/720575940614444959.swc	AN
data/fafb_sample/swc/720575940638722549.swc	AN
data/fafb_sample/swc/720575940602382304.swc	AN
data/fafb_sample/swc/720575940634321855.swc	AN
data/fafb_sample/swc/720575940633717615.swc	AN
data/fafb_sample/swc/720575940611877841.swc	AN
data/fafb_sample/swc/720575940623997539.swc	AN
data/fafb_sample/swc/720575940632474835.swc	AN
data/fafb_sample/swc/720575940623368375.swc	AN
data/fafb_sample/swc/720575940621147998.swc	AN
data/fafb_sample/swc/720575940630182716.swc	AN
data/fafb_sample/swc/720575940635931994.swc	AN
data/fafb_sample/swc/720575940622443400.swc	AN
data/fafb_sample/swc/720575940623497653.swc	AN
data/fafb_sample/swc/720575940617227042.swc	AN
data/fafb_sample/swc/720575940621568490.swc	AN
data/fafb_sample/swc/720575940621762567.swc	AN
data/fafb_sample/swc/720575940625844474.swc	AN
data/fafb_sample/swc/720575940612580067.swc	AN
data/fafb_sample/swc/720575940647328889.swc	AN
data/fafb_sample/swc/720575940623755312.swc	AN
data/fafb_sample/swc/720575940606617557.swc	AN
data/fafb_sample/swc/720575940628469967.swc	AN
data/fafb_sample/swc/720575940622519591.swc	AN
data/fafb_sample/swc/720575940625188741.swc	AN
data/fafb_sample/swc/720575940629337600.swc	AN
data/fafb_sample/swc/720575940631530348.swc	AN
data/fafb_sample/swc/720575940630163281.swc	AN
data/fafb_sample/swc/720575940620600929.swc	AN
data/fafb_sample/swc/720575940633206924.swc	AN
data/fafb_sample/swc/720575940612306786.swc	AN
data/fafb_sample/swc/720575940619202901.swc	AN
data/fafb_sample/swc/720575940611710322.swc	AN
data/fafb_sample/swc/720575940618019207.swc	AN
data/fafb_sample/swc/720575940631041956.swc	AN
data/fafb_sample/swc/720575940608090069.swc	AN
data/fafb_sample/swc/720575940622510323.swc	AN
data/fafb_sample/swc/720575940614128593.swc	AN
data/fafb_sample/swc/720575940633209996.swc	AN
data/fafb_sample/swc/720575940632805983.swc	AN
data/fafb_sample/swc/720575940626931708.swc	AN
data/fafb_sample/swc/720575940618671854.swc	AN
data/fafb_sample/swc/720575940611759569.swc	AN
data/fafb_sample/swc/720575940614633122.swc	AN
data/fafb_sample/swc/720575940633284276.swc	AN
data/fafb_sample/swc/720575940620862746.swc	AN
data/fafb_sample/swc/720575940624321538.swc	AN
data/fafb_sample/swc/720575940623497340.swc	AN
data/fafb_sample/swc/720575940631616360.swc	AN
data/fafb_sample/swc/720575940621103201.swc	AN
data/fafb_sample/swc/720575940629797260.swc	AN
data/fafb_sample/swc/720575940615450854.swc	AN
data/fafb_sample/swc/720575940621709237.swc	AN
data/fafb_sample/swc/720575940637955968.swc	AN
data/fafb_sample/swc/720575940609116622.swc	AN
data/fafb_sample/swc/720575940619411327.swc	AN
data/fafb_sample/swc/720575940631106767.swc	AN
data/fafb_sample/swc/720575940633724271.swc	AN
data/fafb_sample/swc/720575940621399156.swc	AN
data/fafb_sample/swc/720575940629483576.swc	AN
data/fafb_sample/swc/720575940614398570.swc	AN
data/fafb_sample/swc/720575940613171454.swc	AN
data/fafb_sample/swc/720575940631622681.swc	AN
data/fafb_sample/swc/720575940634615288.swc	AN
data/fafb_sample/swc/720575940630175276.swc	AN
data/fafb_sample/swc/720575940611765032.swc	AN
data/fafb_sample/swc/720575940627768375.swc	AN
data/fafb_sample/swc/720575940621970445.swc	AN
data/fafb_sample/swc/720575940605173792.swc	AN
data/fafb_sample/swc/720575940630127148.swc	AN
data/fafb_sample/swc/720575940613938973.swc	AN
data/fafb_sample/swc/720575940617020699.swc	AN
data/fafb_sample/swc/720575940633125911.swc	AN
data/fafb_sample/swc/720575940627398855.swc	AN
data/fafb_sample/swc/720575940618290523.swc	AN
data/fafb_sample/swc/720575940619543120.swc	AN
data/fafb_sample/swc/720575940614976662.swc	AN
data/fafb_sample/swc/720575940602430944.swc	AN
data/fafb_sample/swc/720575940615040662.swc	AN
data/fafb_sample/swc/720575940605707198.swc	AN
data/fafb_sample/swc/720575940635860058.swc	AN
data/fafb_sample/swc/720575940636703374.swc	AN
data/fafb_sample/swc/720575940635473886.swc	AN
data/fafb_sample/swc/720575940622249736.swc	AN
data/fafb_sample/swc/720575940634128247.swc	AN
data/fafb_sample/swc/720575940615401945.swc	AN
data/fafb_sample/swc/720575940613808326.swc	AN
data/fafb_sample/swc/720575940625480394.swc	AN
data/fafb_sample/swc/720575940635620709.swc	AN
data/fafb_sample/swc/720575940614138577.swc	AN
data/fafb_sample/swc/720575940618544622.swc	AN
data/fafb_sample/swc/720575940637383027.swc	AN
data/fafb_sample/swc/720575940615700820.swc	AN
data/fafb_sample/swc/720575940627604471.swc	AN
data/fafb_sample/swc/720575940609187101.swc	AN
data/fafb_sample/swc/720575940633701487.swc	AN
data/fafb_sample/swc/720575940626702159.swc	AN
data/fafb_sample/swc/720575940615881501.swc	AN
data/fafb_sample/swc/720575940617244445.swc	AN
data/fafb_sample/swc/720575940635989390.swc	AN
data/fafb_sample/swc/720575940637374323.swc	AN
data/fafb_sample/swc/720575940642468644.swc	AN
data/fafb_sample/swc/720575940623776458.swc	AN
data/fafb_sample/swc/720575940632460951.swc	AN
data/fafb_sample/swc/720575940628598142.swc	AN
data/fafb_sample/swc/720575940634523232.swc	AN
data/fafb_sample/swc/720575940623856176.swc	AN
data/fafb_sample/swc/720575940606663881.swc	AN
data/fafb_sample/swc/720575940628375148.swc	AN
data/fafb_sample/swc/720575940622707592.swc	AN
data/fafb_sample/swc/720575940625411109.swc	AN
data/fafb_sample/swc/720575940625929671.swc	AN
data/fafb_sample/swc/720575940633430112.swc	AN
data/fafb_sample/swc/720575940622109769.swc	AN
data/fafb_sample/swc/720575940653617910.swc	AN
data/fafb_sample/swc/720575940619389680.swc	AN
data/fafb_sample/swc/720575940644751908.swc	AN
data/fafb_sample/swc/720575940633302995.swc	AN
data/fafb_sample/swc/720575940639429504.swc	AN
data/fafb_sample/swc/720575940624392171.swc	AN
data/fafb_sample/swc/720575940622879758.swc	AN
data/fafb_sample/swc/720575940650082038.swc	AN
data/fafb_sample/swc/720575940636168628.swc	AN
data/fafb_sample/swc/720575940638446032.swc	AN
data/fafb_sample/swc/720575940636643406.swc	AN
data/fafb_sample/swc/720575940605158572.swc	AN
data/fafb_sample/swc/720575940628508534.swc	AN
data/fafb_sample/swc/720575940605154988.swc	AN
data/fafb_sample/swc/720575940639152117.swc	AN
data/fafb_sample/swc/720575940628074199.swc	AN
data/fafb_sample/swc/720575940638206773.swc	AN
data/fafb_sample/swc/720575940620606600.swc	AN
data/fafb_sample/swc/720575940633304601.swc	AN
data/fafb_sample/swc/720575940652606881.swc	AN
data/fafb_sample/swc/720575940603776702.swc	AN
data/fafb_sample/swc/720575940619981550.swc	AN
data/fafb_sample/swc/720575940623396240.swc	AN
data/fafb_sample/swc/720575940612195495.swc	AN
data/fafb_sample/swc/720575940612373362.swc	AN
data/fafb_sample/swc/720575940617953241.swc	AN
data/fafb_sample/swc/720575940629524483.swc	AN
data/fafb_sample/swc/720575940606718642.swc	AN
data/fafb_sample/swc/720575940615110450.swc	AN
data/fafb_sample/swc/720575940631285571.swc	AN
data/fafb_sample/swc/720575940638441525.swc	AN
data/fafb_sample/swc/720575940617373072.swc	AN
data/fafb_sample/swc/720575940623854276.swc	AN
data/fafb_sample/swc/720575940635206763.swc	AN
data/fafb_sample/swc/720575940634525792.swc	AN
data/fafb_sample/swc/720575940624311369.swc	AN
data/fafb_sample/swc/720575940628644239.swc	AN
data/fafb_sample/swc/720575940643001288.swc	AN
data/fafb_sample/swc/720575940619644336.swc	AN
data/fafb_sample/swc/720575940614118546.swc	AN
data/fafb_sample/swc/720575940619095472.swc	AN
data/fafb_sample/swc/720575940622328328.swc	AN
data/fafb_sample/swc/720575940626394114.swc	AN
data/fafb_sample/swc/720575940610183154.swc	AN
data/fafb_sample/swc/720575940627403719.swc	AN
data/fafb_sample/swc/720575940633416604.swc	AN
data/fafb_sample/swc/720575940623933626.swc	AN
data/fafb_sample/swc/720575940611817779.swc	AN
data/fafb_sample/swc/720575940618291883.swc	AN
data/fafb_sample/swc/720575940608900050.swc	AN
data/fafb_sample/swc/720575940626426654.swc	AN
data/fafb_sample/swc/720575940612137895.swc	AN
data/fafb_sample/swc/720575940627560386.swc	AN
data/fafb_sample/swc/720575940628360812.swc	AN
data/fafb_sample/swc/720575940622239553.swc	AN
data/fafb_sample/swc/720575940619297520.swc	AN
data/fafb_sample/swc/720575940627430906.swc	AN
data/fafb_sample/swc/720575940628635751.swc	AN
data/fafb_sample/swc/720575940605662822.swc	AN
data/fafb_sample/swc/720575940624789652.swc	AN
data/fafb_sample/swc/720575940628083516.swc	AN
data/fafb_sample/swc/720575940629739068.swc	AN
data/fafb_sample/swc/720575940618018497.swc	AN
data/fafb_sample/swc/720575940627915580.swc	AN
data/fafb_sample/swc/720575940627684614.swc	AN
data/fafb_sample/swc/720575940615333076.swc	AN
data/fafb_sample/swc/720575940626462014.swc	AN
data/fafb_sample/swc/720575940630598671.swc	AN
data/fafb_sample/swc/720575940626227774.swc	AN
data/fafb_sample/swc/720575940639792494.swc	AN
data/fafb_sample/swc/720575940633085463.swc	AN
data/fafb_sample/swc/720575940606537429.swc	AN
data/fafb_sample/swc/720575940604276652.swc	AN
data/fafb_sample/swc/720575940633165816.swc	AN
data/fafb_sample/swc/720575940650261494.swc	AN
data/fafb_sample/swc/720575940628515115.swc	AN
data/fafb_sample/swc/720575940620896525.swc	AN
data/fafb_sample/swc/720575940619767073.swc	AN
data/fafb_sample/swc/720575940612281086.swc	AN
data/fafb_sample/swc/720575940638991605.swc	AN
data/fafb_sample/swc/720575940603595366.swc	AN
data/fafb_sample/swc/720575940617291421.swc	AN
data/fafb_sample/swc/720575940621650712.swc	AN
data/fafb_sample/swc/720575940624082532.swc	AN
data/fafb_sample/swc/720575940623060924.swc	AN
data/fafb_sample/swc/720575940641728712.swc	AN
data/fafb_sample/swc/720575940631096527.swc	AN
data/fafb_sample/swc/720575940637005390.swc	AN
data/fafb_sample/swc/720575940628266235.swc	AN
data/fafb_sample/swc/720575940626170865.swc	AN
data/fafb_sample/swc/720575940642477860.swc	AN
data/fafb_sample/swc/720575940606197193.swc	AN
data/fafb_sample/swc/720575940626148520.swc	AN
data/fafb_sample/swc/720575940610522210.swc	AN
data/fafb_sample/swc/720575940643552366.swc	AN
data/fafb_sample/swc/720575940627137223.swc	AN
data/fafb_sample/swc/720575940615660033.swc	AN
data/fafb_sample/swc/720575940603446118.swc	AN
data/fafb_sample/swc/720575940608969938.swc	AN
data/fafb_sample/swc/720575940629029647.swc	AN
data/fafb_sample/swc/720575940616001036.swc	AN
data/fafb_sample/swc/720575940617251841.swc	AN
data/fafb_sample/swc/720575940630609170.swc	AN
data/fafb_sample/swc/720575940620122503.swc	AN
data/fafb_sample/swc/720575940646473838.swc	AN
data/fafb_sample/swc/720575940612786995.swc	AN
data/fafb_sample/swc/720575940628177863.swc	AN
data/fafb_sample/swc/720575940611937967.swc	AN
data/fafb_sample/swc/720575940625479370.swc	AN
data/fafb_sample/swc/720575940627070494.swc	AN
data/fafb_sample/swc/720575940642875080.swc	AN
data/fafb_sample/swc/720575940645109124.swc	AN
data/fafb_sample/swc/720575940619057054.swc	AN
data/fafb_sample/swc/720575940625893372.swc	AN
data/fafb_sample/swc/720575940634243775.swc	AN
data/fafb_sample/swc/720575940636008559.swc	AN
data/fafb_sample/swc/720575940629367352.swc	AN
data/fafb_sample/swc/720575940629561400.swc	AN
data/fafb_sample/swc/720575940629901047.swc	AN
data/fafb_sample/swc/720575940613264799.swc	AN
data/fafb_sample/swc/720575940617084673.swc	AN
data/fafb_sample/swc/720575940607695428.swc	AN
data/fafb_sample/swc/720575940613524973.swc	AN
data/fafb_sample/swc/720575940631372088.swc	AN
data/fafb_sample/swc/720575940622104584.swc	AN
data/fafb_sample/swc/720575940632834911.swc	AN
data/fafb_sample/swc/720575940615411942.swc	AN
data/fafb_sample/swc/720575940611603502.swc	AN
data/fafb_sample/swc/720575940611164634.swc	AN
data/fafb_sample/swc/720575940630137655.swc	AN
data/fafb_sample/swc/720575940619193264.swc	AN
data/fafb_sample/swc/720575940642422157.swc	AN
data/fafb_sample/swc/720575940617387549.swc	AN
data/fafb_sample/swc/720575940633702511.swc	AN
data/fafb_sample/swc/720575940618672806.swc	AN
data/fafb_sample/swc/720575940619781914.swc	AN
data/fafb_sample/swc/720575940621590237.swc	AN
data/fafb_sample/swc/720575940621463699.swc	AN
data/fafb_sample/swc/720575940627775375.swc	AN
data/fafb_sample/swc/720575940627044901.swc	AN
data/fafb_sample/swc/720575940629416266.swc	AN
data/fafb_sample/swc/720575940624471683.swc	AN
data/fafb_sample/swc/720575940634038041.swc	AN
data/fafb_sample/swc/720575940626340624.swc	AN
data/fafb_sample/swc/720575940613603737.swc	AN
data/fafb_sample/swc/720575940633288372.swc	AN
data/fafb_sample/swc/720575940620404044.swc	AN
data/fafb_sample/swc/720575940648652921.swc	AN
data/fafb_sample/swc/720575940629023870.swc	AN
data/fafb_sample/swc/720575940625063694.swc	AN
data/fafb_sample/swc/720575940624810270.swc	AN
data/fafb_sample/swc/720575940636556718.swc	AN
data/fafb_sample/swc/720575940613749702.swc	AN
data/fafb_sample/swc/720575940617393435.swc	AN
data/fafb_sample/swc/720575940622136573.swc	AN
data/fafb_sample/swc/720575940620762723.swc	AN
data/fafb_sample/swc/720575940615295121.swc	AN
data/fafb_sample/swc/720575940630670893.swc	AN
data/fafb_sample/swc/720575940622303446.swc	AN
data/fafb_sample/swc/720575940606603186.swc	AN
data/fafb_sample/swc/720575940621044048.swc	AN
data/fafb_sample/swc/720575940624901107.swc	AN
data/fafb_sample/swc/720575940623471044.swc	AN
data/fafb_sample/swc/720575940625065786.swc	AN
data/fafb_sample/swc/720575940644555572.swc	AN
data/fafb_sample/swc/720575940626623387.swc	AN
data/fafb_sample/swc/720575940626622339.swc	AN
data/fafb_sample/swc/720575940617423105.swc	AN
data/fafb_sample/swc/720575940628885264.swc	AN
data/fafb_sample/swc/720575940627631360.swc	AN
data/fafb_sample/swc/720575940630300434.swc	AN
data/fafb_sample/swc/720575940613598514.swc	AN
data/fafb_sample/swc/720575940627572602.swc	AN
data/fafb_sample/swc/720575940627544451.swc	AN
data/fafb_sample/swc/720575940624912535.swc	AN
data/fafb_sample/swc/720575940644096712.swc	AN
data/fafb_sample/swc/720575940630121503.swc	AN
data/fafb_sample/swc/720575940628641879.swc	AN
data/fafb_sample/swc/720575940628595944.swc	AN
data/fafb_sample/swc/720575940635197291.swc	AN
data/fafb_sample/swc/720575940641824200.swc	AN
data/fafb_sample/swc/720575940627360774.swc	AN
data/fafb_sample/swc/720575940622568423.swc	AN
data/fafb_sample/swc/720575940630729005.swc	AN
data/fafb_sample/swc/720575940618014528.swc	AN
data/fafb_sample/swc/720575940627304424.swc	AN
data/fafb_sample/swc/720575940621523421.swc	AN
data/fafb_sample/swc/720575940619559232.swc	AN
data/fafb_sample/swc/720575940613771666.swc	AN
data/fafb_sample/swc/720575940618768806.swc	AN
data/fafb_sample/swc/720575940627788032.swc	AN
data/fafb_sample/swc/720575940617936641.swc	AN
data/fafb_sample/swc/720575940614957115.swc	AN
data/fafb_sample/swc/720575940650268150.swc	AN
data/fafb_sample/swc/720575940622160460.swc	AN
data/fafb_sample/swc/720575940623778229.swc	AN
data/fafb_sample/swc/720575940615814171.swc	AN
data/fafb_sample/swc/720575940606913202.swc	AN
data/fafb_sample/swc/720575940646367267.swc	AN
data/fafb_sample/swc/720575940611831603.swc	AN
data/fafb_sample/swc/720575940623538884.swc	AN
data/fafb_sample/swc/720575940612511894.swc	AN
data/fafb_sample/swc/720575940620275677.swc	AN
data/fafb_sample/swc/720575940632879405.swc	AN
data/fafb_sample/swc/720575940625161530.swc	AN
data/fafb_sample/swc/720575940625804008.swc	AN
data/fafb_sample/swc/720575940629630520.swc	AN
data/fafb_sample/swc/720575940625809539.swc	AN
data/fafb_sample/swc/720575940627754496.swc	AN
data/fafb_sample/swc/720575940647447161.swc	AN
data/fafb_sample/swc/720575940631244648.swc	AN
data/fafb_sample/swc/720575940619029680.swc	AN
data/fafb_sample/swc/720575940640173184.swc	AN
data/fafb_sample/swc/720575940625841241.swc	AN
data/fafb_sample/swc/720575940627816492.swc	AN
data/fafb_sample/swc/720575940624276733.swc	AN
data/fafb_sample/swc/720575940618261696.swc	AN
data/fafb_sample/swc/720575940620860654.swc	AN
data/fafb_sample/swc/720575940615247316.swc	AN
data/fafb_sample/swc/720575940615241940.swc	AN
data/fafb_sample/swc/720575940620762904.swc	AN
data/fafb_sample/swc/720575940634381454.swc	AN
data/fafb_sample/swc/720575940629312768.swc	AN
data/fafb_sample/swc/720575940637650830.swc	AN
data/fafb_sample/swc/720575940625530114.swc	AN
data/fafb_sample/swc/720575940631295506.swc	AN
data/fafb_sample/swc/720575940610264490.swc	AN
data/fafb_sample/swc/720575940610219237.swc	AN
data/fafb_sample/swc/720575940636068270.swc	AN
data/fafb_sample/swc/720575940621776135.swc	AN
data/fafb_sample/swc/720575940625897603.swc	AN
data/fafb_sample/swc/720575940635416686.swc	AN
data/fafb_sample/swc/720575940620407105.swc	AN
data/fafb_sample/swc/720575940625652879.swc	AN
data/fafb_sample/swc/720575940627108967.swc	AN
data/fafb_sample/swc/720575940624352747.swc	AN
data/fafb_sample/swc/720575940618192694.swc	AN
data/fafb_sample/swc/720575940627382405.swc	AN
data/fafb_sample/swc/720575940622197313.swc	AN
data/fafb_sample/swc/720575940614569944.swc	AN
data/fafb_sample/swc/720575940626651691.swc	AN
data/fafb_sample/swc/720575940632674003.swc	AN
data/fafb_sample/swc/720575940625328401.swc	AN
data/fafb_sample/swc/720575940622929847.swc	AN
data/fafb_sample/swc/720575940619295728.swc	AN
data/fafb_sample/swc/720575940635697380.swc	AN
data/fafb_sample/swc/720575940605811657.swc	AN
data/fafb_sample/swc/720575940625101389.swc	AN
data/fafb_sample/swc/720575940618054981.swc	AN
data/fafb_sample/swc/720575940619066881.swc	AN
data/fafb_sample/swc/720575940624989833.swc	AN
data/fafb_sample/swc/720575940635715647.swc	AN
data/fafb_sample/swc/720575940621057285.swc	AN
data/fafb_sample/swc/720575940624109340.swc	AN
data/fafb_sample/swc/720575940637714560.swc	AN
data/fafb_sample/swc/720575940618094356.swc	AN
data/fafb_sample/swc/720575940618424235.swc	AN
data/fafb_sample/swc/720575940627488252.swc	AN
data/fafb_sample/swc/720575940645413940.swc	AN
data/fafb_sample/swc/720575940620718605.swc	AN
data/fafb_sample/swc/720575940624568416.swc	AN
data/fafb_sample/swc/720575940617718864.swc	AN
data/fafb_sample/swc/720575940622013257.swc	AN
data/fafb_sample/swc/720575940624309006.swc	AN
data/fafb_sample/swc/720575940629972983.swc	AN
data/fafb_sample/swc/720575940612066223.swc	AN
data/fafb_sample/swc/720575940625638916.swc	AN
data/fafb_sample/swc/720575940611868825.swc	AN
data/fafb_sample/swc/720575940625393189.swc	AN
data/fafb_sample/swc/720575940606388060.swc	AN
data/fafb_sample/swc/720575940626655311.swc	AN
data/fafb_sample/swc/720575940605119776.swc	AN
data/fafb_sample/swc/720575940617918091.swc	AN
data/fafb_sample/swc/720575940629864844.swc	AN
data/fafb_sample/swc/720575940639458037.swc	AN
data/fafb_sample/swc/720575940637396851.swc	AN
data/fafb_sample/swc/720575940631163091.swc	AN
data/fafb_sample/swc/720575940619888622.swc	AN
data/fafb_sample/swc/720575940619273398.swc	AN
data/fafb_sample/swc/720575940625575592.swc	AN
data/fafb_sample/swc/720575940628946731.swc	AN
data/fafb_sample/swc/720575940634333338.swc	AN
data/fafb_sample/swc/720575940634858096.swc	AN
data/fafb_sample/swc/720575940625947335.swc	AN
data/fafb_sample/swc/720575940628586071.swc	AN
data/fafb_sample/swc/720575940624339996.swc	AN
data/fafb_sample/swc/720575940623165965.swc	AN
data/fafb_sample/swc/720575940638604021.swc	AN
data/fafb_sample/swc/720575940638842933.swc	AN
data/fafb_sample/swc/720575940610824214.swc	AN
data/fafb_sample/swc/720575940629748606.swc	AN
data/fafb_sample/swc/720575940629163820.swc	AN
data/fafb_sample/swc/720575940634360462.swc	AN
data/fafb_sample/swc/720575940617429208.swc	AN
data/fafb_sample/swc/720575940633356280.swc	AN
data/fafb_sample/swc/720575940609651758.swc	AN
data/fafb_sample/swc/720575940610514073.swc	AN
data/fafb_sample/swc/720575940628772034.swc	AN
data/fafb_sample/swc/720575940625941762.swc	AN
data/fafb_sample/swc/720575940620291286.swc	AN
data/fafb_sample/swc/720575940613878459.swc	AN
data/fafb_sample/swc/720575940627067368.swc	AN
data/fafb_sample/swc/720575940604843710.swc	AN
data/fafb_sample/swc/720575940615138397.swc	AN
data/fafb_sample/swc/720575940617867589.swc	AN
data/fafb_sample/swc/720575940639245631.swc	AN
data/fafb_sample/swc/720575940620122561.swc	AN
data/fafb_sample/swc/720575940602953388.swc	AN
data/fafb_sample/swc/720575940622385703.swc	AN
data/fafb_sample/swc/720575940618759078.swc	AN
data/fafb_sample/swc/720575940633142831.swc	AN
data/fafb_sample/swc/720575940628233731.swc	AN
data/fafb_sample/swc/720575940623195530.swc	AN
data/fafb_sample/swc/720575940629460986.swc	AN
data/fafb_sample/swc/720575940624871710.swc	AN
data/fafb_sample/swc/720575940629015040.swc	AN
data/fafb_sample/swc/720575940619273126.swc	AN
data/fafb_sample/swc/720575940617674053.swc	AN
data/fafb_sample/swc/720575940617582107.swc	AN
data/fafb_sample/swc/720575940636822069.swc	AN
data/fafb_sample/swc/720575940659264385.swc	AN
data/fafb_sample/swc/720575940632754003.swc	AN
data/fafb_sample/swc/720575940639944077.swc	AN
data/fafb_sample/swc/720575940623962430.swc	AN
data/fafb_sample/swc/720575940620252630.swc	AN
data/fafb_sample/swc/720575940631821891.swc	AN
data/fafb_sample/swc/720575940625729342.swc	AN
data/fafb_sample/swc/720575940633432568.swc	AN
data/fafb_sample/swc/720575940625454162.swc	AN
data/fafb_sample/swc/720575940634614008.swc	AN
data/fafb_sample/swc/720575940618092965.swc	AN
data/fafb_sample/swc/720575940619985089.swc	AN
data/fafb_sample/swc/720575940629745022.swc	AN
data/fafb_sample/swc/720575940621153916.swc	AN
data/fafb_sample/swc/720575940615394527.swc	AN
data/fafb_sample/swc/720575940632847661.swc	AN
data/fafb_sample/swc/720575940627925564.swc	AN
data/fafb_sample/swc/720575940613148625.swc	AN
data/fafb_sample/swc/720575940634087287.swc	AN
data/fafb_sample/swc/720575940632286816.swc	AN
data/fafb_sample/swc/720575940618395205.swc	AN
data/fafb_sample/swc/720575940611562393.swc	AN
data/fafb_sample/swc/720575940632615359.swc	AN
data/fafb_sample/swc/720575940627701548.swc	AN
data/fafb_sample/swc/720575940631803929.swc	AN
data/fafb_sample/swc/720575940621949675.swc	AN
data/fafb_sample/swc/720575940618095173.swc	AN
data/fafb_sample/swc/720575940616169787.swc	AN
data/fafb_sample/swc/720575940617593157.swc	AN
data/fafb_sample/swc/720575940605692704.swc	AN
data/fafb_sample/swc/720575940621084040.swc	AN
data/fafb_sample/swc/720575940629273130.swc	AN
data/fafb_sample/swc/720575940628701015.swc	AN
data/fafb_sample/swc/720575940638457552.swc	AN
data/fafb_sample/swc/720575940628422139.swc	AN
data/fafb_sample/swc/720575940622766925.swc	AN
data/fafb_sample/swc/720575940622527015.swc	AN
data/fafb_sample/swc/720575940627123206.swc	AN
data/fafb_sample/swc/720575940657585025.swc	AN
data/fafb_sample/swc/720575940623725616.swc	AN
data/fafb_sample/swc/720575940609025092.swc	AN
data/fafb_sample/swc/720575940613137375.swc	AN
data/fafb_sample/swc/720575940607909899.swc	AN
data/fafb_sample/swc/720575940623865748.swc	AN
data/fafb_sample/swc/720575940619492033.swc	AN
data/fafb_sample/swc/720575940619800560.swc	AN
data/fafb_sample/swc/720575940618599150.swc	AN
data/fafb_sample/swc/720575940630107855.swc	AN
data/fafb_sample/swc/720575940627008359.swc	AN
data/fafb_sample/swc/720575940645246004.swc	AN
data/fafb_sample/swc/720575940613834438.swc	AN
data/fafb_sample/swc/720575940639960717.swc	AN
data/fafb_sample/swc/720575940635886682.swc	AN
data/fafb_sample/swc/720575940614519775.swc	AN
data/fafb_sample/swc/720575940625837799.swc	AN
data/fafb_sample/swc/720575940613235615.swc	AN
data/fafb_sample/swc/720575940634224540.swc	AN
data/fafb_sample/swc/720575940610850965.swc	AN
data/fafb_sample/swc/720575940619037342.swc	AN
data/fafb_sample/swc/720575940622830836.swc	AN
data/fafb_sample/swc/720575940616279872.swc	AN
data/fafb_sample/swc/720575940615322553.swc	AN
data/fafb_sample/swc/720575940619127472.swc	AN
data/fafb_sample/swc/720575940632001640.swc	AN
data/fafb_sample/swc/720575940602337504.swc	AN
data/fafb_sample/swc/720575940613510002.swc	AN
data/fafb_sample/swc/720575940619643771.swc	AN
data/fafb_sample/swc/720575940626894394.swc	AN
data/fafb_sample/swc/720575940618208310.swc	AN
data/fafb_sample/swc/720575940638907108.swc	AN
data/fafb_sample/swc/720575940634472590.swc	AN
data/fafb_sample/swc/720575940604621257.swc	AN
data/fafb_sample/swc/720575940626664235.swc	AN
data/fafb_sample/swc/720575940623695252.swc	AN
data/fafb_sample/swc/720575940627594540.swc	AN
data/fafb_sample/swc/720575940626551707.swc	AN
data/fafb_sample/swc/720575940626663187.swc	AN
data/fafb_sample/swc/720575940610284441.swc	AN
data/fafb_sample/swc/720575940624049338.swc	AN
data/fafb_sample/swc/720575940629810316.swc	AN
data/fafb_sample/swc/720575940633764247.swc	AN
data/fafb_sample/swc/720575940628249938.swc	AN
data/fafb_sample/swc/720575940627575495.swc	AN
data/fafb_sample/swc/720575940609082180.swc	AN
data/fafb_sample/swc/720575940613522413.swc	AN
data/fafb_sample/swc/720575940628548711.swc	AN
data/fafb_sample/swc/720575940616709022.swc	AN
data/fafb_sample/swc/720575940639301747.swc	AN
data/fafb_sample/swc/720575940627593978.swc	AN
data/fafb_sample/swc/720575940620453040.swc	AN
data/fafb_sample/swc/720575940638250293.swc	AN
data/fafb_sample/swc/720575940609108174.swc	AN
data/fafb_sample/swc/720575940646687364.swc	AN
data/fafb_sample/swc/720575940614642491.swc	AN
data/fafb_sample/swc/720575940634629353.swc	AN
data/fafb_sample/swc/720575940616824965.swc	AN
data/fafb_sample/swc/720575940622674504.swc	AN
data/fafb_sample/swc/720575940630139556.swc	AN
data/fafb_sample/swc/720575940630424407.swc	AN
data/fafb_sample/swc/720575940622877884.swc	AN
data/fafb_sample/swc/720575940633299481.swc	AN
data/fafb_sample/swc/720575940631269843.swc	AN
data/fafb_sample/swc/720575940637309924.swc	AN
data/fafb_sample/swc/720575940619249648.swc	AN
data/fafb_sample/swc/720575940647474041.swc	AN
data/fafb_sample/swc/720575940620287820.swc	AN
data/fafb_sample/swc/720575940612683670.swc	AN
data/fafb_sample/swc/720575940624974473.swc	AN
data/fafb_sample/swc/720575940619657989.swc	AN
data/fafb_sample/swc/720575940644591668.swc	AN
data/fafb_sample/swc/720575940628435151.swc	AN
data/fafb_sample/swc/720575940647036724.swc	AN
data/fafb_sample/swc/720575940624005834.swc	AN
data/fafb_sample/swc/720575940613175215.swc	AN
data/fafb_sample/swc/720575940618942721.swc	AN
data/fafb_sample/swc/720575940635611060.swc	AN
data/fafb_sample/swc/720575940629070155.swc	AN
data/fafb_sample/swc/720575940623619549.swc	AN
data/fafb_sample/swc/720575940638991349.swc	AN
data/fafb_sample/swc/720575940630121078.swc	AN
data/fafb_sample/swc/720575940611477229.swc	AN
data/fafb_sample/swc/720575940626097482.swc	AN
data/fafb_sample/swc/720575940620670657.swc	AN
data/fafb_sample/swc/720575940615465913.swc	AN
data/fafb_sample/swc/720575940633183559.swc	AN
data/fafb_sample/swc/720575940606346332.swc	AN
data/fafb_sample/swc/720575940644530484.swc	AN
data/fafb_sample/swc/720575940618259269.swc	AN
data/fafb_sample/swc/720575940633304312.swc	AN
data/fafb_sample/swc/720575940638745060.swc	AN
data/fafb_sample/swc/720575940623685193.swc	AN
data/fafb_sample/swc/720575940620672432.swc	AN
data/fafb_sample/swc/720575940631316281.swc	AN
data/fafb_sample/swc/720575940627699599.swc	AN
data/fafb_sample/swc/720575940626494722.swc	AN
data/fafb_sample/swc/720575940622102182.swc	AN
data/fafb_sample/swc/720575940640413043.swc	AN
data/fafb_sample/swc/720575940619932363.swc	AN
data/fafb_sample/swc/720575940632300973.swc	AN
data/fafb_sample/swc/720575940618422875.swc	AN
data/fafb_sample/swc/720575940626093386.swc	AN
data/fafb_sample/swc/720575940639048181.swc	AN
data/fafb_sample/swc/720575940645187784.swc	AN
data/fafb_sample/swc/720575940632607935.swc	AN
data/fafb_sample/swc/720575940628389883.swc	AN
data/fafb_sample/swc/720575940623295415.swc	AN
data/fafb_sample/swc/720575940633569903.swc	AN
data/fafb_sample/swc/720575940614609750.swc	AN
data/fafb_sample/swc/720575940624107548.swc	AN
data/fafb_sample/swc/720575940632680895.swc	AN
data/fafb_sample/swc/720575940617641301.swc	AN
data/fafb_sample/swc/720575940628686423.swc	AN
data/fafb_sample/swc/720575940622489302.swc	AN
data/fafb_sample/swc/720575940628680177.swc	AN
data/fafb_sample/swc/720575940629994755.swc	AN
data/fafb_sample/swc/720575940618614254.swc	AN
data/fafb_sample/swc/720575940627675648.swc	AN
data/fafb_sample/swc/720575940634111351.swc	AN
data/fafb_sample/swc/720575940626981157.swc	AN
data/fafb_sample/swc/720575940629589711.swc	AN
data/fafb_sample/swc/720575940635677668.swc	AN
data/fafb_sample/swc/720575940615961542.swc	AN
data/fafb_sample/swc/720575940612468130.swc	AN
data/fafb_sample/swc/720575940629247682.swc	AN
data/fafb_sample/swc/720575940635487845.swc	AN
data/fafb_sample/swc/720575940619655814.swc	AN
data/fafb_sample/swc/720575940639711566.swc	AN
data/fafb_sample/swc/720575940615934069.swc	AN
data/fafb_sample/swc/720575940637635429.swc	AN
data/fafb_sample/swc/720575940628631639.swc	AN
data/fafb_sample/swc/720575940624807301.swc	AN
data/fafb_sample/swc/720575940619206772.swc	AN
data/fafb_sample/swc/720575940637915113.swc	AN
data/fafb_sample/swc/720575940629411962.swc	AN
data/fafb_sample/swc/720575940615900189.swc	AN
data/fafb_sample/swc/720575940625653391.swc	AN
data/fafb_sample/swc/720575940621380220.swc	AN
data/fafb_sample/swc/720575940625080197.swc	AN
data/fafb_sample/swc/720575940628975107.swc	AN
data/fafb_sample/swc/720575940629075697.swc	AN
data/fafb_sample/swc/720575940620189004.swc	AN
data/fafb_sample/swc/720575940612294311.swc	AN
data/fafb_sample/swc/720575940603768497.swc	AN
data/fafb_sample/swc/720575940626728323.swc	AN
data/fafb_sample/swc/720575940633178872.swc	AN
data/fafb_sample/swc/720575940620225612.swc	AN
data/fafb_sample/swc/720575940637993542.swc	AN
data/fafb_sample/swc/720575940627026279.swc	AN
data/fafb_sample/swc/720575940621697193.swc	AN
data/fafb_sample/swc/720575940640141965.swc	AN
data/fafb_sample/swc/720575940619423216.swc	AN
data/fafb_sample/swc/720575940618057921.swc	AN
data/fafb_sample/swc/720575940615443805.swc	AN
data/fafb_sample/swc/720575940622915004.swc	AN
data/fafb_sample/swc/720575940615242964.swc	AN
data/fafb_sample/swc/720575940620116001.swc	AN
data/fafb_sample/swc/720575940618354267.swc	AN
data/fafb_sample/swc/720575940640002071.swc	AN
data/fafb_sample/swc/720575940623900052.swc	AN
data/fafb_sample/swc/720575940629041790.swc	AN
data/fafb_sample/swc/720575940619801793.swc	AN
data/fafb_sample/swc/720575940621322634.swc	AN
data/fafb_sample/swc/720575940639652678.swc	AN
data/fafb_sample/swc/720575940625070650.swc	AN
data/fafb_sample/swc/720575940621651383.swc	AN
data/fafb_sample/swc/720575940629598521.swc	AN
data/fafb_sample/swc/720575940617621734.swc	AN
data/fafb_sample/swc/720575940612599215.swc	AN
data/fafb_sample/swc/720575940613292610.swc	AN
data/fafb_sample/swc/720575940652563361.swc	AN
data/fafb_sample/swc/720575940619841886.swc	AN
data/fafb_sample/swc/720575940624431288.swc	AN
data/fafb_sample/swc/720575940622484211.swc	AN
data/fafb_sample/swc/720575940631183330.swc	AN
data/fafb_sample/swc/720575940622072299.swc	AN
data/fafb_sample/swc/720575940624851589.swc	AN
data/fafb_sample/swc/720575940627663872.swc	AN
data/fafb_sample/swc/720575940621170721.swc	AN
data/fafb_sample/swc/720575940622135757.swc	AN
data/fafb_sample/swc/720575940613622501.swc	AN
data/fafb_sample/swc/720575940626986877.swc	AN
data/fafb_sample/swc/720575940606310748.swc	AN
data/fafb_sample/swc/720575940621241072.swc	AN
data/fafb_sample/swc/720575940615357585.swc	AN
data/fafb_sample/swc/720575940631689753.swc	AN
data/fafb_sample/swc/720575940607161218.swc	AN
data/fafb_sample/swc/720575940628591567.swc	AN
data/fafb_sample/swc/720575940621219524.swc	AN
data/fafb_sample/swc/720575940639166197.swc	AN
data/fafb_sample/swc/720575940608887235.swc	AN
data/fafb_sample/swc/720575940612508133.swc	AN
data/fafb_sample/swc/720575940615964485.swc	AN
data/fafb_sample/swc/720575940628267259.swc	AN
data/fafb_sample/swc/720575940621493068.swc	AN
data/fafb_sample/swc/720575940620677302.swc	AN
data/fafb_sample/swc/720575940623388198.swc	AN
data/fafb_sample/swc/720575940632237408.swc	AN
data/fafb_sample/swc/720575940613206594.swc	AN
data/fafb_sample/swc/720575940633677167.swc	AN
data/fafb_sample/swc/720575940621157887.swc	AN
data/fafb_sample/swc/720575940616553300.swc	AN
data/fafb_sample/swc/720575940642513444.swc	AN
data/fafb_sample/swc/720575940621978109.swc	AN
data/fafb_sample/swc/720575940615509734.swc	AN
data/fafb_sample/swc/720575940634557594.swc	AN
data/fafb_sample/swc/720575940621114974.swc	AN
data/fafb_sample/swc/720575940628597455.swc	AN
data/fafb_sample/swc/720575940622002086.swc	AN
data/fafb_sample/swc/720575940626901521.swc	AN
data/fafb_sample/swc/720575940624058549.swc	AN
data/fafb_sample/swc/720575940659063169.swc	AN
data/fafb_sample/swc/720575940639950733.swc	AN
data/fafb_sample/swc/720575940627606394.swc	AN
data/fafb_sample/swc/720575940616833669.swc	AN
data/fafb_sample/swc/720575940621751792.swc	AN
data/fafb_sample/swc/720575940625147883.swc	AN
data/fafb_sample/swc/720575940620405869.swc	AN
data/fafb_sample/swc/720575940624511833.swc	AN
data/fafb_sample/swc/720575940622871117.swc	AN
data/fafb_sample/swc/720575940615990614.swc	AN
data/fafb_sample/swc/720575940617610837.swc	AN
data/fafb_sample/swc/720575940634332773.swc	AN
data/fafb_sample/swc/720575940642427789.swc	AN
data/fafb_sample/swc/720575940610200217.swc	AN
data/fafb_sample/swc/720575940620769741.swc	AN
data/fafb_sample/swc/720575940611904296.swc	AN
data/fafb_sample/swc/720575940620192677.swc	AN
data/fafb_sample/swc/720575940627415827.swc	AN
data/fafb_sample/swc/720575940630174033.swc	AN
data/fafb_sample/swc/720575940633199383.swc	AN
data/fafb_sample/swc/720575940620232686.swc	AN
data/fafb_sample/swc/720575940624791941.swc	AN
data/fafb_sample/swc/720575940630042951.swc	AN
data/fafb_sample/swc/720575940622093832.swc	AN
data/fafb_sample/swc/720575940622443007.swc	AN
data/fafb_sample/swc/720575940632879917.swc	AN
data/fafb_sample/swc/720575940639606747.swc	AN
data/fafb_sample/swc/720575940617567691.swc	AN
data/fafb_sample/swc/720575940608612984.swc	AN
data/fafb_sample/swc/720575940637388004.swc	AN
data/fafb_sample/swc/720575940624728504.swc	AN
data/fafb_sample/swc/720575940627175445.swc	AN
data/fafb_sample/swc/720575940626494210.swc	AN
data/fafb_sample/swc/720575940623863614.swc	AN
data/fafb_sample/swc/720575940603479910.swc	AN
data/fafb_sample/swc/720575940621749697.swc	AN
data/fafb_sample/swc/720575940621163802.swc	AN
data/fafb_sample/swc/720575940638453437.swc	AN
data/fafb_sample/swc/720575940624012981.swc	AN
data/fafb_sample/swc/720575940630780589.swc	AN
data/fafb_sample/swc/720575940613527021.swc	AN
data/fafb_sample/swc/720575940628335611.swc	AN
data/fafb_sample/swc/720575940612267518.swc	AN
data/fafb_sample/swc/720575940613194818.swc	AN
data/fafb_sample/swc/720575940635847231.swc	AN
data/fafb_sample/swc/720575940614678751.swc	AN
data/fafb_sample/swc/720575940637470627.swc	AN
data/fafb_sample/swc/720575940631811097.swc	AN
data/fafb_sample/swc/720575940605976521.swc	AN
data/fafb_sample/swc/720575940627734293.swc	AN
data/fafb_sample/swc/720575940612836374.swc	AN
data/fafb_sample/swc/720575940605256894.swc	AN
data/fafb_sample/swc/720575940622137443.swc	AN
data/fafb_sample/swc/720575940603789228.swc	AN
data/fafb_sample/swc/720575940625030922.swc	AN
data/fafb_sample/swc/720575940631635271.swc	AN
data/fafb_sample/swc/720575940615063711.swc	AN
data/fafb_sample/swc/720575940611427697.swc	AN
data/fafb_sample/swc/720575940619373703.swc	AN
data/fafb_sample/swc/720575940631769058.swc	AN
data/fafb_sample/swc/720575940608508681.swc	AN
data/fafb_sample/swc/720575940631505711.swc	AN
data/fafb_sample/swc/720575940629280835.swc	AN
data/fafb_sample/swc/720575940621840297.swc	AN
data/fafb_sample/swc/720575940632163923.swc	AN
data/fafb_sample/swc/720575940619679471.swc	AN
data/fafb_sample/swc/720575940615861405.swc	AN
data/fafb_sample/swc/720575940619358885.swc	AN
data/fafb_sample/swc/720575940633009121.swc	AN
data/fafb_sample/swc/720575940628952619.swc	AN
data/fafb_sample/swc/720575940624822003.swc	AN
data/fafb_sample/swc/720575940612102769.swc	AN
data/fafb_sample/swc/720575940610883043.swc	AN
data/fafb_sample/swc/720575940618092289.swc	AN
data/fafb_sample/swc/720575940625145221.swc	AN
data/fafb_sample/swc/720575940621902085.swc	AN
data/fafb_sample/swc/720575940627022824.swc	AN
data/fafb_sample/swc/720575940614513662.swc	AN
data/fafb_sample/swc/720575940627578306.swc	AN
data/fafb_sample/swc/720575940613693469.swc	AN
data/fafb_sample/swc/720575940629528380.swc	AN
data/fafb_sample/swc/720575940628400650.swc	AN
data/fafb_sample/swc/720575940620804109.swc	AN
data/fafb_sample/swc/720575940612331618.swc	AN
data/fafb_sample/swc/720575940624372738.swc	AN
data/fafb_sample/swc/720575940629794700.swc	AN
data/fafb_sample/swc/720575940626046282.swc	AN
data/fafb_sample/swc/720575940627244200.swc	AN
data/fafb_sample/swc/720575940627538370.swc	AN
data/fafb_sample/swc/720575940613237654.swc	AN
data/fafb_sample/swc/720575940614796171.swc	AN
data/fafb_sample/swc/720575940625760912.swc	AN
data/fafb_sample/swc/720575940626258448.swc	AN
data/fafb_sample/swc/720575940624846039.swc	AN
data/fafb_sample/swc/720575940611835955.swc	AN
data/fafb_sample/swc/720575940628115561.swc	AN
data/fafb_sample/swc/720575940638985050.swc	AN
data/fafb_sample/swc/720575940623330192.swc	AN
data/fafb_sample/swc/720575940632664268.swc	AN
data/fafb_sample/swc/720575940626484523.swc	AN
data/fafb_sample/swc/720575940626559055.swc	AN
data/fafb_sample/swc/720575940644733988.swc	AN
data/fafb_sample/swc/720575940626198790.swc	AN
data/fafb_sample/swc/720575940612950642.swc	AN
data/fafb_sample/swc/720575940603374624.swc	AN
data/fafb_sample/swc/720575940623078221.swc	AN
data/fafb_sample/swc/720575940619410303.swc	AN
data/fafb_sample/swc/720575940630384927.swc	AN
data/fafb_sample/swc/720575940612416766.swc	AN
data/fafb_sample/swc/720575940626035556.swc	AN
data/fafb_sample/swc/720575940612012207.swc	AN
data/fafb_sample/swc/720575940640012173.swc	AN
data/fafb_sample/swc/720575940645167492.swc	AN
data/fafb_sample/swc/720575940606552450.swc	AN
data/fafb_sample/swc/720575940622665544.swc	AN
data/fafb_sample/swc/720575940616832901.swc	AN
data/fafb_sample/swc/720575940638744804.swc	AN
data/fafb_sample/swc/720575940624910128.swc	AN
data/fafb_sample/swc/720575940615634589.swc	AN
data/fafb_sample/swc/720575940620580272.swc	AN
data/fafb_sample/swc/720575940629965932.swc	AN
data/fafb_sample/swc/720575940639696499.swc	AN
data/fafb_sample/swc/720575940611853265.swc	AN
data/fafb_sample/swc/720575940654222241.swc	AN
data/fafb_sample/swc/720575940625118138.swc	AN
data/fafb_sample/swc/720575940632381970.swc	AN
data/fafb_sample/swc/720575940638155497.swc	AN
data/fafb_sample/swc/720575940640515699.swc	AN
data/fafb_sample/swc/720575940624933765.swc	AN
data/fafb_sample/swc/720575940611373169.swc	AN
data/fafb_sample/swc/720575940635768895.swc	AN
data/fafb_sample/swc/720575940657606529.swc	AN
data/fafb_sample/swc/720575940622951757.swc	AN
data/fafb_sample/swc/720575940637149006.swc	AN
data/fafb_sample/swc/720575940628833989.swc	AN
data/fafb_sample/swc/720575940623147802.swc	AN
data/fafb_sample/swc/720575940614607675.swc	AN
data/fafb_sample/swc/720575940625176957.swc	AN
data/fafb_sample/swc/720575940618375104.swc	AN
data/fafb_sample/swc/720575940628614487.swc	AN
data/fafb_sample/swc/720575940640962158.swc	AN
data/fafb_sample/swc/720575940613066207.swc	AN
data/fafb_sample/swc/720575940631028266.swc	AN
data/fafb_sample/swc/720575940630790723.swc	AN
data/fafb_sample/swc/720575940622488103.swc	AN
data/fafb_sample/swc/720575940614189310.swc	AN
data/fafb_sample/swc/720575940622620455.swc	AN
data/fafb_sample/swc/720575940615121501.swc	AN
data/fafb_sample/swc/720575940630118186.swc	AN
data/fafb_sample/swc/720575940627783223.swc	AN
data/fafb_sample/swc/720575940622444780.swc	AN
data/fafb_sample/swc/720575940625363808.swc	AN
data/fafb_sample/swc/720575940625370194.swc	AN
data/fafb_sample/swc/720575940603792486.swc	AN
data/fafb_sample/swc/720575940623371920.swc	AN
data/fafb_sample/swc/720575940657604737.swc	AN
data/fafb_sample/swc/720575940610022642.swc	AN
data/fafb_sample/swc/720575940642829079.swc	AN
data/fafb_sample/swc/720575940621765813.swc	AN
data/fafb_sample/swc/720575940632875746.swc	AN
data/fafb_sample/swc/720575940626648634.swc	AN
data/fafb_sample/swc/720575940607375794.swc	AN
data/fafb_sample/swc/720575940622021117.swc	AN
data/fafb_sample/swc/720575940630440645.swc	AN
data/fafb_sample/swc/720575940636656888.swc	AN
data/fafb_sample/swc/720575940615301009.swc	AN
data/fafb_sample/swc/720575940623817776.swc	AN
data/fafb_sample/swc/720575940634622103.swc	AN
data/fafb_sample/swc/720575940650924022.swc	AN
data/fafb_sample/swc/720575940619904380.swc	AN
data/fafb_sample/swc/720575940610275192.swc	AN
data/fafb_sample/swc/720575940620492246.swc	AN
data/fafb_sample/swc/720575940612512146.swc	AN
data/fafb_sample/swc/720575940612387474.swc	AN
data/fafb_sample/swc/720575940605694752.swc	AN
data/fafb_sample/swc/720575940635837786.swc	AN
data/fafb_sample/swc/720575940611514282.swc	AN
data/fafb_sample/swc/720575940639022707.swc	AN
data/fafb_sample/swc/720575940628274396.swc	AN
data/fafb_sample/swc/720575940630791597.swc	AN
data/fafb_sample/swc/720575940625140755.swc	AN
data/fafb_sample/swc/720575940650875769.swc	AN
data/fafb_sample/swc/720575940606274827.swc	AN
data/fafb_sample/swc/720575940604091308.swc	AN
data/fafb_sample/swc/720575940620742605.swc	AN
data/fafb_sample/swc/720575940629941507.swc	AN
data/fafb_sample/swc/720575940644598324.swc	AN
data/fafb_sample/swc/720575940619753761.swc	AN
data/fafb_sample/swc/720575940623210445.swc	AN
data/fafb_sample/swc/720575940630521931.swc	AN
data/fafb_sample/swc/720575940612326654.swc	AN
data/fafb_sample/swc/720575940626791964.swc	AN
data/fafb_sample/swc/720575940622947475.swc	AN
data/fafb_sample/swc/720575940622276744.swc	AN
data/fafb_sample/swc/720575940617940359.swc	AN
data/fafb_sample/swc/720575940619679111.swc	AN
data/fafb_sample/swc/720575940639787630.swc	AN
data/fafb_sample/swc/720575940613530093.swc	AN
data/fafb_sample/swc/720575940622020613.swc	AN
data/fafb_sample/swc/720575940616925819.swc	AN
data/fafb_sample/swc/720575940617876455.swc	AN
data/fafb_sample/swc/720575940622756536.swc	AN
data/fafb_sample/swc/720575940622886158.swc	AN
data/fafb_sample/swc/720575940618344606.swc	AN
data/fafb_sample/swc/720575940611510765.swc	AN
data/fafb_sample/swc/720575940630456028.swc	AN
data/fafb_sample/swc/720575940627137540.swc	AN
data/fafb_sample/swc/720575940610334634.swc	AN
data/fafb_sample/swc/720575940635901274.swc	AN
data/fafb_sample/swc/720575940628552054.swc	AN
data/fafb_sample/swc/720575940617422941.swc	AN
data/fafb_sample/swc/720575940637671552.swc	AN
data/fafb_sample/swc/720575940622561063.swc	AN
data/fafb_sample/swc/720575940643209582.swc	AN
data/fafb_sample/swc/720575940632000104.swc	AN
data/fafb_sample/swc/720575940622642663.swc	AN
data/fafb_sample/swc/720575940625063049.swc	AN
data/fafb_sample/swc/720575940620983902.swc	AN
data/fafb_sample/swc/720575940619286512.swc	AN
data/fafb_sample/swc/720575940630216735.swc	AN
data/fafb_sample/swc/720575940641781152.swc	AN
data/fafb_sample/swc/720575940613977706.swc	AN
data/fafb_sample/swc/720575940633038443.swc	AN
data/fafb_sample/swc/720575940609073506.swc	AN
data/fafb_sample/swc/720575940632987859.swc	AN
data/fafb_sample/swc/720575940632116943.swc	AN
data/fafb_sample/swc/720575940615810717.swc	AN
data/fafb_sample/swc/720575940608601355.swc	AN
data/fafb_sample/swc/720575940614381283.swc	AN
data/fafb_sample/swc/720575940610244266.swc	AN
data/fafb_sample/swc/720575940611871919.swc	AN
data/fafb_sample/swc/720575940627855620.swc	AN
data/fafb_sample/swc/720575940611875503.swc	AN
data/fafb_sample/swc/720575940619685125.swc	AN
data/fafb_sample/swc/720575940616729211.swc	AN
data/fafb_sample/swc/720575940628820474.swc	AN
data/fafb_sample/swc/720575940628558679.swc	AN
data/fafb_sample/swc/720575940629008655.swc	AN
data/fafb_sample/swc/720575940628599803.swc	AN
data/fafb_sample/swc/720575940627467642.swc	AN
data/fafb_sample/swc/720575940623743892.swc	AN
data/fafb_sample/swc/720575940613668845.swc	AN
data/fafb_sample/swc/720575940628337511.swc	AN
data/fafb_sample/swc/720575940627313180.swc	AN
data/fafb_sample/swc/720575940615772706.swc	AN
data/fafb_sample/swc/720575940633426168.swc	AN
data/fafb_sample/swc/720575940622976845.swc	AN
data/fafb_sample/swc/720575940617109004.swc	AN
data/fafb_sample/swc/720575940647033396.swc	AN
data/fafb_sample/swc/720575940632786586.swc	AN
data/fafb_sample/swc/720575940613726150.swc	AN
data/fafb_sample/swc/720575940603599206.swc	AN
data/fafb_sample/swc/720575940631958368.swc	AN
data/fafb_sample/swc/720575940619620596.swc	AN
data/fafb_sample/swc/720575940630026745.swc	AN
data/fafb_sample/swc/720575940627417064.swc	AN
data/fafb_sample/swc/720575940626182385.swc	AN
data/fafb_sample/swc/720575940628710555.swc	AN
data/fafb_sample/swc/720575940625431122.swc	AN
data/fafb_sample/swc/720575940623222185.swc	AN
data/fafb_sample/swc/720575940637842246.swc	AN
data/fafb_sample/swc/720575940622948028.swc	AN
data/fafb_sample/swc/720575940626393104.swc	AN
data/fafb_sample/swc/720575940619953065.swc	AN
data/fafb_sample/swc/720575940608672092.swc	AN
data/fafb_sample/swc/720575940615520159.swc	AN
data/fafb_sample/swc/720575940615411161.swc	AN
data/fafb_sample/swc/720575940616194443.swc	AN
data/fafb_sample/swc/720575940627368079.swc	AN
data/fafb_sample/swc/720575940626444051.swc	AN
data/fafb_sample/swc/720575940623064909.swc	AN
data/fafb_sample/swc/720575940645264260.swc	AN
data/fafb_sample/swc/720575940627252808.swc	AN
data/fafb_sample/swc/720575940618922992.swc	AN
data/fafb_sample/swc/720575940613553202.swc	AN
data/fafb_sample/swc/720575940629306667.swc	AN
data/fafb_sample/swc/720575940635329180.swc	AN
data/fafb_sample/swc/720575940622159117.swc	AN
data/fafb_sample/swc/720575940629669433.swc	AN
data/fafb_sample/swc/720575940610745373.swc	AN
data/fafb_sample/swc/720575940624124956.swc	AN
data/fafb_sample/swc/720575940628971008.swc	AN
data/fafb_sample/swc/720575940619003969.swc	AN
data/fafb_sample/swc/720575940613684274.swc	AN
data/fafb_sample/swc/720575940618109460.swc	AN
data/fafb_sample/swc/720575940627558082.swc	AN
data/fafb_sample/swc/720575940632716698.swc	AN
data/fafb_sample/swc/720575940624888445.swc	AN
data/fafb_sample/swc/720575940623160202.swc	AN
data/fafb_sample/swc/720575940631672268.swc	AN
data/fafb_sample/swc/720575940626727301.swc	AN
data/fafb_sample/swc/720575940620245718.swc	AN
data/fafb_sample/swc/720575940610935062.swc	AN
data/fafb_sample/swc/720575940616824197.swc	AN
data/fafb_sample/swc/720575940617901447.swc	AN
data/fafb_sample/swc/720575940637568613.swc	AN
data/fafb_sample/swc/720575940633726575.swc	AN
data/fafb_sample/swc/720575940637723008.swc	AN
data/fafb_sample/swc/720575940631914783.swc	AN
data/fafb_sample/swc/720575940615706018.swc	AN
data/fafb_sample/swc/720575940626953049.swc	AN
data/fafb_sample/swc/720575940647574916.swc	AN
data/fafb_sample/swc/720575940645197188.swc	AN
data/fafb_sample/swc/720575940624461576.swc	AN
data/fafb_sample/swc/720575940644446062.swc	AN
data/fafb_sample/swc/720575940615964614.swc	AN
data/fafb_sample/swc/720575940614004143.swc	AN
data/fafb_sample/swc/720575940616877456.swc	AN
data/fafb_sample/swc/720575940628552699.swc	AN
data/fafb_sample/swc/720575940612358642.swc	AN
data/fafb_sample/swc/720575940620303380.swc	AN
data/fafb_sample/swc/720575940630690678.swc	AN
data/fafb_sample/swc/720575940632676833.swc	AN
data/fafb_sample/swc/720575940615873309.swc	AN
data/fafb_sample/swc/720575940627226450.swc	AN
data/fafb_sample/swc/720575940618723303.swc	AN
data/fafb_sample/swc/720575940622259811.swc	AN
data/fafb_sample/swc/720575940603814060.swc	AN
data/fafb_sample/swc/720575940638558953.swc	AN
data/fafb_sample/swc/720575940621706605.swc	AN
data/fafb_sample/swc/720575940618083749.swc	AN
data/fafb_sample/swc/720575940632512703.swc	AN
data/fafb_sample/swc/720575940602444512.swc	AN
data/fafb_sample/swc/720575940629459420.swc	AN
data/fafb_sample/swc/720575940627663100.swc	AN
data/fafb_sample/swc/720575940639571931.swc	AN
data/fafb_sample/swc/720575940608269102.swc	AN
data/fafb_sample/swc/720575940629044854.swc	AN
data/fafb_sample/swc/720575940619910177.swc	AN
data/fafb_sample/swc/720575940608729795.swc	AN
data/fafb_sample/swc/720575940607118275.swc	AN
data/fafb_sample/swc/720575940623118029.swc	AN
data/fafb_sample/swc/720575940621712821.swc	AN
data/fafb_sample/swc/720575940637457571.swc	AN
data/fafb_sample/swc/720575940624427865.swc	AN
data/fafb_sample/swc/720575940626180638.swc	AN
data/fafb_sample/swc/720575940623776743.swc	AN
data/fafb_sample/swc/720575940623315856.swc	AN
data/fafb_sample/swc/720575940629420135.swc	AN
data/fafb_sample/swc/720575940620705240.swc	AN
data/fafb_sample/swc/720575940631365089.swc	AN
data/fafb_sample/swc/720575940619054433.swc	AN
data/fafb_sample/swc/720575940623161869.swc	AN
data/fafb_sample/swc/720575940616862550.swc	AN
data/fafb_sample/swc/720575940620859416.swc	AN
data/fafb_sample/swc/720575940605708478.swc	AN
data/fafb_sample/swc/720575940623748389.swc	AN
data/fafb_sample/swc/720575940623862590.swc	AN
data/fafb_sample/swc/720575940610821654.swc	AN
data/fafb_sample/swc/720575940615263188.swc	AN
data/fafb_sample/swc/720575940631603737.swc	AN
data/fafb_sample/swc/720575940614511614.swc	AN
data/fafb_sample/swc/720575940622631382.swc	AN
data/fafb_sample/swc/720575940629473067.swc	AN
data/fafb_sample/swc/720575940628797608.swc	AN
data/fafb_sample/swc/720575940625012938.swc	AN
data/fafb_sample/swc/720575940616343441.swc	AN
data/fafb_sample/swc/720575940633206831.swc	AN
data/fafb_sample/swc/720575940626533634.swc	AN
data/fafb_sample/swc/720575940633281272.swc	AN
data/fafb_sample/swc/720575940612608790.swc	AN
data/fafb_sample/swc/720575940610906773.swc	AN
data/fafb_sample/swc/720575940640396173.swc	AN
data/fafb_sample/swc/720575940639843035.swc	AN
data/fafb_sample/swc/720575940636674190.swc	AN
data/fafb_sample/swc/720575940609311586.swc	AN
data/fafb_sample/swc/720575940621708981.swc	AN
data/fafb_sample/swc/720575940619519092.swc	AN
data/fafb_sample/swc/720575940624999994.swc	AN
data/fafb_sample/swc/720575940617050196.swc	AN
data/fafb_sample/swc/720575940624310601.swc	AN
data/fafb_sample/swc/720575940627083080.swc	AN
data/fafb_sample/swc/720575940618398086.swc	AN
data/fafb_sample/swc/720575940628263388.swc	AN
data/fafb_sample/swc/720575940603511584.swc	AN
data/fafb_sample/swc/720575940633548128.swc	AN
data/fafb_sample/swc/720575940627372090.swc	AN
data/fafb_sample/swc/720575940627003495.swc	AN
data/fafb_sample/swc/720575940621978365.swc	AN
data/fafb_sample/swc/720575940618393398.swc	AN
data/fafb_sample/swc/720575940613756347.swc	AN
data/fafb_sample/swc/720575940644438039.swc	AN
data/fafb_sample/swc/720575940619241456.swc	AN
data/fafb_sample/swc/720575940622447309.swc	AN
data/fafb_sample/swc/720575940623351295.swc	AN
data/fafb_sample/swc/720575940621445779.swc	AN
data/fafb_sample/swc/720575940609265476.swc	AN
data/fafb_sample/swc/720575940622867687.swc	AN
data/fafb_sample/swc/720575940633157919.swc	AN
data/fafb_sample/swc/720575940637431613.swc	AN
data/fafb_sample/swc/720575940645007748.swc	AN
data/fafb_sample/swc/720575940624872581.swc	AN
data/fafb_sample/swc/720575940626967399.swc	AN
data/fafb_sample/swc/720575940638858549.swc	AN
data/fafb_sample/swc/720575940628876741.swc	AN
data/fafb_sample/swc/720575940620107585.swc	AN
data/fafb_sample/swc/720575940624928137.swc	AN
data/fafb_sample/swc/720575940605223601.swc	AN
data/fafb_sample/swc/720575940627904828.swc	AN
data/fafb_sample/swc/720575940636263543.swc	AN
data/fafb_sample/swc/720575940604211628.swc	AN
data/fafb_sample/swc/720575940619762341.swc	AN
data/fafb_sample/swc/720575940631361249.swc	AN
data/fafb_sample/swc/720575940603605024.swc	AN
data/fafb_sample/swc/720575940630724652.swc	AN
data/fafb_sample/swc/720575940628651369.swc	AN
data/fafb_sample/swc/720575940628074711.swc	AN
data/fafb_sample/swc/720575940620097262.swc	AN
data/fafb_sample/swc/720575940629847436.swc	AN
data/fafb_sample/swc/720575940623060883.swc	AN
data/fafb_sample/swc/720575940609157074.swc	AN
data/fafb_sample/swc/720575940645704996.swc	AN
data/fafb_sample/swc/720575940622399783.swc	AN
data/fafb_sample/swc/720575940619154203.swc	AN
data/fafb_sample/swc/720575940620724504.swc	AN
data/fafb_sample/swc/720575940622300429.swc	AN
data/fafb_sample/swc/720575940615222634.swc	AN
data/fafb_sample/swc/720575940614836027.swc	AN
data/fafb_sample/swc/720575940620015787.swc	AN
data/fafb_sample/swc/720575940626271806.swc	AN
data/fafb_sample/swc/720575940625346130.swc	AN
data/fafb_sample/swc/720575940630012663.swc	AN
data/fafb_sample/swc/720575940613958194.swc	AN
data/fafb_sample/swc/720575940625969351.swc	AN
data/fafb_sample/swc/720575940615500798.swc	AN
data/fafb_sample/swc/720575940634814832.swc	AN
data/fafb_sample/swc/720575940624089188.swc	AN
data/fafb_sample/swc/720575940619987438.swc	AN
data/fafb_sample/swc/720575940610033394.swc	AN
data/fafb_sample/swc/720575940634080887.swc	AN
data/fafb_sample/swc/720575940626348560.swc	AN
data/fafb_sample/swc/720575940624180519.swc	AN
data/fafb_sample/swc/720575940642798359.swc	AN
data/fafb_sample/swc/720575940625340945.swc	AN
data/fafb_sample/swc/720575940631401698.swc	AN
data/fafb_sample/swc/720575940629850105.swc	AN
data/fafb_sample/swc/720575940612268199.swc	AN
data/fafb_sample/swc/720575940631283727.swc	AN
data/fafb_sample/swc/720575940646684292.swc	AN
data/fafb_sample/swc/720575940631815844.swc	AN
data/fafb_sample/swc/720575940633387768.swc	AN
data/fafb_sample/swc/720575940628428443.swc	AN
data/fafb_sample/swc/720575940604912770.swc	AN
data/fafb_sample/swc/720575940613608089.swc	AN
data/fafb_sample/swc/720575940628959685.swc	AN
data/fafb_sample/swc/720575940615407583.swc	AN
data/fafb_sample/swc/720575940627348712.swc	AN
data/fafb_sample/swc/720575940632815315.swc	AN
data/fafb_sample/swc/720575940625727560.swc	AN
data/fafb_sample/swc/720575940625003653.swc	AN
data/fafb_sample/swc/720575940621494561.swc	AN
data/fafb_sample/swc/720575940628952875.swc	AN
data/fafb_sample/swc/720575940606401970.swc	AN
data/fafb_sample/swc/720575940614132177.swc	AN
data/fafb_sample/swc/720575940636686170.swc	AN
data/fafb_sample/swc/720575940623195725.swc	AN
data/fafb_sample/swc/720575940608662318.swc	AN
data/fafb_sample/swc/720575940641702304.swc	AN
data/fafb_sample/swc/720575940625202505.swc	AN
data/fafb_sample/swc/720575940618401605.swc	AN
data/fafb_sample/swc/720575940627758833.swc	AN
data/fafb_sample/swc/720575940612685162.swc	AN
data/fafb_sample/swc/720575940623696362.swc	AN
data/fafb_sample/swc/720575940631414180.swc	AN
data/fafb_sample/swc/720575940616858501.swc	AN
data/fafb_sample/swc/720575940640281653.swc	AN
data/fafb_sample/swc/720575940615926796.swc	AN
data/fafb_sample/swc/720575940621106977.swc	AN
data/fafb_sample/swc/720575940627404154.swc	AN
data/fafb_sample/swc/720575940618556142.swc	AN
data/fafb_sample/swc/720575940627378950.swc	AN
data/fafb_sample/swc/720575940632033361.swc	AN
data/fafb_sample/swc/720575940633049963.swc	AN
data/fafb_sample/swc/720575940605057922.swc	AN
data/fafb_sample/swc/720575940625083175.swc	AN
data/fafb_sample/swc/720575940619079152.swc	AN
data/fafb_sample/swc/720575940606450955.swc	AN
data/fafb_sample/swc/720575940629183131.swc	AN
data/fafb_sample/swc/720575940621229962.swc	AN
data/fafb_sample/swc/720575940617440539.swc	AN
data/fafb_sample/swc/720575940639623795.swc	AN
data/fafb_sample/swc/720575940610903409.swc	AN
data/fafb_sample/swc/720575940622574823.swc	AN
data/fafb_sample/swc/720575940626210949.swc	AN
data/fafb_sample/swc/720575940613694634.swc	AN
data/fafb_sample/swc/720575940629676857.swc	AN
data/fafb_sample/swc/720575940632126412.swc	AN
data/fafb_sample/swc/720575940617484248.swc	AN
data/fafb_sample/swc/720575940626545410.swc	AN
data/fafb_sample/swc/720575940619661888.swc	AN
data/fafb_sample/swc/720575940615949836.swc	AN
data/fafb_sample/swc/720575940632556831.swc	AN
data/fafb_sample/swc/720575940621668533.swc	AN
data/fafb_sample/swc/720575940625821672.swc	AN
data/fafb_sample/swc/720575940617816661.swc	AN
data/fafb_sample/swc/720575940630145311.swc	AN
data/fafb_sample/swc/720575940621264010.swc	AN
data/fafb_sample/swc/720575940612861077.swc	AN
data/fafb_sample/swc/720575940633362719.swc	AN
data/fafb_sample/swc/720575940625771780.swc	AN
data/fafb_sample/swc/720575940619048315.swc	AN
data/fafb_sample/swc/720575940627283475.swc	AN
data/fafb_sample/swc/720575940615346617.swc	AN
data/fafb_sample/swc/720575940627881728.swc	AN
data/fafb_sample/swc/720575940637629016.swc	AN
data/fafb_sample/swc/720575940611399573.swc	AN
data/fafb_sample/swc/720575940626625179.swc	AN
data/fafb_sample/swc/720575940614380771.swc	AN
data/fafb_sample/swc/720575940617686357.swc	AN
data/fafb_sample/swc/720575940632807263.swc	AN
data/fafb_sample/swc/720575940657630337.swc	AN
data/fafb_sample/swc/720575940607136707.swc	AN
data/fafb_sample/swc/720575940622461636.swc	AN
data/fafb_sample/swc/720575940628321531.swc	AN
data/fafb_sample/swc/720575940622788071.swc	AN
data/fafb_sample/swc/720575940610056516.swc	AN
data/fafb_sample/swc/720575940633059179.swc	AN
data/fafb_sample/swc/720575940627383614.swc	AN
data/fafb_sample/swc/720575940632530913.swc	AN
data/fafb_sample/swc/720575940618855883.swc	AN
data/fafb_sample/swc/720575940615799179.swc	AN
data/fafb_sample/swc/720575940621787371.swc	AN
data/fafb_sample/swc/720575940623302988.swc	AN
data/fafb_sample/swc/720575940644994436.swc	AN
data/fafb_sample/swc/720575940605916640.swc	AN
data/fafb_sample/swc/720575940631000773.swc	AN
data/fafb_sample/swc/720575940628746690.swc	AN
data/fafb_sample/swc/720575940612220071.swc	AN
data/fafb_sample/swc/720575940621871797.swc	AN
data/fafb_sample/swc/720575940628884267.swc	AN
data/fafb_sample/swc/720575940631295703.swc	AN
data/fafb_sample/swc/720575940611810001.swc	AN
data/fafb_sample/swc/720575940625033653.swc	AN
data/fafb_sample/swc/720575940626319900.swc	AN
data/fafb_sample/swc/720575940620833901.swc	AN
data/fafb_sample/swc/720575940622474868.swc	AN
data/fafb_sample/swc/720575940626021016.swc	AN
data/fafb_sample/swc/720575940614574166.swc	AN
data/fafb_sample/swc/720575940619296752.swc	AN
data/fafb_sample/swc/720575940626339130.swc	AN
data/fafb_sample/swc/720575940623804260.swc	AN
data/fafb_sample/swc/720575940615254782.swc	AN
data/fafb_sample/swc/720575940639264590.swc	AN
data/fafb_sample/swc/720575940611123093.swc	AN
data/fafb_sample/swc/720575940617932289.swc	AN
data/fafb_sample/swc/720575940635047068.swc	AN
data/fafb_sample/swc/720575940621599741.swc	AN
data/fafb_sample/swc/720575940638700707.swc	AN
data/fafb_sample/swc/720575940628382875.swc	AN
data/fafb_sample/swc/720575940603767473.swc	AN
data/fafb_sample/swc/720575940625519633.swc	AN
data/fafb_sample/swc/720575940630705170.swc	AN
data/fafb_sample/swc/720575940620718472.swc	AN
data/fafb_sample/swc/720575940639057973.swc	AN
data/fafb_sample/swc/720575940610624682.swc	AN
data/fafb_sample/swc/720575940632737946.swc	AN
data/fafb_sample/swc/720575940626625546.swc	AN
data/fafb_sample/swc/720575940629087682.swc	AN
data/fafb_sample/swc/720575940603545190.swc	AN
data/fafb_sample/swc/720575940603537766.swc	AN
data/fafb_sample/swc/720575940660211841.swc	AN
data/fafb_sample/swc/720575940603708350.swc	AN
data/fafb_sample/swc/720575940611775717.swc	AN
data/fafb_sample/swc/720575940620695387.swc	AN
data/fafb_sample/swc/720575940618206262.swc	AN
data/fafb_sample/swc/720575940641229520.swc	AN
data/fafb_sample/swc/720575940622264444.swc	AN
data/fafb_sample/swc/720575940617076052.swc	AN
data/fafb_sample/swc/720575940605076401.swc	AN
data/fafb_sample/swc/720575940631083833.swc	AN
data/fafb_sample/swc/720575940637106295.swc	AN
data/fafb_sample/swc/720575940632632474.swc	AN
data/fafb_sample/swc/720575940609778289.swc	AN
data/fafb_sample/swc/720575940613706546.swc	AN
data/fafb_sample/swc/720575940625002633.swc	AN
data/fafb_sample/swc/720575940616838789.swc	AN
data/fafb_sample/swc/720575940606635186.swc	AN
data/fafb_sample/swc/720575940615297681.swc	AN
data/fafb_sample/swc/720575940631004202.swc	AN
data/fafb_sample/swc/720575940654123169.swc	AN
data/fafb_sample/swc/720575940619914581.swc	AN
data/fafb_sample/swc/720575940619037616.swc	AN
data/fafb_sample/swc/720575940637434202.swc	AN
data/fafb_sample/swc/720575940617662438.swc	AN
data/fafb_sample/swc/720575940632930711.swc	AN
data/fafb_sample/swc/720575940623426192.swc	AN
data/fafb_sample/swc/720575940638909429.swc	AN
data/fafb_sample/swc/720575940626768442.swc	AN
data/fafb_sample/swc/720575940613726406.swc	AN
data/fafb_sample/swc/720575940623207885.swc	AN
data/fafb_sample/swc/720575940640177280.swc	AN
data/fafb_sample/swc/720575940626232848.swc	AN
data/fafb_sample/swc/720575940635044344.swc	AN
data/fafb_sample/swc/720575940612869087.swc	AN
data/fafb_sample/swc/720575940629921835.swc	AN
data/fafb_sample/swc/720575940619119600.swc	AN
data/fafb_sample/swc/720575940610487410.swc	AN
data/fafb_sample/swc/720575940613262495.swc	AN
data/fafb_sample/swc/720575940626985220.swc	AN
data/fafb_sample/swc/720575940616302912.swc	AN
data/fafb_sample/swc/720575940622262493.swc	AN
data/fafb_sample/swc/720575940633475695.swc	AN
data/fafb_sample/swc/720575940620686360.swc	AN
data/fafb_sample/swc/720575940615915805.swc	AN
data/fafb_sample/swc/720575940620357597.swc	AN
data/fafb_sample/swc/720575940613003487.swc	AN
data/fafb_sample/swc/720575940615669826.swc	AN
data/fafb_sample/swc/720575940634081655.swc	AN
data/fafb_sample/swc/720575940606375772.swc	AN
data/fafb_sample/swc/720575940633767588.swc	AN
data/fafb_sample/swc/720575940625481749.swc	AN
data/fafb_sample/swc/720575940620589147.swc	AN
data/fafb_sample/swc/720575940654227105.swc	AN
data/fafb_sample/swc/720575940633791599.swc	AN
data/fafb_sample/swc/720575940626719621.swc	AN
data/fafb_sample/swc/720575940639740368.swc	AN
data/fafb_sample/swc/720575940605075116.swc	AN
data/fafb_sample/swc/720575940617143124.swc	AN
data/fafb_sample/swc/720575940617871394.swc	AN
data/fafb_sample/swc/720575940635968319.swc	AN
data/fafb_sample/swc/720575940624954185.swc	AN
data/fafb_sample/swc/720575940617286517.swc	AN
data/fafb_sample/swc/720575940627377285.swc	AN
data/fafb_sample/swc/720575940632628122.swc	AN
data/fafb_sample/swc/720575940626866691.swc	AN
data/fafb_sample/swc/720575940614413685.swc	AN
data/fafb_sample/swc/720575940620257750.swc	AN
data/fafb_sample/swc/720575940610612850.swc	AN
data/fafb_sample/swc/720575940633294817.swc	AN
data/fafb_sample/swc/720575940614501672.swc	AN
data/fafb_sample/swc/720575940611444633.swc	AN
data/fafb_sample/swc/720575940616986310.swc	AN
data/fafb_sample/swc/720575940627824712.swc	AN
data/fafb_sample/swc/720575940618426021.swc	AN
data/fafb_sample/swc/720575940609019093.swc	AN
data/fafb_sample/swc/720575940620706486.swc	AN
data/fafb_sample/swc/720575940627230722.swc	AN
data/fafb_sample/swc/720575940604191200.swc	AN
data/fafb_sample/swc/720575940619145045.swc	AN
data/fafb_sample/swc/720575940621833933.swc	AN
data/fafb_sample/swc/720575940620390054.swc	AN
data/fafb_sample/swc/720575940623531301.swc	AN
data/fafb_sample/swc/720575940614784710.swc	AN
data/fafb_sample/swc/720575940606525058.swc	AN
data/fafb_sample/swc/720575940623363000.swc	AN
data/fafb_sample/swc/720575940625178501.swc	AN
data/fafb_sample/swc/720575940623529354.swc	AN
data/fafb_sample/swc/720575940650215670.swc	AN
data/fafb_sample/swc/720575940636538340.swc	AN
data/fafb_sample/swc/720575940629486714.swc	AN
data/fafb_sample/swc/720575940626270266.swc	AN
data/fafb_sample/swc/720575940629412156.swc	AN
data/fafb_sample/swc/720575940620771853.swc	AN
data/fafb_sample/swc/720575940625865724.swc	AN
data/fafb_sample/swc/720575940646554659.swc	AN
data/fafb_sample/swc/720575940633782135.swc	AN
data/fafb_sample/swc/720575940632648868.swc	AN
data/fafb_sample/swc/720575940624820861.swc	AN
data/fafb_sample/swc/720575940613770182.swc	AN
data/fafb_sample/swc/720575940642609700.swc	AN
data/fafb_sample/swc/720575940629062162.swc	AN
data/fafb_sample/swc/720575940618542808.swc	AN
data/fafb_sample/swc/720575940615719252.swc	AN
data/fafb_sample/swc/720575940618647768.swc	AN
data/fafb_sample/swc/720575940624211202.swc	AN
data/fafb_sample/swc/720575940620094366.swc	AN
data/fafb_sample/swc/720575940622950844.swc	AN
data/fafb_sample/swc/720575940639971536.swc	AN
data/fafb_sample/swc/720575940618260500.swc	AN
data/fafb_sample/swc/720575940619617919.swc	AN
data/fafb_sample/swc/720575940621391850.swc	AN
data/fafb_sample/swc/720575940632781722.swc	AN
data/fafb_sample/swc/720575940621591477.swc	AN
data/fafb_sample/swc/720575940638681919.swc	AN
data/fafb_sample/swc/720575940615624961.swc	AN
data/fafb_sample/swc/720575940632647725.swc	AN
data/fafb_sample/swc/720575940626505551.swc	AN
data/fafb_sample/swc/720575940634725345.swc	AN
data/fafb_sample/swc/720575940631274745.swc	AN
data/fafb_sample/swc/720575940611003858.swc	AN
data/fafb_sample/swc/720575940625584783.swc	AN
data/fafb_sample/swc/720575940607403275.swc	AN
data/fafb_sample/swc/720575940621098887.swc	AN
data/fafb_sample/swc/720575940623452540.swc	AN
data/fafb_sample/swc/720575940613981330.swc	AN
data/fafb_sample/swc/720575940625175310.swc	AN
data/fafb_sample/swc/720575940633705560.swc	AN
data/fafb_sample/swc/720575940616348480.swc	AN
data/fafb_sample/swc/720575940617884692.swc	AN
data/fafb_sample/swc/720575940619361520.swc	AN
data/fafb_sample/swc/720575940639137955.swc	AN
data/fafb_sample/swc/720575940615598849.swc	AN
data/fafb_sample/swc/720575940624245176.swc	AN
data/fafb_sample/swc/720575940629548600.swc	AN
data/fafb_sample/swc/720575940626216720.swc	AN
data/fafb_sample/swc/720575940631240403.swc	AN
data/fafb_sample/swc/720575940621308933.swc	AN
data/fafb_sample/swc/720575940625905660.swc	AN
data/fafb_sample/swc/720575940620298260.swc	AN
data/fafb_sample/swc/720575940608958788.swc	AN
data/fafb_sample/swc/720575940624984378.swc	AN
data/fafb_sample/swc/720575940616943572.swc	AN
data/fafb_sample/swc/720575940635632888.swc	AN
data/fafb_sample/swc/720575940640271605.swc	AN
data/fafb_sample/swc/720575940609307854.swc	AN
data/fafb_sample/swc/720575940627760640.swc	AN
data/fafb_sample/swc/720575940607128771.swc	AN
data/fafb_sample/swc/720575940624868485.swc	AN
data/fafb_sample/swc/720575940638737341.swc	AN
data/fafb_sample/swc/720575940637490776.swc	AN
data/fafb_sample/swc/720575940626750723.swc	AN
data/fafb_sample/swc/720575940627490065.swc	AN
data/fafb_sample/swc/720575940628505039.swc	AN
data/fafb_sample/swc/720575940622140680.swc	AN
data/fafb_sample/swc/720575940611268266.swc	AN
data/fafb_sample/swc/720575940622019333.swc	AN
data/fafb_sample/swc/720575940612669933.swc	AN
data/fafb_sample/swc/720575940627333826.swc	AN
data/fafb_sample/swc/720575940622577300.swc	AN
data/fafb_sample/swc/720575940633778551.swc	AN
data/fafb_sample/swc/720575940620079440.swc	AN
data/fafb_sample/swc/720575940621201092.swc	AN
data/fafb_sample/swc/720575940619153136.swc	AN
data/fafb_sample/swc/720575940627330566.swc	AN
data/fafb_sample/swc/720575940612857055.swc	AN
data/fafb_sample/swc/720575940632830163.swc	AN
data/fafb_sample/swc/720575940623871015.swc	AN
data/fafb_sample/swc/720575940617492939.swc	AN
data/fafb_sample/swc/720575940613772829.swc	AN
data/fafb_sample/swc/720575940645122948.swc	AN
data/fafb_sample/swc/720575940617415803.swc	AN
data/fafb_sample/swc/720575940611025874.swc	AN
data/fafb_sample/swc/720575940628962891.swc	AN
data/fafb_sample/swc/720575940644695860.swc	AN
data/fafb_sample/swc/720575940618398878.swc	AN
data/fafb_sample/swc/720575940613725371.swc	AN
data/fafb_sample/swc/720575940624381315.swc	AN
data/fafb_sample/swc/720575940613772317.swc	AN
data/fafb_sample/swc/720575940624108060.swc	AN
data/fafb_sample/swc/720575940638396998.swc	AN
data/fafb_sample/swc/720575940633354232.swc	AN
data/fafb_sample/swc/720575940608276181.swc	AN
data/fafb_sample/swc/720575940638800437.swc	AN
data/fafb_sample/swc/720575940655014049.swc	AN
data/fafb_sample/swc/720575940621481450.swc	AN
data/fafb_sample/swc/720575940622779076.swc	AN
data/fafb_sample/swc/720575940612734570.swc	AN
data/fafb_sample/swc/720575940641285877.swc	AN
data/fafb_sample/swc/720575940613640429.swc	AN
data/fafb_sample/swc/720575940639140341.swc	AN
data/fafb_sample/swc/720575940612522646.swc	AN
data/fafb_sample/swc/720575940606762953.swc	AN
data/fafb_sample/swc/720575940628074556.swc	AN
data/fafb_sample/swc/720575940620228428.swc	AN
data/fafb_sample/swc/720575940602309600.swc	AN
data/fafb_sample/swc/720575940618066369.swc	AN
data/fafb_sample/swc/720575940626336784.swc	AN
data/fafb_sample/swc/720575940626569554.swc	AN
data/fafb_sample/swc/720575940621314836.swc	AN
data/fafb_sample/swc/720575940620303830.swc	AN
data/fafb_sample/swc/720575940614990486.swc	AN
data/fafb_sample/swc/720575940633185676.swc	AN
data/fafb_sample/swc/720575940633908472.swc	AN
data/fafb_sample/swc/720575940616824709.swc	AN
data/fafb_sample/swc/720575940620055454.swc	AN
data/fafb_sample/swc/720575940610138026.swc	AN
data/fafb_sample/swc/720575940618230443.swc	AN
data/fafb_sample/swc/720575940620551046.swc	AN
data/fafb_sample/swc/720575940630652876.swc	AN
data/fafb_sample/swc/720575940632517028.swc	AN
data/fafb_sample/swc/720575940611878258.swc	AN
data/fafb_sample/swc/720575940630404311.swc	AN
data/fafb_sample/swc/720575940628876111.swc	AN
data/fafb_sample/swc/720575940614528629.swc	AN
data/fafb_sample/swc/720575940627302908.swc	AN
data/fafb_sample/swc/720575940623008550.swc	AN
data/fafb_sample/swc/720575940625403409.swc	AN
data/fafb_sample/swc/720575940636444742.swc	AN
data/fafb_sample/swc/720575940640096976.swc	AN
data/fafb_sample/swc/720575940623194333.swc	AN
data/fafb_sample/swc/720575940614438685.swc	AN
data/fafb_sample/swc/720575940618572270.swc	AN
data/fafb_sample/swc/720575940622018565.swc	AN
data/fafb_sample/swc/720575940626174193.swc	AN
data/fafb_sample/swc/720575940607045059.swc	AN
data/fafb_sample/swc/720575940617296945.swc	AN
data/fafb_sample/swc/720575940639151960.swc	AN
data/fafb_sample/swc/720575940627064420.swc	AN
data/fafb_sample/swc/720575940625294674.swc	AN
data/fafb_sample/swc/720575940628209801.swc	AN
data/fafb_sample/swc/720575940627738679.swc	AN
data/fafb_sample/swc/720575940629297664.swc	AN
data/fafb_sample/swc/720575940626404429.swc	AN
data/fafb_sample/swc/720575940613190978.swc	AN
data/fafb_sample/swc/720575940618459485.swc	AN
data/fafb_sample/swc/720575940617539355.swc	AN
data/fafb_sample/swc/720575940636706118.swc	AN
data/fafb_sample/swc/720575940624138569.swc	AN
data/fafb_sample/swc/720575940604891360.swc	AN
data/fafb_sample/swc/720575940639205821.swc	AN
data/fafb_sample/swc/720575940644570932.swc	AN
data/fafb_sample/swc/720575940610167961.swc	AN
data/fafb_sample/swc/720575940629670723.swc	AN
data/fafb_sample/swc/720575940628991051.swc	AN
data/fafb_sample/swc/720575940651689206.swc	AN
data/fafb_sample/swc/720575940632466643.swc	AN
data/fafb_sample/swc/720575940633136663.swc	AN
data/fafb_sample/swc/720575940615174493.swc	AN
data/fafb_sample/swc/720575940622118566.swc	AN
data/fafb_sample/swc/720575940647673721.swc	AN
data/fafb_sample/swc/720575940628832516.swc	AN
data/fafb_sample/swc/720575940612018545.swc	AN
data/fafb_sample/swc/720575940634963824.swc	AN
data/fafb_sample/swc/720575940654220193.swc	AN
data/fafb_sample/swc/720575940610366122.swc	AN
data/fafb_sample/swc/720575940613235423.swc	AN
data/fafb_sample/swc/720575940613586700.swc	AN
data/fafb_sample/swc/720575940628358533.swc	AN
data/fafb_sample/swc/720575940611905433.swc	AN
data/fafb_sample/swc/720575940616878882.swc	AN
data/fafb_sample/swc/720575940606303755.swc	AN
data/fafb_sample/swc/720575940625319245.swc	AN
data/fafb_sample/swc/720575940639521902.swc	AN
data/fafb_sample/swc/720575940631558597.swc	AN
data/fafb_sample/swc/720575940621013517.swc	AN
data/fafb_sample/swc/720575940628628055.swc	AN
data/fafb_sample/swc/720575940629820794.swc	AN
data/fafb_sample/swc/720575940617973524.swc	AN
data/fafb_sample/swc/720575940628147671.swc	AN
data/fafb_sample/swc/720575940633000162.swc	AN
data/fafb_sample/swc/720575940639190205.swc	AN
data/fafb_sample/swc/720575940617440029.swc	AN
data/fafb_sample/swc/720575940626333971.swc	AN
data/fafb_sample/swc/720575940603574374.swc	AN
data/fafb_sample/swc/720575940619533483.swc	AN
data/fafb_sample/swc/720575940612435353.swc	AN
data/fafb_sample/swc/720575940627362715.swc	AN
data/fafb_sample/swc/720575940618388614.swc	AN
data/fafb_sample/swc/720575940604023724.swc	AN
data/fafb_sample/swc/720575940621553348.swc	AN
data/fafb_sample/swc/720575940610376658.swc	AN
data/fafb_sample/swc/720575940622730239.swc	AN
data/fafb_sample/swc/720575940632519588.swc	AN
data/fafb_sample/swc/720575940621068996.swc	AN
data/fafb_sample/swc/720575940606300508.swc	AN
data/fafb_sample/swc/720575940621521678.swc	AN
data/fafb_sample/swc/720575940622742286.swc	AN
data/fafb_sample/swc/720575940624057525.swc	AN
data/fafb_sample/swc/720575940616195467.swc	AN
data/fafb_sample/swc/720575940612087758.swc	AN
data/fafb_sample/swc/720575940636004975.swc	AN
data/fafb_sample/swc/720575940611932586.swc	AN
data/fafb_sample/swc/720575940623553936.swc	AN
data/fafb_sample/swc/720575940615460255.swc	AN
data/fafb_sample/swc/720575940615879965.swc	AN
data/fafb_sample/swc/720575940629999919.swc	AN
data/fafb_sample/swc/720575940617894429.swc	AN
data/fafb_sample/swc/720575940613497395.swc	AN
data/fafb_sample/swc/720575940629943623.swc	AN
data/fafb_sample/swc/720575940620294420.swc	AN
data/fafb_sample/swc/720575940636241264.swc	AN
data/fafb_sample/swc/720575940622467113.swc	AN
data/fafb_sample/swc/720575940632670156.swc	AN
data/fafb_sample/swc/720575940633296052.swc	AN
data/fafb_sample/swc/720575940623405948.swc	AN
data/fafb_sample/swc/720575940625923527.swc	AN
data/fafb_sample/swc/720575940617999700.swc	AN
data/fafb_sample/swc/720575940626008160.swc	AN
data/fafb_sample/swc/720575940629202114.swc	AN
data/fafb_sample/swc/720575940635634533.swc	AN
data/fafb_sample/swc/720575940634138743.swc	AN
data/fafb_sample/swc/720575940622947333.swc	AN
data/fafb_sample/swc/720575940639574235.swc	AN
data/fafb_sample/swc/720575940618051237.swc	AN
data/fafb_sample/swc/720575940620811656.swc	AN
data/fafb_sample/swc/720575940610186905.swc	AN
data/fafb_sample/swc/720575940610640482.swc	AN
data/fafb_sample/swc/720575940637203389.swc	AN
data/fafb_sample/swc/720575940624967561.swc	AN
data/fafb_sample/swc/720575940628894251.swc	AN
data/fafb_sample/swc/720575940616261844.swc	AN
data/fafb_sample/swc/720575940629856505.swc	AN
data/fafb_sample/swc/720575940630839213.swc	AN
data/fafb_sample/swc/720575940623296333.swc	AN
data/fafb_sample/swc/720575940630307639.swc	AN
data/fafb_sample/swc/720575940604891522.swc	AN
data/fafb_sample/swc/720575940602893228.swc	AN
data/fafb_sample/swc/720575940637160937.swc	AN
data/fafb_sample/swc/720575940624604547.swc	AN
data/fafb_sample/swc/720575940629810882.swc	AN
data/fafb_sample/swc/720575940628911620.swc	AN
data/fafb_sample/swc/720575940613796806.swc	AN
data/fafb_sample/swc/720575940630169764.swc	AN
data/fafb_sample/swc/720575940613261810.swc	AN
data/fafb_sample/swc/720575940623532176.swc	AN
data/fafb_sample/swc/720575940651404022.swc	AN
data/fafb_sample/swc/720575940621318420.swc	AN
data/fafb_sample/swc/720575940627803720.swc	AN
data/fafb_sample/swc/720575940607157955.swc	AN
data/fafb_sample/swc/720575940628744023.swc	AN
data/fafb_sample/swc/720575940616427357.swc	AN
data/fafb_sample/swc/720575940614736699.swc	AN
data/fafb_sample/swc/720575940630254929.swc	AN
data/fafb_sample/swc/720575940625599304.swc	AN
data/fafb_sample/swc/720575940630993194.swc	AN
data/fafb_sample/swc/720575940623564435.swc	AN
data/fafb_sample/swc/720575940618659008.swc	AN
data/fafb_sample/swc/720575940627149415.swc	AN
data/fafb_sample/swc/720575940611813362.swc	AN
data/fafb_sample/swc/720575940610198442.swc	AN
data/fafb_sample/swc/720575940617555897.swc	AN
data/fafb_sample/swc/720575940638928868.swc	AN
data/fafb_sample/swc/720575940620095356.swc	AN
data/fafb_sample/swc/720575940623777061.swc	AN
data/fafb_sample/swc/720575940610976739.swc	AN
data/fafb_sample/swc/720575940643683744.swc	AN
data/fafb_sample/swc/720575940610784370.swc	AN
data/fafb_sample/swc/720575940621369066.swc	AN
data/fafb_sample/swc/720575940610916465.swc	AN
data/fafb_sample/swc/720575940611557357.swc	AN
data/fafb_sample/swc/720575940620882603.swc	AN
data/fafb_sample/swc/720575940638863093.swc	AN
data/fafb_sample/swc/720575940603456288.swc	AN
data/fafb_sample/swc/720575940628251100.swc	AN
data/fafb_sample/swc/720575940626621317.swc	AN
data/fafb_sample/swc/720575940647022644.swc	AN
data/fafb_sample/swc/720575940621522446.swc	AN
data/fafb_sample/swc/720575940615903605.swc	AN
data/fafb_sample/swc/720575940624910887.swc	AN
data/fafb_sample/swc/720575940632607423.swc	AN
data/fafb_sample/swc/720575940608321922.swc	AN
data/fafb_sample/swc/720575940640713843.swc	AN
data/fafb_sample/swc/720575940625883934.swc	AN
data/fafb_sample/swc/720575940618002964.swc	AN
data/fafb_sample/swc/720575940622323382.swc	AN
data/fafb_sample/swc/720575940614648273.swc	AN
data/fafb_sample/swc/720575940630058752.swc	AN
data/fafb_sample/swc/720575940643142560.swc	AN
data/fafb_sample/swc/720575940612050033.swc	AN
data/fafb_sample/swc/720575940647547769.swc	AN
data/fafb_sample/swc/720575940642495524.swc	AN
data/fafb_sample/swc/720575940631008824.swc	AN
data/fafb_sample/swc/720575940602447328.swc	AN
data/fafb_sample/swc/720575940615294609.swc	AN
data/fafb_sample/swc/720575940605999049.swc	AN
data/fafb_sample/swc/720575940635754853.swc	AN
data/fafb_sample/swc/720575940608646665.swc	AN
data/fafb_sample/swc/720575940622517784.swc	AN
data/fafb_sample/swc/720575940623387430.swc	AN
data/fafb_sample/swc/720575940626044418.swc	AN
data/fafb_sample/swc/720575940620354262.swc	AN
data/fafb_sample/swc/720575940634627214.swc	AN
data/fafb_sample/swc/720575940636985934.swc	AN
data/fafb_sample/swc/720575940628005676.swc	AN
data/fafb_sample/swc/720575940618907376.swc	AN
data/fafb_sample/swc/720575940616224576.swc	AN
data/fafb_sample/swc/720575940630217503.swc	AN
data/fafb_sample/swc/720575940639764083.swc	AN
data/fafb_sample/swc/720575940620320214.swc	AN
data/fafb_sample/swc/720575940616813947.swc	AN
data/fafb_sample/swc/720575940620312797.swc	AN
data/fafb_sample/swc/720575940635883327.swc	AN
data/fafb_sample/swc/720575940629876473.swc	AN
data/fafb_sample/swc/720575940626760600.swc	AN
data/fafb_sample/swc/720575940633051499.swc	AN
data/fafb_sample/swc/720575940624082788.swc	AN
data/fafb_sample/swc/720575940625898983.swc	AN
data/fafb_sample/swc/720575940627931196.swc	AN
data/fafb_sample/swc/720575940633075885.swc	AN
data/fafb_sample/swc/720575940612341683.swc	AN
data/fafb_sample/swc/720575940608655883.swc	AN
data/fafb_sample/swc/720575940640773491.swc	AN
data/fafb_sample/swc/720575940613302431.swc	AN
data/fafb_sample/swc/720575940620205900.swc	AN
data/fafb_sample/swc/720575940615965765.swc	AN
data/fafb_sample/swc/720575940637679421.swc	AN
data/fafb_sample/swc/720575940629847451.swc	AN
data/fafb_sample/swc/720575940631901977.swc	AN
data/fafb_sample/swc/720575940629134080.swc	AN
data/fafb_sample/swc/720575940619307504.swc	AN
data/fafb_sample/swc/720575940620052059.swc	AN
data/fafb_sample/swc/720575940625429647.swc	AN
data/fafb_sample/swc/720575940619114918.swc	AN
data/fafb_sample/swc/720575940621180457.swc	AN
data/fafb_sample/swc/720575940623637482.swc	AN
data/fafb_sample/swc/720575940618473920.swc	AN
data/fafb_sample/swc/720575940621362835.swc	AN
data/fafb_sample/swc/720575940628463823.swc	AN
data/fafb_sample/swc/720575940611900968.swc	AN
data/fafb_sample/swc/720575940636970830.swc	AN
data/fafb_sample/swc/720575940615438521.swc	AN
data/fafb_sample/swc/720575940622675016.swc	AN
data/fafb_sample/swc/720575940618040997.swc	AN
data/fafb_sample/swc/720575940630151455.swc	AN
data/fafb_sample/swc/720575940612824170.swc	AN
data/fafb_sample/swc/720575940619389168.swc	AN
data/fafb_sample/swc/720575940631262252.swc	AN
data/fafb_sample/swc/720575940627963947.swc	AN
data/fafb_sample/swc/720575940653877409.swc	AN
data/fafb_sample/swc/720575940635462757.swc	AN
data/fafb_sample/swc/720575940607380914.swc	AN
data/fafb_sample/swc/720575940625854616.swc	AN
data/fafb_sample/swc/720575940630798378.swc	AN
data/fafb_sample/swc/720575940617618137.swc	AN
data/fafb_sample/swc/720575940612718563.swc	AN
data/fafb_sample/swc/720575940630513060.swc	AN
data/fafb_sample/swc/720575940632958253.swc	AN
data/fafb_sample/swc/720575940647412601.swc	AN
data/fafb_sample/swc/720575940634057335.swc	AN
data/fafb_sample/swc/720575940633884512.swc	AN
data/fafb_sample/swc/720575940617301563.swc	AN
data/fafb_sample/swc/720575940625175059.swc	AN
data/fafb_sample/swc/720575940636805958.swc	AN
data/fafb_sample/swc/720575940611778713.swc	AN
data/fafb_sample/swc/720575940635164779.swc	AN
data/fafb_sample/swc/720575940631594015.swc	AN
data/fafb_sample/swc/720575940631344971.swc	AN
data/fafb_sample/swc/720575940626098694.swc	AN
data/fafb_sample/swc/720575940619818876.swc	AN
data/fafb_sample/swc/720575940644666916.swc	AN
data/fafb_sample/swc/720575940620472956.swc	AN
data/fafb_sample/swc/720575940623135053.swc	AN
data/fafb_sample/swc/720575940613403378.swc	AN
data/fafb_sample/swc/720575940625845242.swc	AN
data/fafb_sample/swc/720575940623934600.swc	AN
data/fafb_sample/swc/720575940631928121.swc	AN
data/fafb_sample/swc/720575940632118479.swc	AN
data/fafb_sample/swc/720575940634325916.swc	AN
data/fafb_sample/swc/720575940603882174.swc	AN
data/fafb_sample/swc/720575940624387992.swc	AN
data/fafb_sample/swc/720575940632879149.swc	AN
data/fafb_sample/swc/720575940621288230.swc	AN
data/fafb_sample/swc/720575940625857923.swc	AN
data/fafb_sample/swc/720575940620731608.swc	AN
data/fafb_sample/swc/720575940632815199.swc	AN
data/fafb_sample/swc/720575940615385823.swc	AN
data/fafb_sample/swc/720575940610083682.swc	AN
data/fafb_sample/swc/720575940618941025.swc	AN
data/fafb_sample/swc/720575940623753765.swc	AN
data/fafb_sample/swc/720575940635591776.swc	AN
data/fafb_sample/swc/720575940605305010.swc	AN
data/fafb_sample/swc/720575940629946951.swc	AN
data/fafb_sample/swc/720575940616113291.swc	AN
data/fafb_sample/swc/720575940631447879.swc	AN
data/fafb_sample/swc/720575940622638294.swc	AN
data/fafb_sample/swc/720575940644648244.swc	AN
data/fafb_sample/swc/720575940647523705.swc	AN
data/fafb_sample/swc/720575940629425346.swc	AN
data/fafb_sample/swc/720575940620373469.swc	AN
data/fafb_sample/swc/720575940620352109.swc	AN
data/fafb_sample/swc/720575940603801056.swc	AN
data/fafb_sample/swc/720575940637218672.swc	AN
data/fafb_sample/swc/720575940607870749.swc	AN
data/fafb_sample/swc/720575940625086666.swc	AN
data/fafb_sample/swc/720575940629017419.swc	AN
data/fafb_sample/swc/720575940628373199.swc	AN
data/fafb_sample/swc/720575940636812772.swc	AN
data/fafb_sample/swc/720575940614668347.swc	AN
data/fafb_sample/swc/720575940626029693.swc	AN
data/fafb_sample/swc/720575940617997716.swc	AN
data/fafb_sample/swc/720575940627538690.swc	AN
data/fafb_sample/swc/720575940630899513.swc	AN
data/fafb_sample/swc/720575940631412778.swc	AN
data/fafb_sample/swc/720575940610960021.swc	AN
data/fafb_sample/swc/720575940627844407.swc	AN
data/fafb_sample/swc/720575940623224811.swc	AN
data/fafb_sample/swc/720575940630020639.swc	AN
data/fafb_sample/swc/720575940619028144.swc	AN
data/fafb_sample/swc/720575940612578962.swc	AN
data/fafb_sample/swc/720575940626669355.swc	AN
data/fafb_sample/swc/720575940615307154.swc	AN
data/fafb_sample/swc/720575940618106553.swc	AN
data/fafb_sample/swc/720575940620967679.swc	AN
data/fafb_sample/swc/720575940637444771.swc	AN
data/fafb_sample/swc/720575940608588408.swc	AN
data/fafb_sample/swc/720575940617378843.swc	AN
data/fafb_sample/swc/720575940615211195.swc	AN
data/fafb_sample/swc/720575940606586325.swc	AN
data/fafb_sample/swc/720575940652663457.swc	AN
data/fafb_sample/swc/720575940627554604.swc	AN
data/fafb_sample/swc/720575940627640817.swc	AN
data/fafb_sample/swc/720575940613584652.swc	AN
data/fafb_sample/swc/720575940628494587.swc	AN
data/fafb_sample/swc/720575940609713710.swc	AN
data/fafb_sample/swc/720575940626239881.swc	AN
data/fafb_sample/swc/720575940625100169.swc	AN
data/fafb_sample/swc/720575940618957825.swc	AN
data/fafb_sample/swc/720575940622944915.swc	AN
data/fafb_sample/swc/720575940636400966.swc	AN
data/fafb_sample/swc/720575940618705902.swc	AN
data/fafb_sample/swc/720575940624208201.swc	AN
data/fafb_sample/swc/720575940633662871.swc	AN
data/fafb_sample/swc/720575940604299552.swc	AN
data/fafb_sample/swc/720575940636981070.swc	AN
data/fafb_sample/swc/720575940632533203.swc	AN
data/fafb_sample/swc/720575940612586905.swc	AN
data/fafb_sample/swc/720575940635659748.swc	AN
data/fafb_sample/swc/720575940615088434.swc	AN
data/fafb_sample/swc/720575940647524473.swc	AN
data/fafb_sample/swc/720575940626628507.swc	AN
data/fafb_sample/swc/720575940621406090.swc	AN
data/fafb_sample/swc/720575940614418794.swc	AN
data/fafb_sample/swc/720575940622803494.swc	AN
data/fafb_sample/swc/720575940625588904.swc	AN
data/fafb_sample/swc/720575940633264888.swc	AN
data/fafb_sample/swc/720575940622569255.swc	AN
data/fafb_sample/swc/720575940638637022.swc	AN
data/fafb_sample/swc/720575940626574504.swc	AN
data/fafb_sample/swc/720575940612469654.swc	AN
data/fafb_sample/swc/720575940609348676.swc	AN
data/fafb_sample/swc/720575940613656557.swc	AN
data/fafb_sample/swc/720575940627331560.swc	AN
data/fafb_sample/swc/720575940626117904.swc	AN
data/fafb_sample/swc/720575940606421001.swc	AN
data/fafb_sample/swc/720575940659523969.swc	AN
data/fafb_sample/swc/720575940620200413.swc	AN
data/fafb_sample/swc/720575940621254282.swc	AN
data/fafb_sample/swc/720575940613266026.swc	AN
data/fafb_sample/swc/720575940642624292.swc	AN
data/fafb_sample/swc/720575940609787285.swc	AN
data/fafb_sample/swc/720575940621166625.swc	AN
data/fafb_sample/swc/720575940630914733.swc	AN
data/fafb_sample/swc/720575940617208065.swc	AN
data/fafb_sample/swc/720575940607606852.swc	AN
data/fafb_sample/swc/720575940633565536.swc	AN
data/fafb_sample/swc/720575940619346102.swc	AN
data/fafb_sample/swc/720575940629243434.swc	AN
data/fafb_sample/swc/720575940618423899.swc	AN
data/fafb_sample/swc/720575940627386884.swc	AN
data/fafb_sample/swc/720575940621761293.swc	AN
data/fafb_sample/swc/720575940626654107.swc	AN
data/fafb_sample/swc/720575940612335102.swc	AN
data/fafb_sample/swc/720575940627588602.swc	AN
data/fafb_sample/swc/720575940606224318.swc	AN
data/fafb_sample/swc/720575940610160357.swc	AN
data/fafb_sample/swc/720575940615137804.swc	AN
data/fafb_sample/swc/720575940625985098.swc	AN
data/fafb_sample/swc/720575940630234684.swc	AN
data/fafb_sample/swc/720575940620332253.swc	AN
data/fafb_sample/swc/720575940620785869.swc	AN
data/fafb_sample/swc/720575940624106340.swc	AN
data/fafb_sample/swc/720575940617942036.swc	AN
data/fafb_sample/swc/720575940613439903.swc	AN
data/fafb_sample/swc/720575940616414859.swc	AN
data/fafb_sample/swc/720575940623747984.swc	AN
data/fafb_sample/swc/720575940635029146.swc	AN
data/fafb_sample/swc/720575940631417057.swc	AN
data/fafb_sample/swc/720575940623646963.swc	AN
data/fafb_sample/swc/720575940624792880.swc	AN
data/fafb_sample/swc/720575940630021392.swc	AN
data/fafb_sample/swc/720575940611872149.swc	AN
data/fafb_sample/swc/720575940639668688.swc	AN
data/fafb_sample/swc/720575940632015699.swc	AN
data/fafb_sample/swc/720575940627748352.swc	AN
data/fafb_sample/swc/720575940627637521.swc	AN
data/fafb_sample/swc/720575940614291181.swc	AN
data/fafb_sample/swc/720575940629971852.swc	AN
data/fafb_sample/swc/720575940615646109.swc	AN
data/fafb_sample/swc/720575940635905893.swc	AN
data/fafb_sample/swc/720575940622913123.swc	AN
data/fafb_sample/swc/720575940628116183.swc	AN
data/fafb_sample/swc/720575940614721110.swc	AN
data/fafb_sample/swc/720575940628692055.swc	AN
data/fafb_sample/swc/720575940629725033.swc	AN
data/fafb_sample/swc/720575940611290354.swc	AN
data/fafb_sample/swc/720575940628754453.swc	AN
data/fafb_sample/swc/720575940618339823.swc	AN
data/fafb_sample/swc/720575940611255475.swc	AN
data/fafb_sample/swc/720575940627697664.swc	AN
data/fafb_sample/swc/720575940603600230.swc	AN
data/fafb_sample/swc/720575940623788519.swc	AN
data/fafb_sample/swc/720575940613580594.swc	AN
data/fafb_sample/swc/720575940628391686.swc	AN
data/fafb_sample/swc/720575940618202539.swc	AN
data/fafb_sample/swc/720575940612327091.swc	AN
data/fafb_sample/swc/720575940630689388.swc	AN
data/fafb_sample/swc/720575940625716552.swc	AN
data/fafb_sample/swc/720575940637464691.swc	AN
data/fafb_sample/swc/720575940613533234.swc	AN
data/fafb_sample/swc/720575940623467664.swc	AN
data/fafb_sample/swc/720575940637496179.swc	AN
data/fafb_sample/swc/720575940624500313.swc	AN
data/fafb_sample/swc/720575940634584312.swc	AN
data/fafb_sample/swc/720575940617937287.swc	AN
data/fafb_sample/swc/720575940618899041.swc	AN
data/fafb_sample/swc/720575940628319335.swc	AN
data/fafb_sample/swc/720575940628034108.swc	AN
data/fafb_sample/swc/720575940619891591.swc	AN
data/fafb_sample/swc/720575940627177800.swc	AN
data/fafb_sample/swc/720575940630160384.swc	AN
data/fafb_sample/swc/720575940610148505.swc	AN
data/fafb_sample/swc/720575940620950042.swc	AN
data/fafb_sample/swc/720575940618366447.swc	AN
data/fafb_sample/swc/720575940614677307.swc	AN
data/fafb_sample/swc/720575940615430450.swc	AN
data/fafb_sample/swc/720575940627493638.swc	AN
data/fafb_sample/swc/720575940611548273.swc	AN
data/fafb_sample/swc/720575940633954927.swc	AN
data/fafb_sample/swc/720575940623982323.swc	AN
data/fafb_sample/swc/720575940628958405.swc	AN
data/fafb_sample/swc/720575940627200004.swc	AN
data/fafb_sample/swc/720575940634626144.swc	AN
data/fafb_sample/swc/720575940603453542.swc	AN
data/fafb_sample/swc/720575940643108718.swc	AN
data/fafb_sample/swc/720575940604820354.swc	AN
data/fafb_sample/swc/720575940629859432.swc	AN
data/fafb_sample/swc/720575940630060831.swc	AN
data/fafb_sample/swc/720575940611932842.swc	AN
data/fafb_sample/swc/720575940638128198.swc	AN
data/fafb_sample/swc/720575940620862051.swc	AN
data/fafb_sample/swc/720575940608996450.swc	AN
data/fafb_sample/swc/720575940635527092.swc	AN
data/fafb_sample/swc/720575940612775130.swc	AN
data/fafb_sample/swc/720575940640373557.swc	AN
data/fafb_sample/swc/720575940631542753.swc	AN
data/fafb_sample/swc/720575940623225549.swc	AN
data/fafb_sample/swc/720575940623202633.swc	AN
data/fafb_sample/swc/720575940613882822.swc	AN
data/fafb_sample/swc/720575940630633231.swc	AN
data/fafb_sample/swc/720575940632974443.swc	AN
data/fafb_sample/swc/720575940639295347.swc	AN
data/fafb_sample/swc/720575940612547698.swc	AN
data/fafb_sample/swc/720575940616356672.swc	AN
data/fafb_sample/swc/720575940616449093.swc	AN
data/fafb_sample/swc/720575940616835717.swc	AN
data/fafb_sample/swc/720575940631922489.swc	AN
data/fafb_sample/swc/720575940622166664.swc	AN
data/fafb_sample/swc/720575940647515524.swc	AN
data/fafb_sample/swc/720575940606291211.swc	AN
data/fafb_sample/swc/720575940638197737.swc	AN
data/fafb_sample/swc/720575940633969815.swc	AN
data/fafb_sample/swc/720575940625287998.swc	AN
data/fafb_sample/swc/720575940627718444.swc	AN
data/fafb_sample/swc/720575940619625703.swc	AN
data/fafb_sample/swc/720575940633198615.swc	AN
data/fafb_sample/swc/720575940608073602.swc	AN
data/fafb_sample/swc/720575940627331940.swc	AN
data/fafb_sample/swc/720575940608683477.swc	AN
data/fafb_sample/swc/720575940659379073.swc	AN
data/fafb_sample/swc/720575940614658727.swc	AN
data/fafb_sample/swc/720575940626252163.swc	AN
data/fafb_sample/swc/720575940627425918.swc	AN
data/fafb_sample/swc/720575940622941005.swc	AN
data/fafb_sample/swc/720575940627245992.swc	AN
data/fafb_sample/swc/720575940631989817.swc	AN
data/fafb_sample/swc/720575940635668622.swc	AN
data/fafb_sample/swc/720575940626626949.swc	AN
data/fafb_sample/swc/720575940629212098.swc	AN
data/fafb_sample/swc/720575940620463732.swc	AN
data/fafb_sample/swc/720575940620066142.swc	AN
data/fafb_sample/swc/720575940623606857.swc	AN
data/fafb_sample/swc/720575940632223457.swc	AN
data/fafb_sample/swc/720575940607910980.swc	AN
data/fafb_sample/swc/720575940625355920.swc	AN
data/fafb_sample/swc/720575940626582095.swc	AN
data/fafb_sample/swc/720575940619066625.swc	AN
data/fafb_sample/swc/720575940639276349.swc	AN
data/fafb_sample/swc/720575940633697903.swc	AN
data/fafb_sample/swc/720575940608613934.swc	AN
data/fafb_sample/swc/720575940609764721.swc	AN
data/fafb_sample/swc/720575940630193060.swc	AN
data/fafb_sample/swc/720575940629185084.swc	AN
data/fafb_sample/swc/720575940611772914.swc	AN
data/fafb_sample/swc/720575940641259392.swc	AN
data/fafb_sample/swc/720575940627541954.swc	AN
data/fafb_sample/swc/720575940624810782.swc	AN
data/fafb_sample/swc/720575940629371960.swc	AN
data/fafb_sample/swc/720575940618096321.swc	AN
data/fafb_sample/swc/720575940610000602.swc	AN
data/fafb_sample/swc/720575940628675945.swc	AN
data/fafb_sample/swc/720575940615537041.swc	AN
data/fafb_sample/swc/720575940621883844.swc	AN
data/fafb_sample/swc/720575940622803859.swc	AN
data/fafb_sample/swc/720575940619381108.swc	AN
data/fafb_sample/swc/720575940622649284.swc	ALPN
data/fafb_sample/swc/720575940606590338.swc	ALPN
data/fafb_sample/swc/720575940620595053.swc	ALPN
data/fafb_sample/swc/720575940637749574.swc	ALPN
data/fafb_sample/swc/720575940626657802.swc	ALPN
data/fafb_sample/swc/720575940619075437.swc	ALPN
data/fafb_sample/swc/720575940612714723.swc	ALPN
data/fafb_sample/swc/720575940624863015.swc	ALPN
data/fafb_sample/swc/720575940617229632.swc	ALPN
data/fafb_sample/swc/720575940627035388.swc	ALPN
data/fafb_sample/swc/720575940608124338.swc	ALPN
data/fafb_sample/swc/720575940614576396.swc	ALPN
data/fafb_sample/swc/720575940621123113.swc	ALPN
data/fafb_sample/swc/720575940626023001.swc	ALPN
data/fafb_sample/swc/720575940618277184.swc	ALPN
data/fafb_sample/swc/720575940622070554.swc	ALPN
data/fafb_sample/swc/720575940615322674.swc	ALPN
data/fafb_sample/swc/720575940613864891.swc	ALPN
data/fafb_sample/swc/720575940633165025.swc	ALPN
data/fafb_sample/swc/720575940623916071.swc	ALPN
data/fafb_sample/swc/720575940624106442.swc	ALPN
data/fafb_sample/swc/720575940625056509.swc	ALPN
data/fafb_sample/swc/720575940614326162.swc	ALPN
data/fafb_sample/swc/720575940638415731.swc	ALPN
data/fafb_sample/swc/720575940620931312.swc	ALPN
data/fafb_sample/swc/720575940631193052.swc	ALPN
data/fafb_sample/swc/720575940634325087.swc	ALPN
data/fafb_sample/swc/720575940613167007.swc	ALPN
data/fafb_sample/swc/720575940617109772.swc	ALPN
data/fafb_sample/swc/720575940603453286.swc	ALPN
data/fafb_sample/swc/720575940625805084.swc	ALPN
data/fafb_sample/swc/720575940607195826.swc	ALPN
data/fafb_sample/swc/720575940626507834.swc	ALPN
data/fafb_sample/swc/720575940617504581.swc	ALPN
data/fafb_sample/swc/720575940623543881.swc	ALPN
data/fafb_sample/swc/720575940609962389.swc	ALPN
data/fafb_sample/swc/720575940639341987.swc	ALPN
data/fafb_sample/swc/720575940628750248.swc	ALPN
data/fafb_sample/swc/720575940628514647.swc	ALPN
data/fafb_sample/swc/720575940621776161.swc	ALPN
data/fafb_sample/swc/720575940621203632.swc	ALPN
data/fafb_sample/swc/720575940621343348.swc	ALPN
data/fafb_sample/swc/720575940607990229.swc	ALPN
data/fafb_sample/swc/720575940619637780.swc	ALPN
data/fafb_sample/swc/720575940611372714.swc	ALPN
data/fafb_sample/swc/720575940640639293.swc	ALPN
data/fafb_sample/swc/720575940638633535.swc	ALPN
data/fafb_sample/swc/720575940637449023.swc	ALPN
data/fafb_sample/swc/720575940606767806.swc	ALPN
data/fafb_sample/swc/720575940628882450.swc	ALPN
data/fafb_sample/swc/720575940627265274.swc	ALPN
data/fafb_sample/swc/720575940621307574.swc	ALPN
data/fafb_sample/swc/720575940619895125.swc	ALPN
data/fafb_sample/swc/720575940624200974.swc	ALPN
data/fafb_sample/swc/720575940611352014.swc	ALPN
data/fafb_sample/swc/720575940617885643.swc	ALPN
data/fafb_sample/swc/720575940614316731.swc	ALPN
data/fafb_sample/swc/720575940619385765.swc	ALPN
data/fafb_sample/swc/720575940626143806.swc	ALPN
data/fafb_sample/swc/720575940621620229.swc	ALPN
data/fafb_sample/swc/720575940626682682.swc	ALPN
data/fafb_sample/swc/720575940613345442.swc	ALPN
data/fafb_sample/swc/720575940610505170.swc	ALPN
data/fafb_sample/swc/720575940640477603.swc	ALPN
data/fafb_sample/swc/720575940638624189.swc	ALPN
data/fafb_sample/swc/720575940623137741.swc	ALPN
data/fafb_sample/swc/720575940639080765.swc	ALPN
data/fafb_sample/swc/720575940608199748.swc	ALPN
data/fafb_sample/swc/720575940621333696.swc	ALPN
data/fafb_sample/swc/720575940631619409.swc	ALPN
data/fafb_sample/swc/720575940618087197.swc	ALPN
data/fafb_sample/swc/720575940604352172.swc	ALPN
data/fafb_sample/swc/720575940623237161.swc	ALPN
data/fafb_sample/swc/720575940619531373.swc	ALPN
data/fafb_sample/swc/720575940613961522.swc	ALPN
data/fafb_sample/swc/720575940637943374.swc	ALPN
data/fafb_sample/swc/720575940617179451.swc	ALPN
data/fafb_sample/swc/720575940627080079.swc	ALPN
data/fafb_sample/swc/720575940628739560.swc	ALPN
data/fafb_sample/swc/720575940620875861.swc	ALPN
data/fafb_sample/swc/720575940617343316.swc	ALPN
data/fafb_sample/swc/720575940648206468.swc	ALPN
data/fafb_sample/swc/720575940638677070.swc	ALPN
data/fafb_sample/swc/720575940620920831.swc	ALPN
data/fafb_sample/swc/720575940622151804.swc	ALPN
data/fafb_sample/swc/720575940611856498.swc	ALPN
data/fafb_sample/swc/720575940639669592.swc	ALPN
data/fafb_sample/swc/720575940630003472.swc	ALPN
data/fafb_sample/swc/720575940612598499.swc	ALPN
data/fafb_sample/swc/720575940615594658.swc	ALPN
data/fafb_sample/swc/720575940616020795.swc	ALPN
data/fafb_sample/swc/720575940644258327.swc	ALPN
data/fafb_sample/swc/720575940617972901.swc	ALPN
data/fafb_sample/swc/720575940629011655.swc	ALPN
data/fafb_sample/swc/720575940609460491.swc	ALPN
data/fafb_sample/swc/720575940620441024.swc	ALPN
data/fafb_sample/swc/720575940603464672.swc	ALPN
data/fafb_sample/swc/720575940632994970.swc	ALPN
data/fafb_sample/swc/720575940643152164.swc	ALPN
data/fafb_sample/swc/720575940612821727.swc	ALPN
data/fafb_sample/swc/720575940617917760.swc	ALPN
data/fafb_sample/swc/720575940631725561.swc	ALPN
data/fafb_sample/swc/720575940639384947.swc	ALPN
data/fafb_sample/swc/720575940622334448.swc	ALPN
data/fafb_sample/swc/720575940645680407.swc	ALPN
data/fafb_sample/swc/720575940629089068.swc	ALPN
data/fafb_sample/swc/720575940604624574.swc	ALPN
data/fafb_sample/swc/720575940613419695.swc	ALPN
data/fafb_sample/swc/720575940624487975.swc	ALPN
data/fafb_sample/swc/720575940642086389.swc	ALPN
data/fafb_sample/swc/720575940618308825.swc	ALPN
data/fafb_sample/swc/720575940624783091.swc	ALPN
data/fafb_sample/swc/720575940615366055.swc	ALPN
data/fafb_sample/swc/720575940622311704.swc	ALPN
data/fafb_sample/swc/720575940616682875.swc	ALPN
data/fafb_sample/swc/720575940620437339.swc	ALPN
data/fafb_sample/swc/720575940613016104.swc	ALPN
data/fafb_sample/swc/720575940608845525.swc	ALPN
data/fafb_sample/swc/720575940636167280.swc	ALPN
data/fafb_sample/swc/720575940637282167.swc	ALPN
data/fafb_sample/swc/720575940636873791.swc	ALPN
data/fafb_sample/swc/720575940630146103.swc	ALPN
data/fafb_sample/swc/720575940615152011.swc	ALPN
data/fafb_sample/swc/720575940636096948.swc	ALPN
data/fafb_sample/swc/720575940627245585.swc	ALPN
data/fafb_sample/swc/720575940641369808.swc	ALPN
data/fafb_sample/swc/720575940628346194.swc	ALPN
data/fafb_sample/swc/720575940623913364.swc	ALPN
data/fafb_sample/swc/720575940621696747.swc	ALPN
data/fafb_sample/swc/720575940625493400.swc	ALPN
data/fafb_sample/swc/720575940629926159.swc	ALPN
data/fafb_sample/swc/720575940623605943.swc	ALPN
data/fafb_sample/swc/720575940614114814.swc	ALPN
data/fafb_sample/swc/720575940638689001.swc	ALPN
data/fafb_sample/swc/720575940624001321.swc	ALPN
data/fafb_sample/swc/720575940611520721.swc	ALPN
data/fafb_sample/swc/720575940620565673.swc	ALPN
data/fafb_sample/swc/720575940610423538.swc	ALPN
data/fafb_sample/swc/720575940619964788.swc	ALPN
data/fafb_sample/swc/720575940612355507.swc	ALPN
data/fafb_sample/swc/720575940618660043.swc	ALPN
data/fafb_sample/swc/720575940626917393.swc	ALPN
data/fafb_sample/swc/720575940622811430.swc	ALPN
data/fafb_sample/swc/720575940623875819.swc	ALPN
data/fafb_sample/swc/720575940613706866.swc	ALPN
data/fafb_sample/swc/720575940628338028.swc	ALPN
data/fafb_sample/swc/720575940618901533.swc	ALPN
data/fafb_sample/swc/720575940617381681.swc	ALPN
data/fafb_sample/swc/720575940622785062.swc	ALPN
data/fafb_sample/swc/720575940622389735.swc	ALPN
data/fafb_sample/swc/720575940628283560.swc	ALPN
data/fafb_sample/swc/720575940634715743.swc	ALPN
data/fafb_sample/swc/720575940623922869.swc	ALPN
data/fafb_sample/swc/720575940604974978.swc	ALPN
data/fafb_sample/swc/720575940632463464.swc	ALPN
data/fafb_sample/swc/720575940614871106.swc	ALPN
data/fafb_sample/swc/720575940622436277.swc	ALPN
data/fafb_sample/swc/720575940612653937.swc	ALPN
data/fafb_sample/swc/720575940646122804.swc	ALPN
data/fafb_sample/swc/720575940621926669.swc	ALPN
data/fafb_sample/swc/720575940623872263.swc	ALPN
data/fafb_sample/swc/720575940631054634.swc	ALPN
data/fafb_sample/swc/720575940617128705.swc	ALPN
data/fafb_sample/swc/720575940618897693.swc	ALPN
data/fafb_sample/swc/720575940614727903.swc	ALPN
data/fafb_sample/swc/720575940625040053.swc	ALPN
data/fafb_sample/swc/720575940617903168.swc	ALPN
data/fafb_sample/swc/720575940622448589.swc	ALPN
data/fafb_sample/swc/720575940626091602.swc	ALPN
data/fafb_sample/swc/720575940630493818.swc	ALPN
data/fafb_sample/swc/720575940631930828.swc	ALPN
data/fafb_sample/swc/720575940615160386.swc	ALPN
data/fafb_sample/swc/720575940604985265.swc	ALPN
data/fafb_sample/swc/720575940638719104.swc	ALPN
data/fafb_sample/swc/720575940609553419.swc	ALPN
data/fafb_sample/swc/720575940633052641.swc	ALPN
data/fafb_sample/swc/720575940640372021.swc	ALPN
data/fafb_sample/swc/720575940636523109.swc	ALPN
data/fafb_sample/swc/720575940640094592.swc	ALPN
data/fafb_sample/swc/720575940603446374.swc	ALPN
data/fafb_sample/swc/720575940628467611.swc	ALPN
data/fafb_sample/swc/720575940618404510.swc	ALPN
data/fafb_sample/swc/720575940625402501.swc	ALPN
data/fafb_sample/swc/720575940630778428.swc	ALPN
data/fafb_sample/swc/720575940620566808.swc	ALPN
data/fafb_sample/swc/720575940628259407.swc	ALPN
data/fafb_sample/swc/720575940620638335.swc	ALPN
data/fafb_sample/swc/720575940617207185.swc	ALPN
data/fafb_sample/swc/720575940637910106.swc	ALPN
data/fafb_sample/swc/720575940619620852.swc	ALPN
data/fafb_sample/swc/720575940627353426.swc	ALPN
data/fafb_sample/swc/720575940637526190.swc	ALPN
data/fafb_sample/swc/720575940636610270.swc	ALPN
data/fafb_sample/swc/720575940622547421.swc	ALPN
data/fafb_sample/swc/720575940627160322.swc	ALPN
data/fafb_sample/swc/720575940619928429.swc	ALPN
data/fafb_sample/swc/720575940630914858.swc	ALPN
data/fafb_sample/swc/720575940618368441.swc	ALPN
data/fafb_sample/swc/720575940620103590.swc	ALPN
data/fafb_sample/swc/720575940629367863.swc	ALPN
data/fafb_sample/swc/720575940616824588.swc	ALPN
data/fafb_sample/swc/720575940623303108.swc	ALPN
data/fafb_sample/swc/720575940615808029.swc	ALPN
data/fafb_sample/swc/720575940619071005.swc	ALPN
data/fafb_sample/swc/720575940639680957.swc	ALPN
data/fafb_sample/swc/720575940628077568.swc	ALPN
data/fafb_sample/swc/720575940606762686.swc	ALPN
data/fafb_sample/swc/720575940632032652.swc	ALPN
data/fafb_sample/swc/720575940624622826.swc	ALPN
data/fafb_sample/swc/720575940620024396.swc	ALPN
data/fafb_sample/swc/720575940624106701.swc	ALPN
data/fafb_sample/swc/720575940638288447.swc	ALPN
data/fafb_sample/swc/720575940627239946.swc	ALPN
data/fafb_sample/swc/720575940625823656.swc	ALPN
data/fafb_sample/swc/720575940623576141.swc	ALPN
data/fafb_sample/swc/720575940625431870.swc	ALPN
data/fafb_sample/swc/720575940621185050.swc	ALPN
data/fafb_sample/swc/720575940619376767.swc	ALPN
data/fafb_sample/swc/720575940620610217.swc	ALPN
data/fafb_sample/swc/720575940624083484.swc	ALPN
data/fafb_sample/swc/720575940620956144.swc	ALPN
data/fafb_sample/swc/720575940632216928.swc	ALPN
data/fafb_sample/swc/720575940629906425.swc	ALPN
data/fafb_sample/swc/720575940617642832.swc	ALPN
data/fafb_sample/swc/720575940611022515.swc	ALPN
data/fafb_sample/swc/720575940618800225.swc	ALPN
data/fafb_sample/swc/720575940630546540.swc	ALPN
data/fafb_sample/swc/720575940630131663.swc	ALPN
data/fafb_sample/swc/720575940637712243.swc	ALPN
data/fafb_sample/swc/720575940618840280.swc	ALPN
data/fafb_sample/swc/720575940625022270.swc	ALPN
data/fafb_sample/swc/720575940629733626.swc	ALPN
data/fafb_sample/swc/720575940623897613.swc	ALPN
data/fafb_sample/swc/720575940628951119.swc	ALPN
data/fafb_sample/swc/720575940630547909.swc	ALPN
data/fafb_sample/swc/720575940637594334.swc	ALPN
data/fafb_sample/swc/720575940624515571.swc	ALPN
data/fafb_sample/swc/720575940637632654.swc	ALPN
data/fafb_sample/swc/720575940615104927.swc	ALPN
data/fafb_sample/swc/720575940625007949.swc	ALPN
data/fafb_sample/swc/720575940661114753.swc	ALPN
data/fafb_sample/swc/720575940617781383.swc	ALPN
data/fafb_sample/swc/720575940613355423.swc	ALPN
data/fafb_sample/swc/720575940636401776.swc	ALPN
data/fafb_sample/swc/720575940612284569.swc	ALPN
data/fafb_sample/swc/720575940629083211.swc	ALPN
data/fafb_sample/swc/720575940624030819.swc	ALPN
data/fafb_sample/swc/720575940627575569.swc	ALPN
data/fafb_sample/swc/720575940605102694.swc	ALPN
data/fafb_sample/swc/720575940608130606.swc	ALPN
data/fafb_sample/swc/720575940613271219.swc	ALPN
data/fafb_sample/swc/720575940628181520.swc	ALPN
data/fafb_sample/swc/720575940642212552.swc	ALPN
data/fafb_sample/swc/720575940610752068.swc	ALPN
data/fafb_sample/swc/720575940633499548.swc	ALPN
data/fafb_sample/swc/720575940633804212.swc	ALPN
data/fafb_sample/swc/720575940627399724.swc	ALPN
data/fafb_sample/swc/720575940622368792.swc	ALPN
data/fafb_sample/swc/720575940622840211.swc	ALPN
data/fafb_sample/swc/720575940639013027.swc	ALPN
data/fafb_sample/swc/720575940620622691.swc	ALPN
data/fafb_sample/swc/720575940622734835.swc	ALPN
data/fafb_sample/swc/720575940604919473.swc	ALPN
data/fafb_sample/swc/720575940630155083.swc	ALPN
data/fafb_sample/swc/720575940625237891.swc	ALPN
data/fafb_sample/swc/720575940625249618.swc	ALPN
data/fafb_sample/swc/720575940660912001.swc	ALPN
data/fafb_sample/swc/720575940609903602.swc	ALPN
data/fafb_sample/swc/720575940612992479.swc	ALPN
data/fafb_sample/swc/720575940632571583.swc	ALPN
data/fafb_sample/swc/720575940607687260.swc	ALPN
data/fafb_sample/swc/720575940635933119.swc	ALPN
data/fafb_sample/swc/720575940614344354.swc	ALPN
data/fafb_sample/swc/720575940631752356.swc	ALPN
data/fafb_sample/swc/720575940644744864.swc	ALPN
data/fafb_sample/swc/720575940652875681.swc	ALPN
data/fafb_sample/swc/720575940628035543.swc	ALPN
data/fafb_sample/swc/720575940625097274.swc	ALPN
data/fafb_sample/swc/720575940631328104.swc	ALPN
data/fafb_sample/swc/720575940613943914.swc	ALPN
data/fafb_sample/swc/720575940619417326.swc	ALPN
data/fafb_sample/swc/720575940620710822.swc	ALPN
data/fafb_sample/swc/720575940630584079.swc	ALPN
data/fafb_sample/swc/720575940634939327.swc	ALPN
data/fafb_sample/swc/720575940609739669.swc	ALPN
data/fafb_sample/swc/720575940613050577.swc	ALPN
data/fafb_sample/swc/720575940612433614.swc	ALPN
data/fafb_sample/swc/720575940627244986.swc	ALPN
data/fafb_sample/swc/720575940642410020.swc	ALPN
data/fafb_sample/swc/720575940605391794.swc	ALPN
data/fafb_sample/swc/720575940613347793.swc	ALPN
data/fafb_sample/swc/720575940649045369.swc	ALPN
data/fafb_sample/swc/720575940621792438.swc	ALPN
data/fafb_sample/swc/720575940635604581.swc	ALPN
data/fafb_sample/swc/720575940626650776.swc	ALPN
data/fafb_sample/swc/720575940628024107.swc	ALPN
data/fafb_sample/swc/720575940631469964.swc	ALPN
data/fafb_sample/swc/720575940631633401.swc	ALPN
data/fafb_sample/swc/720575940609775115.swc	ALPN
data/fafb_sample/swc/720575940645104948.swc	ALPN
data/fafb_sample/swc/720575940625521899.swc	ALPN
data/fafb_sample/swc/720575940637185252.swc	ALPN
data/fafb_sample/swc/720575940609496585.swc	ALPN
data/fafb_sample/swc/720575940621256212.swc	ALPN
data/fafb_sample/swc/720575940608376622.swc	ALPN
data/fafb_sample/swc/720575940604418988.swc	ALPN
data/fafb_sample/swc/720575940629301248.swc	ALPN
data/fafb_sample/swc/720575940645532292.swc	ALPN
data/fafb_sample/swc/720575940636944966.swc	ALPN
data/fafb_sample/swc/720575940625564676.swc	ALPN
data/fafb_sample/swc/720575940633036369.swc	ALPN
data/fafb_sample/swc/720575940648650884.swc	ALPN
data/fafb_sample/swc/720575940618146619.swc	ALPN
data/fafb_sample/swc/720575940620199962.swc	ALPN
data/fafb_sample/swc/720575940619838912.swc	ALPN
data/fafb_sample/swc/720575940640971995.swc	ALPN
data/fafb_sample/swc/720575940623047950.swc	ALPN
data/fafb_sample/swc/720575940628954112.swc	ALPN
data/fafb_sample/swc/720575940608628419.swc	ALPN
data/fafb_sample/swc/720575940627719184.swc	ALPN
data/fafb_sample/swc/720575940620551259.swc	ALPN
data/fafb_sample/swc/720575940620189790.swc	ALPN
data/fafb_sample/swc/720575940626449154.swc	ALPN
data/fafb_sample/swc/720575940626852400.swc	ALPN
data/fafb_sample/swc/720575940625879537.swc	ALPN
data/fafb_sample/swc/720575940628164222.swc	ALPN
data/fafb_sample/swc/720575940635465396.swc	ALPN
data/fafb_sample/swc/720575940634658785.swc	ALPN
data/fafb_sample/swc/720575940634903403.swc	ALPN
data/fafb_sample/swc/720575940623986364.swc	ALPN
data/fafb_sample/swc/720575940613762466.swc	ALPN
data/fafb_sample/swc/720575940613809554.swc	ALPN
data/fafb_sample/swc/720575940622574532.swc	ALPN
data/fafb_sample/swc/720575940610070442.swc	ALPN
data/fafb_sample/swc/720575940631942999.swc	ALPN
data/fafb_sample/swc/720575940621142054.swc	ALPN
data/fafb_sample/swc/720575940639594611.swc	ALPN
data/fafb_sample/swc/720575940656090017.swc	ALPN
data/fafb_sample/swc/720575940629097922.swc	ALPN
data/fafb_sample/swc/720575940614610925.swc	ALPN
data/fafb_sample/swc/720575940615406751.swc	ALPN
data/fafb_sample/swc/720575940619439576.swc	ALPN
data/fafb_sample/swc/720575940624057853.swc	ALPN
data/fafb_sample/swc/720575940618210614.swc	ALPN
data/fafb_sample/swc/720575940622793310.swc	ALPN
data/fafb_sample/swc/720575940637864355.swc	ALPN
data/fafb_sample/swc/720575940634834544.swc	ALPN
data/fafb_sample/swc/720575940656077473.swc	ALPN
data/fafb_sample/swc/720575940603455846.swc	ALPN
data/fafb_sample/swc/720575940625544069.swc	ALPN
data/fafb_sample/swc/720575940609454603.swc	ALPN
data/fafb_sample/swc/720575940615394719.swc	ALPN
data/fafb_sample/swc/720575940633552028.swc	ALPN
data/fafb_sample/swc/720575940619772525.swc	ALPN
data/fafb_sample/swc/720575940629317991.swc	ALPN
data/fafb_sample/swc/720575940637628762.swc	ALPN
data/fafb_sample/swc/720575940624941244.swc	ALPN
data/fafb_sample/swc/720575940626675837.swc	ALPN
data/fafb_sample/swc/720575940619807397.swc	ALPN
data/fafb_sample/swc/720575940609903077.swc	ALPN
data/fafb_sample/swc/720575940622969096.swc	ALPN
data/fafb_sample/swc/720575940611079236.swc	ALPN
data/fafb_sample/swc/720575940616800780.swc	ALPN
data/fafb_sample/swc/720575940639017050.swc	ALPN
data/fafb_sample/swc/720575940632167085.swc	ALPN
data/fafb_sample/swc/720575940630066007.swc	ALPN
data/fafb_sample/swc/720575940627822647.swc	ALPN
data/fafb_sample/swc/720575940621820540.swc	ALPN
data/fafb_sample/swc/720575940606757041.swc	ALPN
data/fafb_sample/swc/720575940629947439.swc	ALPN
data/fafb_sample/swc/720575940613613619.swc	ALPN
data/fafb_sample/swc/720575940611323670.swc	ALPN
data/fafb_sample/swc/720575940622193276.swc	ALPN
data/fafb_sample/swc/720575940620896937.swc	ALPN
data/fafb_sample/swc/720575940630983954.swc	ALPN
data/fafb_sample/swc/720575940617839739.swc	ALPN
data/fafb_sample/swc/720575940618855344.swc	ALPN
data/fafb_sample/swc/720575940613869777.swc	ALPN
data/fafb_sample/swc/720575940620465904.swc	ALPN
data/fafb_sample/swc/720575940629874806.swc	ALPN
data/fafb_sample/swc/720575940625784153.swc	ALPN
data/fafb_sample/swc/720575940627129290.swc	ALPN
data/fafb_sample/swc/720575940659611777.swc	ALPN
data/fafb_sample/swc/720575940610609454.swc	ALPN
data/fafb_sample/swc/720575940610048981.swc	ALPN
data/fafb_sample/swc/720575940621529435.swc	ALPN
data/fafb_sample/swc/720575940629009513.swc	ALPN
data/fafb_sample/swc/720575940631274770.swc	ALPN
data/fafb_sample/swc/720575940623673802.swc	ALPN
data/fafb_sample/swc/720575940630301523.swc	ALPN
data/fafb_sample/swc/720575940626034819.swc	ALPN
data/fafb_sample/swc/720575940624175565.swc	ALPN
data/fafb_sample/swc/720575940622762995.swc	ALPN
data/fafb_sample/swc/720575940630770042.swc	ALPN
data/fafb_sample/swc/720575940625819138.swc	ALPN
data/fafb_sample/swc/720575940634710629.swc	ALPN
data/fafb_sample/swc/720575940612856273.swc	ALPN
data/fafb_sample/swc/720575940626043218.swc	ALPN
data/fafb_sample/swc/720575940628420008.swc	ALPN
data/fafb_sample/swc/720575940630275269.swc	ALPN
data/fafb_sample/swc/720575940621817046.swc	ALPN
data/fafb_sample/swc/720575940627949929.swc	ALPN
data/fafb_sample/swc/720575940620840368.swc	ALPN
data/fafb_sample/swc/720575940628185538.swc	ALPN
data/fafb_sample/swc/720575940618461121.swc	ALPN
data/fafb_sample/swc/720575940619337536.swc	ALPN
data/fafb_sample/swc/720575940628059722.swc	ALPN
data/fafb_sample/swc/720575940646416419.swc	ALPN
data/fafb_sample/swc/720575940625586122.swc	ALPN
data/fafb_sample/swc/720575940627042064.swc	ALPN
data/fafb_sample/swc/720575940612829663.swc	ALPN
data/fafb_sample/swc/720575940632721306.swc	ALPN
data/fafb_sample/swc/720575940621533985.swc	ALPN
data/fafb_sample/swc/720575940629963855.swc	ALPN
data/fafb_sample/swc/720575940609447179.swc	ALPN
data/fafb_sample/swc/720575940612605667.swc	ALPN
data/fafb_sample/swc/720575940622331882.swc	ALPN
data/fafb_sample/swc/720575940623465909.swc	ALPN
data/fafb_sample/swc/720575940625207019.swc	ALPN
data/fafb_sample/swc/720575940626247823.swc	ALPN
data/fafb_sample/swc/720575940625368976.swc	ALPN
data/fafb_sample/swc/720575940609218258.swc	ALPN
data/fafb_sample/swc/720575940632890681.swc	ALPN
data/fafb_sample/swc/720575940613751186.swc	ALPN
data/fafb_sample/swc/720575940608970197.swc	ALPN
data/fafb_sample/swc/720575940632627757.swc	ALPN
data/fafb_sample/swc/720575940622726271.swc	ALPN
data/fafb_sample/swc/720575940644238871.swc	ALPN
data/fafb_sample/swc/720575940605400096.swc	ALPN
data/fafb_sample/swc/720575940627772009.swc	ALPN
data/fafb_sample/swc/720575940603985952.swc	ALPN
data/fafb_sample/swc/720575940613864401.swc	ALPN
data/fafb_sample/swc/720575940622287142.swc	ALPN
data/fafb_sample/swc/720575940603231916.swc	ALPN
data/fafb_sample/swc/720575940622904069.swc	ALPN
data/fafb_sample/swc/720575940618256833.swc	ALPN
data/fafb_sample/swc/720575940625431866.swc	ALPN
data/fafb_sample/swc/720575940640032896.swc	ALPN
data/fafb_sample/swc/720575940652941217.swc	ALPN
data/fafb_sample/swc/720575940639202467.swc	ALPN
data/fafb_sample/swc/720575940618615360.swc	ALPN
data/fafb_sample/swc/720575940614714178.swc	ALPN
data/fafb_sample/swc/720575940631161570.swc	ALPN
data/fafb_sample/swc/720575940618865112.swc	ALPN
data/fafb_sample/swc/720575940642046453.swc	ALPN
data/fafb_sample/swc/720575940625176094.swc	ALPN
data/fafb_sample/swc/720575940628316047.swc	ALPN
data/fafb_sample/swc/720575940631683927.swc	ALPN
data/fafb_sample/swc/720575940622541005.swc	ALPN
data/fafb_sample/swc/720575940616273631.swc	ALPN
data/fafb_sample/swc/720575940639121571.swc	ALPN
data/fafb_sample/swc/720575940624695629.swc	ALPN
data/fafb_sample/swc/720575940628059948.swc	ALPN
data/fafb_sample/swc/720575940610100437.swc	ALPN
data/fafb_sample/swc/720575940607439964.swc	ALPN
data/fafb_sample/swc/720575940623287228.swc	ALPN
data/fafb_sample/swc/720575940623945404.swc	ALPN
data/fafb_sample/swc/720575940609891886.swc	ALPN
data/fafb_sample/swc/720575940622192822.swc	ALPN
data/fafb_sample/swc/720575940620266406.swc	ALPN
data/fafb_sample/swc/720575940623264906.swc	ALPN
data/fafb_sample/swc/720575940612167794.swc	ALPN
data/fafb_sample/swc/720575940630057728.swc	ALPN
data/fafb_sample/swc/720575940619280705.swc	ALPN
data/fafb_sample/swc/720575940640697808.swc	ALPN
data/fafb_sample/swc/720575940631462200.swc	ALPN
data/fafb_sample/swc/720575940610773782.swc	ALPN
data/fafb_sample/swc/720575940614065676.swc	ALPN
data/fafb_sample/swc/720575940610658766.swc	ALPN
data/fafb_sample/swc/720575940626601994.swc	ALPN
data/fafb_sample/swc/720575940613655483.swc	ALPN
data/fafb_sample/swc/720575940616079035.swc	ALPN
data/fafb_sample/swc/720575940611849187.swc	ALPN
data/fafb_sample/swc/720575940621021892.swc	ALPN
data/fafb_sample/swc/720575940626768656.swc	ALPN
data/fafb_sample/swc/720575940619766219.swc	ALPN
data/fafb_sample/swc/720575940628303607.swc	ALPN
data/fafb_sample/swc/720575940612062426.swc	ALPN
data/fafb_sample/swc/720575940623815486.swc	ALPN
data/fafb_sample/swc/720575940643517038.swc	ALPN
data/fafb_sample/swc/720575940621141542.swc	ALPN
data/fafb_sample/swc/720575940659400577.swc	ALPN
data/fafb_sample/swc/720575940615270545.swc	ALPN
data/fafb_sample/swc/720575940632720026.swc	ALPN
data/fafb_sample/swc/720575940637469254.swc	ALPN
data/fafb_sample/swc/720575940646661252.swc	ALPN
data/fafb_sample/swc/720575940608295032.swc	ALPN
data/fafb_sample/swc/720575940625924618.swc	ALPN
data/fafb_sample/swc/720575940630093051.swc	ALPN
data/fafb_sample/swc/720575940620445062.swc	ALPN
data/fafb_sample/swc/720575940632868563.swc	ALPN
data/fafb_sample/swc/720575940635066975.swc	ALPN
data/fafb_sample/swc/720575940637009636.swc	ALPN
data/fafb_sample/swc/720575940615081099.swc	ALPN
data/fafb_sample/swc/720575940631347011.swc	ALPN
data/fafb_sample/swc/720575940623444715.swc	ALPN
data/fafb_sample/swc/720575940635209884.swc	ALPN
data/fafb_sample/swc/720575940615529414.swc	ALPN
data/fafb_sample/swc/720575940622364184.swc	ALPN
data/fafb_sample/swc/720575940645106723.swc	ALPN
data/fafb_sample/swc/720575940649133945.swc	ALPN
data/fafb_sample/swc/720575940606337312.swc	ALPN
data/fafb_sample/swc/720575940640835672.swc	ALPN
data/fafb_sample/swc/720575940616566133.swc	ALPN
data/fafb_sample/swc/720575940622448166.swc	ALPN
data/fafb_sample/swc/720575940634976174.swc	ALPN
data/fafb_sample/swc/720575940637231593.swc	ALPN
data/fafb_sample/swc/720575940610052266.swc	ALPN
data/fafb_sample/swc/720575940613579943.swc	ALPN
data/fafb_sample/swc/720575940619470939.swc	ALPN
data/fafb_sample/swc/720575940621765708.swc	ALPN
data/fafb_sample/swc/720575940628834832.swc	ALPN
data/fafb_sample/swc/720575940637208718.swc	ALPN
data/fafb_sample/swc/720575940612856342.swc	ALPN
data/fafb_sample/swc/720575940650946425.swc	ALPN
data/fafb_sample/swc/720575940604407468.swc	ALPN
data/fafb_sample/swc/720575940640398477.swc	ALPN
data/fafb_sample/swc/720575940623617973.swc	ALPN
data/fafb_sample/swc/720575940612526819.swc	ALPN
data/fafb_sample/swc/720575940633190847.swc	ALPN
data/fafb_sample/swc/720575940613203119.swc	ALPN
data/fafb_sample/swc/720575940639138237.swc	ALPN
data/fafb_sample/swc/720575940630928715.swc	ALPN
data/fafb_sample/swc/720575940628323919.swc	ALPN
data/fafb_sample/swc/720575940626991147.swc	ALPN
data/fafb_sample/swc/720575940612197374.swc	ALPN
data/fafb_sample/swc/720575940623739076.swc	ALPN
data/fafb_sample/swc/720575940619411147.swc	ALPN
data/fafb_sample/swc/720575940639337461.swc	ALPN
data/fafb_sample/swc/720575940629451833.swc	ALPN
data/fafb_sample/swc/720575940629546538.swc	ALPN
data/fafb_sample/swc/720575940623707575.swc	ALPN
data/fafb_sample/swc/720575940630097103.swc	ALPN
data/fafb_sample/swc/720575940604412588.swc	ALPN
data/fafb_sample/swc/720575940630989354.swc	ALPN
data/fafb_sample/swc/720575940607001986.swc	ALPN
data/fafb_sample/swc/720575940644961588.swc	ALPN
data/fafb_sample/swc/720575940619203925.swc	ALPN
data/fafb_sample/swc/720575940604431584.swc	ALPN
data/fafb_sample/swc/720575940618295454.swc	ALPN
data/fafb_sample/swc/720575940624789125.swc	ALPN
data/fafb_sample/swc/720575940630432815.swc	ALPN
data/fafb_sample/swc/720575940625627023.swc	ALPN
data/fafb_sample/swc/720575940624204839.swc	ALPN
data/fafb_sample/swc/720575940617030178.swc	ALPN
data/fafb_sample/swc/720575940640007296.swc	ALPN
data/fafb_sample/swc/720575940615189465.swc	ALPN
data/fafb_sample/swc/720575940624834697.swc	ALPN
data/fafb_sample/swc/720575940632243019.swc	ALPN
data/fafb_sample/swc/720575940618361489.swc	ALPN
data/fafb_sample/swc/720575940626086158.swc	ALPN
data/fafb_sample/swc/720575940624770791.swc	ALPN
data/fafb_sample/swc/720575940634035863.swc	ALPN
data/fafb_sample/swc/720575940624620952.swc	ALPN
data/fafb_sample/swc/720575940637056887.swc	ALPN
data/fafb_sample/swc/720575940630686060.swc	ALPN
data/fafb_sample/swc/720575940604403628.swc	ALPN
data/fafb_sample/swc/720575940628524292.swc	ALPN
data/fafb_sample/swc/720575940627708688.swc	ALPN
data/fafb_sample/swc/720575940624650988.swc	ALPN
data/fafb_sample/swc/720575940622567659.swc	ALPN
data/fafb_sample/swc/720575940629587671.swc	ALPN
data/fafb_sample/swc/720575940633356883.swc	ALPN
data/fafb_sample/swc/720575940630217086.swc	ALPN
data/fafb_sample/swc/720575940612320498.swc	ALPN
data/fafb_sample/swc/720575940631305068.swc	ALPN
data/fafb_sample/swc/720575940618214383.swc	ALPN
data/fafb_sample/swc/720575940634229615.swc	ALPN
data/fafb_sample/swc/720575940638778165.swc	ALPN
data/fafb_sample/swc/720575940625014928.swc	ALPN
data/fafb_sample/swc/720575940623547133.swc	ALPN
data/fafb_sample/swc/720575940611703080.swc	ALPN
data/fafb_sample/swc/720575940644004768.swc	ALPN
data/fafb_sample/swc/720575940607198898.swc	ALPN
data/fafb_sample/swc/720575940631576351.swc	ALPN
data/fafb_sample/swc/720575940622723598.swc	ALPN
data/fafb_sample/swc/720575940604414636.swc	ALPN
data/fafb_sample/swc/720575940621753377.swc	ALPN
data/fafb_sample/swc/720575940605309361.swc	ALPN
data/fafb_sample/swc/720575940629724380.swc	ALPN
data/fafb_sample/swc/720575940614774923.swc	ALPN
data/fafb_sample/swc/720575940616397122.swc	ALPN
data/fafb_sample/swc/720575940627172100.swc	ALPN
data/fafb_sample/swc/720575940620624589.swc	ALPN
data/fafb_sample/swc/720575940629346103.swc	ALPN
data/fafb_sample/swc/720575940614009827.swc	ALPN
data/fafb_sample/swc/720575940625413395.swc	ALPN
data/fafb_sample/swc/720575940621196224.swc	ALPN
data/fafb_sample/swc/720575940612031986.swc	ALPN
data/fafb_sample/swc/720575940633688275.swc	ALPN
data/fafb_sample/swc/720575940620233307.swc	ALPN
data/fafb_sample/swc/720575940618609462.swc	ALPN
data/fafb_sample/swc/720575940617422641.swc	ALPN
data/fafb_sample/swc/720575940639479366.swc	ALPN
data/fafb_sample/swc/720575940612217342.swc	ALPN
data/fafb_sample/swc/720575940629752219.swc	ALPN
data/fafb_sample/swc/720575940632698797.swc	ALPN
data/fafb_sample/swc/720575940617552541.swc	ALPN
data/fafb_sample/swc/720575940621017540.swc	ALPN
data/fafb_sample/swc/720575940623039672.swc	ALPN
data/fafb_sample/swc/720575940635983770.swc	ALPN
data/fafb_sample/swc/720575940617668747.swc	ALPN
data/fafb_sample/swc/720575940626986885.swc	ALPN
data/fafb_sample/swc/720575940604911793.swc	ALPN
data/fafb_sample/swc/720575940621316033.swc	ALPN
data/fafb_sample/swc/720575940612699761.swc	ALPN
data/fafb_sample/swc/720575940606649865.swc	ALPN
data/fafb_sample/swc/720575940622675494.swc	ALPN
data/fafb_sample/swc/720575940640804853.swc	ALPN
data/fafb_sample/swc/720575940631742156.swc	ALPN
data/fafb_sample/swc/720575940628200506.swc	ALPN
data/fafb_sample/swc/720575940645403939.swc	ALPN
data/fafb_sample/swc/720575940612468594.swc	ALPN
data/fafb_sample/swc/720575940615255993.swc	ALPN
data/fafb_sample/swc/720575940624960522.swc	ALPN
data/fafb_sample/swc/720575940615462978.swc	ALPN
data/fafb_sample/swc/720575940649743225.swc	ALPN
data/fafb_sample/swc/720575940607539907.swc	ALPN
data/fafb_sample/swc/720575940633166151.swc	ALPN
data/fafb_sample/swc/720575940620196628.swc	ALPN
data/fafb_sample/swc/720575940633074145.swc	ALPN
data/fafb_sample/swc/720575940610292430.swc	ALPN
data/fafb_sample/swc/720575940621239679.swc	ALPN
data/fafb_sample/swc/720575940619456728.swc	ALPN
data/fafb_sample/swc/720575940623902471.swc	ALPN
data/fafb_sample/swc/720575940618142813.swc	ALPN
data/fafb_sample/swc/720575940630549370.swc	ALPN
data/fafb_sample/swc/720575940626937617.swc	ALPN
data/fafb_sample/swc/720575940616345686.swc	ALPN
data/fafb_sample/swc/720575940627480586.swc	ALPN
data/fafb_sample/swc/720575940621926765.swc	ALPN
data/fafb_sample/swc/720575940627928911.swc	ALPN
data/fafb_sample/swc/720575940608898005.swc	ALPN
data/fafb_sample/swc/720575940620068518.swc	ALPN
data/fafb_sample/swc/720575940614309535.swc	ALPN
data/fafb_sample/swc/720575940633884333.swc	ALPN
data/fafb_sample/swc/720575940620725720.swc	ALPN
data/fafb_sample/swc/720575940629279544.swc	ALPN
data/fafb_sample/swc/720575940632128908.swc	ALPN
data/fafb_sample/swc/720575940631301715.swc	ALPN
data/fafb_sample/swc/720575940613824914.swc	ALPN
data/fafb_sample/swc/720575940627114492.swc	ALPN
data/fafb_sample/swc/720575940638583869.swc	ALPN
data/fafb_sample/swc/720575940612678637.swc	ALPN
data/fafb_sample/swc/720575940630134839.swc	ALPN
data/fafb_sample/swc/720575940623307447.swc	ALPN
data/fafb_sample/swc/720575940634207443.swc	ALPN
data/fafb_sample/swc/720575940620467438.swc	ALPN
data/fafb_sample/swc/720575940619902598.swc	ALPN
data/fafb_sample/swc/720575940606498313.swc	ALPN
data/fafb_sample/swc/720575940642962286.swc	ALPN
data/fafb_sample/swc/720575940627677017.swc	ALPN
data/fafb_sample/swc/720575940615775771.swc	ALPN
data/fafb_sample/swc/720575940642492576.swc	ALPN
data/fafb_sample/swc/720575940618499238.swc	ALPN
data/fafb_sample/swc/720575940640883363.swc	ALPN
data/fafb_sample/swc/720575940624039560.swc	ALPN
data/fafb_sample/swc/720575940627844734.swc	ALPN
data/fafb_sample/swc/720575940630024566.swc	ALPN
data/fafb_sample/swc/720575940624661552.swc	ALPN
data/fafb_sample/swc/720575940614238114.swc	ALPN
data/fafb_sample/swc/720575940610511043.swc	ALPN
data/fafb_sample/swc/720575940630895055.swc	ALPN
data/fafb_sample/swc/720575940608341806.swc	ALPN
data/fafb_sample/swc/720575940617470137.swc	ALPN
data/fafb_sample/swc/720575940611557785.swc	ALPN
data/fafb_sample/swc/720575940626959134.swc	ALPN
data/fafb_sample/swc/720575940627958889.swc	ALPN
data/fafb_sample/swc/720575940613058802.swc	ALPN
data/fafb_sample/swc/720575940628504919.swc	ALPN
data/fafb_sample/swc/720575940631630021.swc	ALPN
data/fafb_sample/swc/720575940623528925.swc	ALPN
data/fafb_sample/swc/720575940624879911.swc	ALPN
data/fafb_sample/swc/720575940629894716.swc	ALPN
data/fafb_sample/swc/720575940638149744.swc	ALPN
data/fafb_sample/swc/720575940621103743.swc	ALPN
data/fafb_sample/swc/720575940635838606.swc	ALPN
data/fafb_sample/swc/720575940605421442.swc	ALPN
data/fafb_sample/swc/720575940608293129.swc	ALPN
data/fafb_sample/swc/720575940623218390.swc	ALPN
data/fafb_sample/swc/720575940621762081.swc	ALPN
data/fafb_sample/swc/720575940635082871.swc	ALPN
data/fafb_sample/swc/720575940612551594.swc	ALPN
data/fafb_sample/swc/720575940621414676.swc	ALPN
data/fafb_sample/swc/720575940631801671.swc	ALPN
data/fafb_sample/swc/720575940609080696.swc	LHLN
data/fafb_sample/swc/720575940629939499.swc	LHLN
data/fafb_sample/swc/720575940625679408.swc	LHLN
data/fafb_sample/swc/720575940646508852.swc	LHLN
data/fafb_sample/swc/720575940630933199.swc	LHLN
data/fafb_sample/swc/720575940628783632.swc	LHLN
data/fafb_sample/swc/720575940654933153.swc	LHLN
data/fafb_sample/swc/720575940635026879.swc	LHLN
data/fafb_sample/swc/720575940622091546.swc	LHLN
data/fafb_sample/swc/720575940635566584.swc	LHLN
data/fafb_sample/swc/720575940633932569.swc	LHLN
data/fafb_sample/swc/720575940646682756.swc	LHLN
data/fafb_sample/swc/720575940634298975.swc	LHLN
data/fafb_sample/swc/720575940630963141.swc	LHLN
data/fafb_sample/swc/720575940617400550.swc	LHLN
data/fafb_sample/swc/720575940622090316.swc	LHLN
data/fafb_sample/swc/720575940629236291.swc	LHLN
data/fafb_sample/swc/720575940631964130.swc	LHLN
data/fafb_sample/swc/720575940630110263.swc	LHLN
data/fafb_sample/swc/720575940635944303.swc	LHLN
data/fafb_sample/swc/720575940622926104.swc	LHLN
data/fafb_sample/swc/720575940612504434.swc	LHLN
data/fafb_sample/swc/720575940631477305.swc	LHLN
data/fafb_sample/swc/720575940611527544.swc	LHLN
data/fafb_sample/swc/720575940624917432.swc	LHLN
data/fafb_sample/swc/720575940640097664.swc	LHLN
data/fafb_sample/swc/720575940628928771.swc	LHLN
data/fafb_sample/swc/720575940623291647.swc	LHLN
data/fafb_sample/swc/720575940631232786.swc	LHLN
data/fafb_sample/swc/720575940621744116.swc	LHLN
data/fafb_sample/swc/720575940634464864.swc	LHLN
data/fafb_sample/swc/720575940625452176.swc	LHLN
data/fafb_sample/swc/720575940630608492.swc	LHLN
data/fafb_sample/swc/720575940615917580.swc	LHLN
data/fafb_sample/swc/720575940628231211.swc	LHLN
data/fafb_sample/swc/720575940636481637.swc	LHLN
data/fafb_sample/swc/720575940625874469.swc	LHLN
data/fafb_sample/swc/720575940623450564.swc	LHLN
data/fafb_sample/swc/720575940628336401.swc	LHLN
data/fafb_sample/swc/720575940625286473.swc	LHLN
data/fafb_sample/swc/720575940638115817.swc	LHLN
data/fafb_sample/swc/720575940624758771.swc	LHLN
data/fafb_sample/swc/720575940612347363.swc	LHLN
data/fafb_sample/swc/720575940618373701.swc	LHLN
data/fafb_sample/swc/720575940639685437.swc	LHLN
data/fafb_sample/swc/720575940639673715.swc	LHLN
data/fafb_sample/swc/720575940629044891.swc	LHLN
data/fafb_sample/swc/720575940608971989.swc	LHLN
data/fafb_sample/swc/720575940616949406.swc	LHLN
data/fafb_sample/swc/720575940616565109.swc	LHLN
data/fafb_sample/swc/720575940632816301.swc	LHLN
data/fafb_sample/swc/720575940631268114.swc	LHLN
data/fafb_sample/swc/720575940624785139.swc	LHLN
data/fafb_sample/swc/720575940621142081.swc	LHLN
data/fafb_sample/swc/720575940631763779.swc	LHLN
data/fafb_sample/swc/720575940624794611.swc	LHLN
data/fafb_sample/swc/720575940612071130.swc	LHLN
data/fafb_sample/swc/720575940632826925.swc	LHLN
data/fafb_sample/swc/720575940630558316.swc	LHLN
data/fafb_sample/swc/720575940629980972.swc	LHLN
data/fafb_sample/swc/720575940639892824.swc	LHLN
data/fafb_sample/swc/720575940635731063.swc	LHLN
data/fafb_sample/swc/720575940623056653.swc	LHLN
data/fafb_sample/swc/720575940630659781.swc	LHLN
data/fafb_sample/swc/720575940630830458.swc	LHLN
data/fafb_sample/swc/720575940618654016.swc	LHLN
data/fafb_sample/swc/720575940636588430.swc	LHLN
data/fafb_sample/swc/720575940618887838.swc	LHLN
data/fafb_sample/swc/720575940624666604.swc	LHLN
data/fafb_sample/swc/720575940604663520.swc	LHLN
data/fafb_sample/swc/720575940618574400.swc	LHLN
data/fafb_sample/swc/720575940631261714.swc	LHLN
data/fafb_sample/swc/720575940625695280.swc	LHLN
data/fafb_sample/swc/720575940639204661.swc	LHLN
data/fafb_sample/swc/720575940636520805.swc	LHLN
data/fafb_sample/swc/720575940638113001.swc	LHLN
data/fafb_sample/swc/720575940629502991.swc	LHLN
data/fafb_sample/swc/720575940619916368.swc	LHLN
data/fafb_sample/swc/720575940620454848.swc	LHLN
data/fafb_sample/swc/720575940623064200.swc	LHLN
data/fafb_sample/swc/720575940624187133.swc	LHLN
data/fafb_sample/swc/720575940626966794.swc	LHLN
data/fafb_sample/swc/720575940633953049.swc	LHLN
data/fafb_sample/swc/720575940628829352.swc	LHLN
data/fafb_sample/swc/720575940606761161.swc	LHLN
data/fafb_sample/swc/720575940645097838.swc	LHLN
data/fafb_sample/swc/720575940613253091.swc	LHLN
data/fafb_sample/swc/720575940612499097.swc	LHLN
data/fafb_sample/swc/720575940627166225.swc	LHLN
data/fafb_sample/swc/720575940614129887.swc	LHLN
data/fafb_sample/swc/720575940633450351.swc	LHLN
data/fafb_sample/swc/720575940627195748.swc	LHLN
data/fafb_sample/swc/720575940646412323.swc	LHLN
data/fafb_sample/swc/720575940630164028.swc	LHLN
data/fafb_sample/swc/720575940639230692.swc	LHLN
data/fafb_sample/swc/720575940622209404.swc	LHLN
data/fafb_sample/swc/720575940624763891.swc	LHLN
data/fafb_sample/swc/720575940607896265.swc	LHLN
data/fafb_sample/swc/720575940635116127.swc	LHLN
data/fafb_sample/swc/720575940620913773.swc	LHLN
data/fafb_sample/swc/720575940626793305.swc	LHLN
data/fafb_sample/swc/720575940634710879.swc	LHLN
data/fafb_sample/swc/720575940639661939.swc	LHLN
data/fafb_sample/swc/720575940620254836.swc	LHLN
data/fafb_sample/swc/720575940623444676.swc	LHLN
data/fafb_sample/swc/720575940623871723.swc	LHLN
data/fafb_sample/swc/720575940624781555.swc	LHLN
data/fafb_sample/swc/720575940628839419.swc	LHLN
data/fafb_sample/swc/720575940628917763.swc	LHLN
data/fafb_sample/swc/720575940620584175.swc	LHLN
data/fafb_sample/swc/720575940639021646.swc	LHLN
data/fafb_sample/swc/720575940619488472.swc	LHLN
data/fafb_sample/swc/720575940631763267.swc	LHLN
data/fafb_sample/swc/720575940625606916.swc	LHLN
data/fafb_sample/swc/720575940631877688.swc	LHLN
data/fafb_sample/swc/720575940606769609.swc	LHLN
data/fafb_sample/swc/720575940608956117.swc	LHLN
data/fafb_sample/swc/720575940632113871.swc	LHLN
data/fafb_sample/swc/720575940625066388.swc	LHLN
data/fafb_sample/swc/720575940628794371.swc	LHLN
data/fafb_sample/swc/720575940630242668.swc	LHLN
data/fafb_sample/swc/720575940621332150.swc	LHLN
data/fafb_sample/swc/720575940614638754.swc	LHLN
data/fafb_sample/swc/720575940628209863.swc	LHLN
data/fafb_sample/swc/720575940635052127.swc	LHLN
data/fafb_sample/swc/720575940623126200.swc	LHLN
data/fafb_sample/swc/720575940632825389.swc	LHLN
data/fafb_sample/swc/720575940629398316.swc	LHLN
data/fafb_sample/swc/720575940619823051.swc	LHLN
data/fafb_sample/swc/720575940627654165.swc	LHLN
data/fafb_sample/swc/720575940626495238.swc	LHLN
data/fafb_sample/swc/720575940644150819.swc	LHLN
data/fafb_sample/swc/720575940608200713.swc	LHLN
data/fafb_sample/swc/720575940628236200.swc	LHLN
data/fafb_sample/swc/720575940619545905.swc	LHLN
data/fafb_sample/swc/720575940612375761.swc	LHLN
data/fafb_sample/swc/720575940614681746.swc	LHLN
data/fafb_sample/swc/720575940606641538.swc	LHLN
data/fafb_sample/swc/720575940632615628.swc	LHLN
data/fafb_sample/swc/720575940632189255.swc	LHLN
data/fafb_sample/swc/720575940625826352.swc	LHLN
data/fafb_sample/swc/720575940625698096.swc	LHLN
data/fafb_sample/swc/720575940633198500.swc	LHLN
data/fafb_sample/swc/720575940612547442.swc	LHLN
data/fafb_sample/swc/720575940610495125.swc	LHLN
data/fafb_sample/swc/720575940621371124.swc	LHLN
data/fafb_sample/swc/720575940611175118.swc	LHLN
data/fafb_sample/swc/720575940619865941.swc	LHLN
data/fafb_sample/swc/720575940632287057.swc	LHLN
data/fafb_sample/swc/720575940627972860.swc	LHLN
data/fafb_sample/swc/720575940622354870.swc	LHLN
data/fafb_sample/swc/720575940633988633.swc	LHLN
data/fafb_sample/swc/720575940624019431.swc	LHLN
data/fafb_sample/swc/720575940632501805.swc	LHLN
data/fafb_sample/swc/720575940615503938.swc	LHLN
data/fafb_sample/swc/720575940633599201.swc	LHLN
data/fafb_sample/swc/720575940614676626.swc	LHLN
data/fafb_sample/swc/720575940617502977.swc	LHLN
data/fafb_sample/swc/720575940626143550.swc	LHLN
data/fafb_sample/swc/720575940623282175.swc	LHLN
data/fafb_sample/swc/720575940641243125.swc	LHLN
data/fafb_sample/swc/720575940620112007.swc	LHLN
data/fafb_sample/swc/720575940614709410.swc	LHLN
data/fafb_sample/swc/720575940618989982.swc	LHLN
data/fafb_sample/swc/720575940612593361.swc	LHLN
data/fafb_sample/swc/720575940630926863.swc	LHLN
data/fafb_sample/swc/720575940621706480.swc	LHLN
data/fafb_sample/swc/720575940619253809.swc	LHLN
data/fafb_sample/swc/720575940616852317.swc	LHLN
data/fafb_sample/swc/720575940614478230.swc	LHLN
data/fafb_sample/swc/720575940629646974.swc	LHLN
data/fafb_sample/swc/720575940623969717.swc	LHLN
data/fafb_sample/swc/720575940620561761.swc	LHLN
data/fafb_sample/swc/720575940607814492.swc	LHLN
data/fafb_sample/swc/720575940654926497.swc	LHLN
data/fafb_sample/swc/720575940614908758.swc	LHLN
data/fafb_sample/swc/720575940631710860.swc	LHLN
data/fafb_sample/swc/720575940626792025.swc	LHLN
data/fafb_sample/swc/720575940605882336.swc	LHLN
data/fafb_sample/swc/720575940628747080.swc	LHLN
data/fafb_sample/swc/720575940615512130.swc	LHLN
data/fafb_sample/swc/720575940628792323.swc	LHLN
data/fafb_sample/swc/720575940606563249.swc	LHLN
data/fafb_sample/swc/720575940607012482.swc	LHLN
data/fafb_sample/swc/720575940640154240.swc	LHLN
data/fafb_sample/swc/720575940614066483.swc	LHLN
data/fafb_sample/swc/720575940621732129.swc	LHLN
data/fafb_sample/swc/720575940620197652.swc	LHLN
data/fafb_sample/swc/720575940612549802.swc	LHLN
data/fafb_sample/swc/720575940620476075.swc	LHLN
data/fafb_sample/swc/720575940624019893.swc	LHLN
data/fafb_sample/swc/720575940615502658.swc	LHLN
data/fafb_sample/swc/720575940637596126.swc	LHLN
data/fafb_sample/swc/720575940632099212.swc	LHLN
data/fafb_sample/swc/720575940623093197.swc	LHLN
data/fafb_sample/swc/720575940627351887.swc	LHLN
data/fafb_sample/swc/720575940614792554.swc	LHLN
data/fafb_sample/swc/720575940620573516.swc	LHLN
data/fafb_sample/swc/720575940628823299.swc	LHLN
data/fafb_sample/swc/720575940624309739.swc	LHLN
data/fafb_sample/swc/720575940631181842.swc	LHLN
data/fafb_sample/swc/720575940621761057.swc	LHLN
data/fafb_sample/swc/720575940624166141.swc	LHLN
data/fafb_sample/swc/720575940646431267.swc	LHLN
data/fafb_sample/swc/720575940621002593.swc	LHLN
data/fafb_sample/swc/720575940634970559.swc	LHLN
data/fafb_sample/swc/720575940623064968.swc	LHLN
data/fafb_sample/swc/720575940624934844.swc	LHLN
data/fafb_sample/swc/720575940634938303.swc	LHLN
data/fafb_sample/swc/720575940630258391.swc	LHLN
data/fafb_sample/swc/720575940607208882.swc	LHLN
data/fafb_sample/swc/720575940619168728.swc	LHLN
data/fafb_sample/swc/720575940632437412.swc	LHLN
data/fafb_sample/swc/720575940632998591.swc	LHLN
data/fafb_sample/swc/720575940643804832.swc	LHLN
data/fafb_sample/swc/720575940620552539.swc	LHLN
data/fafb_sample/swc/720575940638056164.swc	LHLN
data/fafb_sample/swc/720575940630902991.swc	LHLN
data/fafb_sample/swc/720575940639134141.swc	LHLN
data/fafb_sample/swc/720575940620408353.swc	LHLN
data/fafb_sample/swc/720575940619927893.swc	LHLN
data/fafb_sample/swc/720575940639613043.swc	LHLN
data/fafb_sample/swc/720575940635050394.swc	LHLN
data/fafb_sample/swc/720575940628634191.swc	LHLN
data/fafb_sample/swc/720575940616180566.swc	LHLN
data/fafb_sample/swc/720575940626446594.swc	LHLN
data/fafb_sample/swc/720575940624520999.swc	LHLN
data/fafb_sample/swc/720575940620236052.swc	LHLN
data/fafb_sample/swc/720575940625006157.swc	LHLN
data/fafb_sample/swc/720575940625686458.swc	LHLN
data/fafb_sample/swc/720575940614953565.swc	LHLN
data/fafb_sample/swc/720575940614553767.swc	LHLN
data/fafb_sample/swc/720575940602977248.swc	LHLN
data/fafb_sample/swc/720575940626439426.swc	LHLN
data/fafb_sample/swc/720575940616140475.swc	LHLN
data/fafb_sample/swc/720575940621383679.swc	LHLN
data/fafb_sample/swc/720575940612519538.swc	LHLN
data/fafb_sample/swc/720575940632259887.swc	LHLN
data/fafb_sample/swc/720575940630317415.swc	LHLN
data/fafb_sample/swc/720575940637509190.swc	LHLN
data/fafb_sample/swc/720575940635963503.swc	LHLN
data/fafb_sample/swc/720575940630607212.swc	LHLN
data/fafb_sample/swc/720575940620530267.swc	LHLN
data/fafb_sample/swc/720575940627728009.swc	LHLN
data/fafb_sample/swc/720575940635068255.swc	LHLN
data/fafb_sample/swc/720575940630281319.swc	LHLN
data/fafb_sample/swc/720575940620178141.swc	LHLN
data/fafb_sample/swc/720575940645024878.swc	LHLN
data/fafb_sample/swc/720575940608344412.swc	LHLN
data/fafb_sample/swc/720575940632692051.swc	LHLN
data/fafb_sample/swc/720575940611835098.swc	LHLN
data/fafb_sample/swc/720575940614792810.swc	LHLN
data/fafb_sample/swc/720575940618991227.swc	LHLN
data/fafb_sample/swc/720575940608626697.swc	LHLN
data/fafb_sample/swc/720575940636473006.swc	LHLN
data/fafb_sample/swc/720575940615257823.swc	LHLN
data/fafb_sample/swc/720575940640732112.swc	LHLN
data/fafb_sample/swc/720575940630281687.swc	LHLN
data/fafb_sample/swc/720575940647472260.swc	LHLN
data/fafb_sample/swc/720575940621292126.swc	LHLN
data/fafb_sample/swc/720575940638097983.swc	LHLN
data/fafb_sample/swc/720575940628787528.swc	LHLN
data/fafb_sample/swc/720575940634229402.swc	LHLN
data/fafb_sample/swc/720575940638932277.swc	LHLN
data/fafb_sample/swc/720575940636620942.swc	LHLN
data/fafb_sample/swc/720575940615792946.swc	LHLN
data/fafb_sample/swc/720575940627174419.swc	LHLN
data/fafb_sample/swc/720575940624680172.swc	LHLN
data/fafb_sample/swc/720575940637664357.swc	LHLN
data/fafb_sample/swc/720575940634988991.swc	LHLN
data/fafb_sample/swc/720575940631908712.swc	LHLN
data/fafb_sample/swc/720575940631460394.swc	LHLN
data/fafb_sample/swc/720575940641562587.swc	LHLN
data/fafb_sample/swc/720575940635919471.swc	LHLN
data/fafb_sample/swc/720575940613863087.swc	LHLN
data/fafb_sample/swc/720575940624299412.swc	LHLN
data/fafb_sample/swc/720575940629058203.swc	LHLN
data/fafb_sample/swc/720575940644907543.swc	LHLN
data/fafb_sample/swc/720575940635334044.swc	LHLN
data/fafb_sample/swc/720575940623972279.swc	LHLN
data/fafb_sample/swc/720575940609850436.swc	LHLN
data/fafb_sample/swc/720575940614105297.swc	LHLN
data/fafb_sample/swc/720575940610915026.swc	LHLN
data/fafb_sample/swc/720575940641945307.swc	LHLN
data/fafb_sample/swc/720575940635001535.swc	LHLN
data/fafb_sample/swc/720575940625457712.swc	LHLN
data/fafb_sample/swc/720575940612914546.swc	LHLN
data/fafb_sample/swc/720575940622929944.swc	LHLN
data/fafb_sample/swc/720575940625672138.swc	LHLN
data/fafb_sample/swc/720575940622195324.swc	LHLN
data/fafb_sample/swc/720575940627996422.swc	LHLN
data/fafb_sample/swc/720575940620954278.swc	LHLN
data/fafb_sample/swc/720575940626587779.swc	LHLN
data/fafb_sample/swc/720575940626930206.swc	LHLN
data/fafb_sample/swc/720575940625953317.swc	LHLN
data/fafb_sample/swc/720575940637331575.swc	LHLN
data/fafb_sample/swc/720575940615781307.swc	LHLN
data/fafb_sample/swc/720575940604398816.swc	LHLN
data/fafb_sample/swc/720575940635958895.swc	LHLN
data/fafb_sample/swc/720575940622746637.swc	LHLN
data/fafb_sample/swc/720575940636609166.swc	LHLN
data/fafb_sample/swc/720575940610045402.swc	LHLN
data/fafb_sample/swc/720575940627726223.swc	LHLN
data/fafb_sample/swc/720575940630616168.swc	LHLN
data/fafb_sample/swc/720575940636607886.swc	LHLN
data/fafb_sample/swc/720575940628007676.swc	LHLN
data/fafb_sample/swc/720575940629318759.swc	LHLN
data/fafb_sample/swc/720575940618358597.swc	LHLN
data/fafb_sample/swc/720575940628890024.swc	LHLN
data/fafb_sample/swc/720575940636526308.swc	LHLN
data/fafb_sample/swc/720575940613226989.swc	LHLN
data/fafb_sample/swc/720575940620226753.swc	LHLN
data/fafb_sample/swc/720575940629675902.swc	LHLN
data/fafb_sample/swc/720575940636524133.swc	LHLN
data/fafb_sample/swc/720575940613213165.swc	LHLN
data/fafb_sample/swc/720575940628825594.swc	LHLN
data/fafb_sample/swc/720575940612794902.swc	LHLN
data/fafb_sample/swc/720575940620639982.swc	LHLN
data/fafb_sample/swc/720575940618039067.swc	LHLN
data/fafb_sample/swc/720575940623436364.swc	LHLN
data/fafb_sample/swc/720575940610514478.swc	LHLN
data/fafb_sample/swc/720575940608888277.swc	LHLN
data/fafb_sample/swc/720575940627261882.swc	LHLN
data/fafb_sample/swc/720575940632271405.swc	LHLN
data/fafb_sample/swc/720575940615802598.swc	LHLN
data/fafb_sample/swc/720575940603492012.swc	LHLN
data/fafb_sample/swc/720575940623289087.swc	LHLN
data/fafb_sample/swc/720575940625685296.swc	LHLN
data/fafb_sample/swc/720575940629044862.swc	LHLN
data/fafb_sample/swc/720575940620205147.swc	LHLN
data/fafb_sample/swc/720575940612586211.swc	LHLN
data/fafb_sample/swc/720575940614486439.swc	LHLN
data/fafb_sample/swc/720575940623707831.swc	LHLN
data/fafb_sample/swc/720575940631880505.swc	LHLN
data/fafb_sample/swc/720575940631758111.swc	LHLN
data/fafb_sample/swc/720575940633626594.swc	LHLN
data/fafb_sample/swc/720575940630932943.swc	LHLN
data/fafb_sample/swc/720575940632271697.swc	LHLN
data/fafb_sample/swc/720575940615437983.swc	LHLN
data/fafb_sample/swc/720575940620044190.swc	LHLN
data/fafb_sample/swc/720575940637068400.swc	LHLN
data/fafb_sample/swc/720575940629726590.swc	LHLN
data/fafb_sample/swc/720575940622274013.swc	LHLN
data/fafb_sample/swc/720575940631251242.swc	LHLN
data/fafb_sample/swc/720575940654972577.swc	LHLN
data/fafb_sample/swc/720575940624665068.swc	LHLN
data/fafb_sample/swc/720575940622915864.swc	LHLN
data/fafb_sample/swc/720575940634208151.swc	LHLN
data/fafb_sample/swc/720575940615465531.swc	LHLN
data/fafb_sample/swc/720575940632102284.swc	LHLN
data/fafb_sample/swc/720575940623901447.swc	LHLN
data/fafb_sample/swc/720575940638638406.swc	LHLN
data/fafb_sample/swc/720575940626936107.swc	LHLN
data/fafb_sample/swc/720575940627631893.swc	LHLN
data/fafb_sample/swc/720575940608977621.swc	LHLN
data/fafb_sample/swc/720575940627431848.swc	LHLN
data/fafb_sample/swc/720575940635983727.swc	LHLN
data/fafb_sample/swc/720575940608364124.swc	LHLN
data/fafb_sample/swc/720575940631797315.swc	LHLN
data/fafb_sample/swc/720575940613257187.swc	LHLN
data/fafb_sample/swc/720575940608631765.swc	LHLN
data/fafb_sample/swc/720575940617211348.swc	LHLN
data/fafb_sample/swc/720575940614636450.swc	LHLN
data/fafb_sample/swc/720575940611739285.swc	LHLN
data/fafb_sample/swc/720575940637966938.swc	LHLN
data/fafb_sample/swc/720575940637524021.swc	LHLN
data/fafb_sample/swc/720575940624043784.swc	LHLN
data/fafb_sample/swc/720575940625433488.swc	LHLN
data/fafb_sample/swc/720575940615945414.swc	LHLN
data/fafb_sample/swc/720575940623117448.swc	LHLN
data/fafb_sample/swc/720575940622733133.swc	LHLN
data/fafb_sample/swc/720575940636227941.swc	LHLN
data/fafb_sample/swc/720575940635157355.swc	LHLN
data/fafb_sample/swc/720575940618886454.swc	LHLN
data/fafb_sample/swc/720575940620590831.swc	LHLN
data/fafb_sample/swc/720575940613692141.swc	LHLN
data/fafb_sample/swc/720575940635566840.swc	LHLN
data/fafb_sample/swc/720575940620505435.swc	LHLN
data/fafb_sample/swc/720575940622167766.swc	LHLN
data/fafb_sample/swc/720575940640794483.swc	LHLN
data/fafb_sample/swc/720575940633680098.swc	LHLN
data/fafb_sample/swc/720575940629500410.swc	LHLN
data/fafb_sample/swc/720575940617821248.swc	LHLN
data/fafb_sample/swc/720575940626961694.swc	LHLN
data/fafb_sample/swc/720575940614741485.swc	LHLN
data/fafb_sample/swc/720575940622949837.swc	LHLN
data/fafb_sample/swc/720575940633798295.swc	LHLN
data/fafb_sample/swc/720575940619506823.swc	LHLN
data/fafb_sample/swc/720575940624914108.swc	LHLN
data/fafb_sample/swc/720575940630053632.swc	LHLN
data/fafb_sample/swc/720575940620817261.swc	LHLN
data/fafb_sample/swc/720575940629548282.swc	LHLN
data/fafb_sample/swc/720575940627992582.swc	LHLN
data/fafb_sample/swc/720575940627197459.swc	LHLN
data/fafb_sample/swc/720575940615513410.swc	LHLN
data/fafb_sample/swc/720575940622130646.swc	LHLN
data/fafb_sample/swc/720575940619993509.swc	LHLN
data/fafb_sample/swc/720575940621618721.swc	LHLN
data/fafb_sample/swc/720575940660175745.swc	LHLN
data/fafb_sample/swc/720575940620675800.swc	LHLN
data/fafb_sample/swc/720575940613634713.swc	LHLN
data/fafb_sample/swc/720575940608845781.swc	LHLN
data/fafb_sample/swc/720575940622977577.swc	LHLN
data/fafb_sample/swc/720575940616760459.swc	LHLN
data/fafb_sample/swc/720575940610933458.swc	LHLN
data/fafb_sample/swc/720575940618944414.swc	LHLN
data/fafb_sample/swc/720575940628419825.swc	LHLN
data/fafb_sample/swc/720575940627214588.swc	LHLN
data/fafb_sample/swc/720575940626163518.swc	LHLN
data/fafb_sample/swc/720575940627650376.swc	LHLN
data/fafb_sample/swc/720575940631230994.swc	LHLN
data/fafb_sample/swc/720575940610542894.swc	LHLN
data/fafb_sample/swc/720575940615425314.swc	LHLN
data/fafb_sample/swc/720575940636505445.swc	LHLN
data/fafb_sample/swc/720575940612004209.swc	LHLN
data/fafb_sample/swc/720575940640759504.swc	LHLN
data/fafb_sample/swc/720575940632830509.swc	LHLN
data/fafb_sample/swc/720575940612499609.swc	LHLN
data/fafb_sample/swc/720575940608392796.swc	LHLN
data/fafb_sample/swc/720575940637999076.swc	LHLN
data/fafb_sample/swc/720575940621749375.swc	LHLN
data/fafb_sample/swc/720575940640841973.swc	LHLN
data/fafb_sample/swc/720575940618038813.swc	LHLN
data/fafb_sample/swc/720575940612532121.swc	LHLN
data/fafb_sample/swc/720575940620423104.swc	LHLN
data/fafb_sample/swc/720575940636508517.swc	LHLN
data/fafb_sample/swc/720575940632265503.swc	LHLN
data/fafb_sample/swc/720575940612803606.swc	LHLN
data/fafb_sample/swc/720575940614642655.swc	LHLN
data/fafb_sample/swc/720575940654921121.swc	LHLN
data/fafb_sample/swc/720575940617495441.swc	LHLN
data/fafb_sample/swc/720575940625955877.swc	LHLN
data/fafb_sample/swc/720575940610762850.swc	LHLN
data/fafb_sample/swc/720575940631503928.swc	LHLN
data/fafb_sample/swc/720575940629345639.swc	LHLN
data/fafb_sample/swc/720575940614424231.swc	LHLN
data/fafb_sample/swc/720575940614666658.swc	LHLN
data/fafb_sample/swc/720575940629925111.swc	LHLN
data/fafb_sample/swc/720575940604714464.swc	LHLN
data/fafb_sample/swc/720575940636740270.swc	LHLN
data/fafb_sample/swc/720575940620107968.swc	LHLN
data/fafb_sample/swc/720575940618753445.swc	LHLN
data/fafb_sample/swc/720575940618955678.swc	LHLN
data/fafb_sample/swc/720575940625242129.swc	LHLN
data/fafb_sample/swc/720575940615924037.swc	LHLN
data/fafb_sample/swc/720575940632829741.swc	LHLN
data/fafb_sample/swc/720575940629254656.swc	LHLN
data/fafb_sample/swc/720575940626108689.swc	LHLN
data/fafb_sample/swc/720575940617147321.swc	LHLN
data/fafb_sample/swc/720575940634276506.swc	LHLN
data/fafb_sample/swc/720575940619154715.swc	LHLN
data/fafb_sample/swc/720575940633613794.swc	LHLN
data/fafb_sample/swc/720575940620454790.swc	LHLN
data/fafb_sample/swc/720575940616004146.swc	LHLN
data/fafb_sample/swc/720575940632272721.swc	LHLN
data/fafb_sample/swc/720575940625339977.swc	LHLN
data/fafb_sample/swc/720575940624784115.swc	LHLN
data/fafb_sample/swc/720575940620587503.swc	LHLN
data/fafb_sample/swc/720575940623128456.swc	LHLN
data/fafb_sample/swc/720575940634790039.swc	LHLN
data/fafb_sample/swc/720575940629108332.swc	LHLN
data/fafb_sample/swc/720575940609865796.swc	LHLN
data/fafb_sample/swc/720575940628966479.swc	LHLN
data/fafb_sample/swc/720575940619197366.swc	LHLN
data/fafb_sample/swc/720575940634170524.swc	LHLN
data/fafb_sample/swc/720575940618038301.swc	LHLN
data/fafb_sample/swc/720575940614476967.swc	LHLN
data/fafb_sample/swc/720575940614883551.swc	LHLN
data/fafb_sample/swc/720575940608989909.swc	LHLN
data/fafb_sample/swc/720575940624009653.swc	LHLN
data/fafb_sample/swc/720575940626167908.swc	LHLN
data/fafb_sample/swc/720575940632160593.swc	LHLN
data/fafb_sample/swc/720575940642288269.swc	LHLN
data/fafb_sample/swc/720575940640123008.swc	LHLN
data/fafb_sample/swc/720575940631887673.swc	LHLN
data/fafb_sample/swc/720575940614043699.swc	LHLN
data/fafb_sample/swc/720575940622213953.swc	LHLN
data/fafb_sample/swc/720575940620128391.swc	LHLN
data/fafb_sample/swc/720575940613506029.swc	LHLN
data/fafb_sample/swc/720575940614103761.swc	LHLN
data/fafb_sample/swc/720575940633906076.swc	LHLN
data/fafb_sample/swc/720575940630069504.swc	LHLN
data/fafb_sample/swc/720575940605726385.swc	LHLN
data/fafb_sample/swc/720575940624977930.swc	LHLN
data/fafb_sample/swc/720575940615526466.swc	LHLN
data/fafb_sample/swc/720575940633660898.swc	LHLN
data/fafb_sample/swc/720575940615859423.swc	LHLN
data/fafb_sample/swc/720575940626831705.swc	LHLN
data/fafb_sample/swc/720575940625772688.swc	LHLN
data/fafb_sample/swc/720575940632273233.swc	LHLN
data/fafb_sample/swc/720575940624311787.swc	LHLN
data/fafb_sample/swc/720575940635917935.swc	LHLN
data/fafb_sample/swc/720575940609908548.swc	LHLN
data/fafb_sample/swc/720575940626492059.swc	LHLN
data/fafb_sample/swc/720575940631502136.swc	LHLN
data/fafb_sample/swc/720575940613211055.swc	LHLN
data/fafb_sample/swc/720575940612321266.swc	LHLN
data/fafb_sample/swc/720575940640030592.swc	LHLN
data/fafb_sample/swc/720575940628151772.swc	LHLN
data/fafb_sample/swc/720575940642967662.swc	LHLN
data/fafb_sample/swc/720575940613494447.swc	LHLN
data/fafb_sample/swc/720575940636301431.swc	LHLN
data/fafb_sample/swc/720575940619914837.swc	LHLN
data/fafb_sample/swc/720575940632183121.swc	LHLN
data/fafb_sample/swc/720575940632616908.swc	LHLN
data/fafb_sample/swc/720575940624357896.swc	LHLN
data/fafb_sample/swc/720575940617475284.swc	LHLN
data/fafb_sample/swc/720575940605947569.swc	LHLN
data/fafb_sample/swc/720575940623547882.swc	LHLN
data/fafb_sample/swc/720575940654973089.swc	LHLN
data/fafb_sample/swc/720575940624328200.swc	LHLN
data/fafb_sample/swc/720575940631915863.swc	LHLN
data/fafb_sample/swc/720575940626326121.swc	LHLN
data/fafb_sample/swc/720575940654924961.swc	LHLN
data/fafb_sample/swc/720575940622352055.swc	LHLN
data/fafb_sample/swc/720575940623514638.swc	LHLN
data/fafb_sample/swc/720575940638145001.swc	LHLN
data/fafb_sample/swc/720575940634034839.swc	ALLN
data/fafb_sample/swc/720575940631603281.swc	ALLN
data/fafb_sample/swc/720575940640258613.swc	ALLN
data/fafb_sample/swc/720575940631448680.swc	ALLN
data/fafb_sample/swc/720575940621470028.swc	ALLN
data/fafb_sample/swc/720575940606745266.swc	ALLN
data/fafb_sample/swc/720575940622726663.swc	ALLN
data/fafb_sample/swc/720575940621607093.swc	ALLN
data/fafb_sample/swc/720575940629942343.swc	ALLN
data/fafb_sample/swc/720575940635934143.swc	ALLN
data/fafb_sample/swc/720575940627014949.swc	ALLN
data/fafb_sample/swc/720575940629324791.swc	ALLN
data/fafb_sample/swc/720575940621814054.swc	ALLN
data/fafb_sample/swc/720575940625642517.swc	ALLN
data/fafb_sample/swc/720575940638559440.swc	ALLN
data/fafb_sample/swc/720575940610408643.swc	ALLN
data/fafb_sample/swc/720575940610426578.swc	ALLN
data/fafb_sample/swc/720575940630592031.swc	ALLN
data/fafb_sample/swc/720575940617629270.swc	ALLN
data/fafb_sample/swc/720575940615513086.swc	ALLN
data/fafb_sample/swc/720575940621778646.swc	ALLN
data/fafb_sample/swc/720575940620234177.swc	ALLN
data/fafb_sample/swc/720575940618259766.swc	ALLN
data/fafb_sample/swc/720575940617299131.swc	ALLN
data/fafb_sample/swc/720575940606705073.swc	ALLN
data/fafb_sample/swc/720575940621441494.swc	ALLN
data/fafb_sample/swc/720575940614832543.swc	ALLN
data/fafb_sample/swc/720575940606267659.swc	ALLN
data/fafb_sample/swc/720575940623526985.swc	ALLN
data/fafb_sample/swc/720575940630077558.swc	ALLN
data/fafb_sample/swc/720575940630571052.swc	ALLN
data/fafb_sample/swc/720575940619931119.swc	ALLN
data/fafb_sample/swc/720575940632403986.swc	ALLN
data/fafb_sample/swc/720575940614113682.swc	ALLN
data/fafb_sample/swc/720575940635945919.swc	ALLN
data/fafb_sample/swc/720575940633212441.swc	ALLN
data/fafb_sample/swc/720575940630723384.swc	ALLN
data/fafb_sample/swc/720575940616169578.swc	ALLN
data/fafb_sample/swc/720575940651758838.swc	ALLN
data/fafb_sample/swc/720575940639878589.swc	ALLN
data/fafb_sample/swc/720575940645372964.swc	ALLN
data/fafb_sample/swc/720575940618458513.swc	ALLN
data/fafb_sample/swc/720575940634364311.swc	ALLN
data/fafb_sample/swc/720575940630704211.swc	ALLN
data/fafb_sample/swc/720575940632197930.swc	ALLN
data/fafb_sample/swc/720575940626378242.swc	ALLN
data/fafb_sample/swc/720575940630183286.swc	ALLN
data/fafb_sample/swc/720575940631619921.swc	ALLN
data/fafb_sample/swc/720575940605883569.swc	ALLN
data/fafb_sample/swc/720575940631497078.swc	ALLN
data/fafb_sample/swc/720575940621089780.swc	ALLN
data/fafb_sample/swc/720575940625119625.swc	ALLN
data/fafb_sample/swc/720575940625584484.swc	ALLN
data/fafb_sample/swc/720575940604008160.swc	ALLN
data/fafb_sample/swc/720575940623362380.swc	ALLN
data/fafb_sample/swc/720575940611671506.swc	ALLN
data/fafb_sample/swc/720575940631423116.swc	ALLN
data/fafb_sample/swc/720575940618911901.swc	ALLN
data/fafb_sample/swc/720575940632000993.swc	ALLN
data/fafb_sample/swc/720575940637510121.swc	ALLN
data/fafb_sample/swc/720575940620689524.swc	ALLN
data/fafb_sample/swc/720575940620755126.swc	ALLN
data/fafb_sample/swc/720575940634657431.swc	ALLN
data/fafb_sample/swc/720575940605758142.swc	ALLN
data/fafb_sample/swc/720575940623792648.swc	ALLN
data/fafb_sample/swc/720575940627390440.swc	ALLN
data/fafb_sample/swc/720575940611379569.swc	ALLN
data/fafb_sample/swc/720575940660217473.swc	ALLN
data/fafb_sample/swc/720575940639892413.swc	ALLN
data/fafb_sample/swc/720575940644704160.swc	ALLN
data/fafb_sample/swc/720575940610680274.swc	ALLN
data/fafb_sample/swc/720575940631907159.swc	ALLN
data/fafb_sample/swc/720575940621416572.swc	ALLN
data/fafb_sample/swc/720575940633286068.swc	ALLN
data/fafb_sample/swc/720575940633938349.swc	ALLN
data/fafb_sample/swc/720575940622625279.swc	ALLN
data/fafb_sample/swc/720575940624549820.swc	ALLN
data/fafb_sample/swc/720575940612042981.swc	ALLN
data/fafb_sample/swc/720575940622224836.swc	ALLN
data/fafb_sample/swc/720575940624450342.swc	ALLN
data/fafb_sample/swc/720575940614956072.swc	ALLN
data/fafb_sample/swc/720575940632416298.swc	ALLN
data/fafb_sample/swc/720575940619078091.swc	ALLN
data/fafb_sample/swc/720575940629589292.swc	ALLN
data/fafb_sample/swc/720575940627369960.swc	ALLN
data/fafb_sample/swc/720575940622014090.swc	ALLN
data/fafb_sample/swc/720575940624330281.swc	ALLN
data/fafb_sample/swc/720575940634303132.swc	ALLN
data/fafb_sample/swc/720575940609282825.swc	ALLN
data/fafb_sample/swc/720575940631566700.swc	ALLN
data/fafb_sample/swc/720575940641593051.swc	ALLN
data/fafb_sample/swc/720575940623118519.swc	ALLN
data/fafb_sample/swc/720575940630323303.swc	ALLN
data/fafb_sample/swc/720575940609890315.swc	ALLN
data/fafb_sample/swc/720575940629617879.swc	ALLN
data/fafb_sample/swc/720575940617249949.swc	ALLN
data/fafb_sample/swc/720575940628330885.swc	ALLN
data/fafb_sample/swc/720575940620917707.swc	ALLN
data/fafb_sample/swc/720575940616486230.swc	ALLN
data/fafb_sample/swc/720575940610161091.swc	ALLN
data/fafb_sample/swc/720575940638853454.swc	ALLN
data/fafb_sample/swc/720575940626051367.swc	ALLN
data/fafb_sample/swc/720575940628059978.swc	ALLN
data/fafb_sample/swc/720575940614308758.swc	ALLN
data/fafb_sample/swc/720575940621298270.swc	ALLN
data/fafb_sample/swc/720575940616197819.swc	ALLN
data/fafb_sample/swc/720575940633772452.swc	ALLN
data/fafb_sample/swc/720575940644362788.swc	ALLN
data/fafb_sample/swc/720575940606385440.swc	ALLN
data/fafb_sample/swc/720575940622811400.swc	ALLN
data/fafb_sample/swc/720575940623136717.swc	ALLN
data/fafb_sample/swc/720575940621832001.swc	ALLN
data/fafb_sample/swc/720575940626074378.swc	ALLN
data/fafb_sample/swc/720575940637846947.swc	ALLN
data/fafb_sample/swc/720575940623636701.swc	ALLN
data/fafb_sample/swc/720575940624069012.swc	ALLN
data/fafb_sample/swc/720575940660217985.swc	ALLN
data/fafb_sample/swc/720575940625958414.swc	ALLN
data/fafb_sample/swc/720575940631105580.swc	ALLN
data/fafb_sample/swc/720575940606722249.swc	ALLN
data/fafb_sample/swc/720575940628343634.swc	ALLN
data/fafb_sample/swc/720575940631975884.swc	ALLN
data/fafb_sample/swc/720575940629409580.swc	ALLN
data/fafb_sample/swc/720575940617327590.swc	ALLN
data/fafb_sample/swc/720575940622650879.swc	ALLN
data/fafb_sample/swc/720575940609881749.swc	ALLN
data/fafb_sample/swc/720575940622961802.swc	ALLN
data/fafb_sample/swc/720575940619059102.swc	ALLN
data/fafb_sample/swc/720575940624084429.swc	ALLN
data/fafb_sample/swc/720575940620541349.swc	ALLN
data/fafb_sample/swc/720575940626741552.swc	ALLN
data/fafb_sample/swc/720575940625630212.swc	ALLN
data/fafb_sample/swc/720575940637136752.swc	ALLN
data/fafb_sample/swc/720575940616198587.swc	ALLN
data/fafb_sample/swc/720575940624977466.swc	ALLN
data/fafb_sample/swc/720575940623183763.swc	ALLN
data/fafb_sample/swc/720575940639067108.swc	ALLN
data/fafb_sample/swc/720575940613970147.swc	ALLN
data/fafb_sample/swc/720575940637666446.swc	ALLN
data/fafb_sample/swc/720575940622457443.swc	ALLN
data/fafb_sample/swc/720575940657858433.swc	ALLN
data/fafb_sample/swc/720575940624012692.swc	ALLN
data/fafb_sample/swc/720575940617205179.swc	ALLN
data/fafb_sample/swc/720575940621551854.swc	ALLN
data/fafb_sample/swc/720575940616959778.swc	ALLN
data/fafb_sample/swc/720575940612305506.swc	ALLN
data/fafb_sample/swc/720575940640541091.swc	ALLN
data/fafb_sample/swc/720575940625013175.swc	ALLN
data/fafb_sample/swc/720575940633277364.swc	ALLN
data/fafb_sample/swc/720575940631275181.swc	ALLN
data/fafb_sample/swc/720575940628420264.swc	ALLN
data/fafb_sample/swc/720575940622626303.swc	ALLN
data/fafb_sample/swc/720575940627132232.swc	ALLN
data/fafb_sample/swc/720575940635180956.swc	ALLN
data/fafb_sample/swc/720575940631704716.swc	ALLN
data/fafb_sample/swc/720575940627604327.swc	ALLN
data/fafb_sample/swc/720575940618021755.swc	ALLN
data/fafb_sample/swc/720575940634809455.swc	ALLN
data/fafb_sample/swc/720575940635847269.swc	ALLN
data/fafb_sample/swc/720575940632007983.swc	ALLN
data/fafb_sample/swc/720575940623540477.swc	ALLN
data/fafb_sample/swc/720575940641609869.swc	ALLN
data/fafb_sample/swc/720575940637602650.swc	ALLN
data/fafb_sample/swc/720575940641773472.swc	ALLN
data/fafb_sample/swc/720575940621585279.swc	ALLN
data/fafb_sample/swc/720575940627690246.swc	ALLN
data/fafb_sample/swc/720575940611098595.swc	ALLN
data/fafb_sample/swc/720575940631586858.swc	ALLN
data/fafb_sample/swc/720575940621681321.swc	ALLN
data/fafb_sample/swc/720575940624323342.swc	ALLN
data/fafb_sample/swc/720575940641592795.swc	ALLN
data/fafb_sample/swc/720575940615073587.swc	ALLN
data/fafb_sample/swc/720575940616642790.swc	ALLN
data/fafb_sample/swc/720575940621251818.swc	ALLN
data/fafb_sample/swc/720575940629912428.swc	ALLN
data/fafb_sample/swc/720575940623248883.swc	ALLN
data/fafb_sample/swc/720575940618561403.swc	ALLN
data/fafb_sample/swc/720575940618112310.swc	ALLN
data/fafb_sample/swc/720575940624180479.swc	ALLN
data/fafb_sample/swc/720575940619954112.swc	ALLN
data/fafb_sample/swc/720575940636151391.swc	ALLN
data/fafb_sample/swc/720575940620319085.swc	ALLN
data/fafb_sample/swc/720575940642343565.swc	ALLN
data/fafb_sample/swc/720575940630225403.swc	ALLN
data/fafb_sample/swc/720575940622592099.swc	ALLN
data/fafb_sample/swc/720575940630407388.swc	ALLN
data/fafb_sample/swc/720575940626876945.swc	ALLN
data/fafb_sample/swc/720575940621398254.swc	ALLN
data/fafb_sample/swc/720575940620311718.swc	ALLN
data/fafb_sample/swc/720575940659429761.swc	ALLN
data/fafb_sample/swc/720575940606056905.swc	ALLN
data/fafb_sample/swc/720575940626579593.swc	ALLN
data/fafb_sample/swc/720575940633625184.swc	ALLN
data/fafb_sample/swc/720575940617918603.swc	ALLN
data/fafb_sample/swc/720575940605078560.swc	ALLN
data/fafb_sample/swc/720575940614054802.swc	ALLN
data/fafb_sample/swc/720575940629068741.swc	ALLN
data/fafb_sample/swc/720575940613222835.swc	ALLN
data/fafb_sample/swc/720575940629508652.swc	ALLN
data/fafb_sample/swc/720575940615708482.swc	ALLN
data/fafb_sample/swc/720575940612732273.swc	ALLN
data/fafb_sample/swc/720575940621542747.swc	ALLN
data/fafb_sample/swc/720575940626624275.swc	ALLN
data/fafb_sample/swc/720575940616758322.swc	ALLN
data/fafb_sample/swc/720575940625772828.swc	ALLN
data/fafb_sample/swc/720575940627014641.swc	ALLN
data/fafb_sample/swc/720575940625868440.swc	ALLN
data/fafb_sample/swc/720575940637623780.swc	ALLN
data/fafb_sample/swc/720575940614618683.swc	ALLN
data/fafb_sample/swc/720575940628914692.swc	ALLN
data/fafb_sample/swc/720575940633294796.swc	ALLN
data/fafb_sample/swc/720575940627677514.swc	ALLN
data/fafb_sample/swc/720575940606045314.swc	ALLN
data/fafb_sample/swc/720575940625251401.swc	ALLN
data/fafb_sample/swc/720575940628326417.swc	ALLN
data/fafb_sample/swc/720575940617586757.swc	ALLN
data/fafb_sample/swc/720575940627214235.swc	ALLN
data/fafb_sample/swc/720575940625684057.swc	ALLN
data/fafb_sample/swc/720575940630575375.swc	ALLN
data/fafb_sample/swc/720575940634385247.swc	ALLN
data/fafb_sample/swc/720575940610836885.swc	ALLN
data/fafb_sample/swc/720575940629792732.swc	ALLN
data/fafb_sample/swc/720575940617544193.swc	ALLN
data/fafb_sample/swc/720575940638775118.swc	ALLN
data/fafb_sample/swc/720575940606756785.swc	ALLN
data/fafb_sample/swc/720575940649154681.swc	ALLN
data/fafb_sample/swc/720575940623000858.swc	ALLN
data/fafb_sample/swc/720575940640020944.swc	ALLN
data/fafb_sample/swc/720575940619937445.swc	ALLN
data/fafb_sample/swc/720575940623289578.swc	ALLN
data/fafb_sample/swc/720575940616855225.swc	ALLN
data/fafb_sample/swc/720575940628822248.swc	ALLN
data/fafb_sample/swc/720575940621164927.swc	ALLN
data/fafb_sample/swc/720575940610669614.swc	ALLN
data/fafb_sample/swc/720575940625177836.swc	ALLN
data/fafb_sample/swc/720575940634962936.swc	ALLN
data/fafb_sample/swc/720575940623901695.swc	ALLN
data/fafb_sample/swc/720575940613575958.swc	ALLN
data/fafb_sample/swc/720575940632795532.swc	ALLN
data/fafb_sample/swc/720575940638422480.swc	ALLN
data/fafb_sample/swc/720575940618304670.swc	ALLN
data/fafb_sample/swc/720575940626681146.swc	ALLN
data/fafb_sample/swc/720575940611944914.swc	ALLN
data/fafb_sample/swc/720575940626815826.swc	ALLN
data/fafb_sample/swc/720575940632835688.swc	ALLN
data/fafb_sample/swc/720575940624356792.swc	ALLN
data/fafb_sample/swc/720575940646037783.swc	ALLN
data/fafb_sample/swc/720575940638022515.swc	ALLN
data/fafb_sample/swc/720575940605305777.swc	ALLN
data/fafb_sample/swc/720575940626310686.swc	ALLN
data/fafb_sample/swc/720575940620400116.swc	ALLN
data/fafb_sample/swc/720575940626518302.swc	ALLN
data/fafb_sample/swc/720575940614858399.swc	ALLN
data/fafb_sample/swc/720575940631164476.swc	ALLN
data/fafb_sample/swc/720575940627768409.swc	ALLN
data/fafb_sample/swc/720575940625555749.swc	ALLN
data/fafb_sample/swc/720575940615071795.swc	ALLN
data/fafb_sample/swc/720575940640986075.swc	ALLN
data/fafb_sample/swc/720575940627927573.swc	ALLN
data/fafb_sample/swc/720575940636110222.swc	ALLN
data/fafb_sample/swc/720575940622920074.swc	ALLN
data/fafb_sample/swc/720575940632094415.swc	ALLN
data/fafb_sample/swc/720575940614429165.swc	ALLN
data/fafb_sample/swc/720575940625977802.swc	ALLN
data/fafb_sample/swc/720575940627405052.swc	ALLN
data/fafb_sample/swc/720575940608241365.swc	ALLN
data/fafb_sample/swc/720575940608345778.swc	ALLN
data/fafb_sample/swc/720575940625732196.swc	ALLN
data/fafb_sample/swc/720575940631287912.swc	ALLN
data/fafb_sample/swc/720575940617910848.swc	ALLN
data/fafb_sample/swc/720575940622491632.swc	ALLN
data/fafb_sample/swc/720575940616579257.swc	ALLN
data/fafb_sample/swc/720575940634771552.swc	ALLN
data/fafb_sample/swc/720575940609112587.swc	ALLN
data/fafb_sample/swc/720575940604568521.swc	ALLN
data/fafb_sample/swc/720575940614756589.swc	ALLN
data/fafb_sample/swc/720575940624079821.swc	ALLN
data/fafb_sample/swc/720575940641606541.swc	ALLN
data/fafb_sample/swc/720575940621612765.swc	ALLN
data/fafb_sample/swc/720575940612637554.swc	ALLN
data/fafb_sample/swc/720575940623650823.swc	ALLN
data/fafb_sample/swc/720575940618385620.swc	ALLN
data/fafb_sample/swc/720575940636241550.swc	ALLN
data/fafb_sample/swc/720575940630916650.swc	ALLN
data/fafb_sample/swc/720575940631858373.swc	ALLN
data/fafb_sample/swc/720575940611906713.swc	ALLN
data/fafb_sample/swc/720575940638731427.swc	ALLN
data/fafb_sample/swc/720575940646576436.swc	ALLN
data/fafb_sample/swc/720575940652063734.swc	ALLN
data/fafb_sample/swc/720575940615669972.swc	ALLN
data/fafb_sample/swc/720575940613590501.swc	ALLN
data/fafb_sample/swc/720575940621061285.swc	ALLN
data/fafb_sample/swc/720575940616953467.swc	ALLN
data/fafb_sample/swc/720575940632505359.swc	ALLN
data/fafb_sample/swc/720575940640830453.swc	ALLN
data/fafb_sample/swc/720575940640803200.swc	ALLN
data/fafb_sample/swc/720575940625990277.swc	ALLN
data/fafb_sample/swc/720575940629111814.swc	ALLN
data/fafb_sample/swc/720575940621086996.swc	ALLN
data/fafb_sample/swc/720575940628933275.swc	ALLN
data/fafb_sample/swc/720575940618681168.swc	ALLN
data/fafb_sample/swc/720575940607685700.swc	ALLN
data/fafb_sample/swc/720575940630945335.swc	ALLN
data/fafb_sample/swc/720575940622812799.swc	ALLN
data/fafb_sample/swc/720575940618158672.swc	ALLN
data/fafb_sample/swc/720575940609406985.swc	ALLN
data/fafb_sample/swc/720575940625585508.swc	ALLN
data/fafb_sample/swc/720575940637183454.swc	ALLN
data/fafb_sample/swc/720575940631899223.swc	ALLN
data/fafb_sample/swc/720575940617441752.swc	ALLN
data/fafb_sample/swc/720575940627031226.swc	ALLN
data/fafb_sample/swc/720575940638128474.swc	ALLN
data/fafb_sample/swc/720575940623146701.swc	ALLN
data/fafb_sample/swc/720575940612347571.swc	ALLN
data/fafb_sample/swc/720575940631618920.swc	ALLN
data/fafb_sample/swc/720575940641621645.swc	ALLN
data/fafb_sample/swc/720575940626115134.swc	ALLN
data/fafb_sample/swc/720575940643869988.swc	ALLN
data/fafb_sample/swc/720575940630864170.swc	ALLN
data/fafb_sample/swc/720575940627066757.swc	ALLN
data/fafb_sample/swc/720575940613167845.swc	ALLN
data/fafb_sample/swc/720575940633372185.swc	ALLN
data/fafb_sample/swc/720575940626030776.swc	ALLN
data/fafb_sample/swc/720575940625956483.swc	ALLN
data/fafb_sample/swc/720575940624435128.swc	ALLN
data/fafb_sample/swc/720575940640060112.swc	ALLN
data/fafb_sample/swc/720575940623280311.swc	ALLN
data/fafb_sample/swc/720575940635249332.swc	ALLN
data/fafb_sample/swc/720575940632198442.swc	ALLN
data/fafb_sample/swc/720575940617537570.swc	ALLN
data/fafb_sample/swc/720575940622054497.swc	ALLN
data/fafb_sample/swc/720575940623930211.swc	ALLN
data/fafb_sample/swc/720575940631978956.swc	ALLN
data/fafb_sample/swc/720575940619417620.swc	ALLN
data/fafb_sample/swc/720575940622792423.swc	ALLN
data/fafb_sample/swc/720575940640314190.swc	ALLN
data/fafb_sample/swc/720575940613804259.swc	ALLN
data/fafb_sample/swc/720575940608362418.swc	ALLN
data/fafb_sample/swc/720575940638664014.swc	ALLN
data/fafb_sample/swc/720575940618757666.swc	ALLN
data/fafb_sample/swc/720575940631591199.swc	ALLN
data/fafb_sample/swc/720575940628251907.swc	ALLN
data/fafb_sample/swc/720575940617175965.swc	ALLN
data/fafb_sample/swc/720575940630340474.swc	ALLN
data/fafb_sample/swc/720575940633831264.swc	ALLN
data/fafb_sample/swc/720575940628914436.swc	ALLN
data/fafb_sample/swc/720575940612049459.swc	ALLN
data/fafb_sample/swc/720575940627737365.swc	ALLN
data/fafb_sample/swc/720575940633741229.swc	ALLN
data/fafb_sample/swc/720575940613791399.swc	ALLN
data/fafb_sample/swc/720575940634127456.swc	ALLN
data/fafb_sample/swc/720575940612475598.swc	ALLN
data/fafb_sample/swc/720575940644255255.swc	ALLN
data/fafb_sample/swc/720575940626342174.swc	ALLN
data/fafb_sample/swc/720575940624832743.swc	ALLN
data/fafb_sample/swc/720575940644743790.swc	ALLN
data/fafb_sample/swc/720575940638844504.swc	ALLN
data/fafb_sample/swc/720575940618076214.swc	ALLN
data/fafb_sample/swc/720575940641369296.swc	ALLN
data/fafb_sample/swc/720575940633189145.swc	ALLN
data/fafb_sample/swc/720575940622038182.swc	ALLN
data/fafb_sample/swc/720575940616892061.swc	ALLN
data/fafb_sample/swc/720575940604662700.swc	ALLN
data/fafb_sample/swc/720575940628573519.swc	ALLN
data/fafb_sample/swc/720575940612907121.swc	ALLN
data/fafb_sample/swc/720575940634949311.swc	ALLN
data/fafb_sample/swc/720575940629064764.swc	ALLN
data/fafb_sample/swc/720575940634545890.swc	ALLN
data/fafb_sample/swc/720575940640364085.swc	ALLN
data/fafb_sample/swc/720575940624645818.swc	ALLN
data/fafb_sample/swc/720575940606751922.swc	ALLN
data/fafb_sample/swc/720575940633483807.swc	ALLN
data/fafb_sample/swc/720575940615303391.swc	ALLN
data/fafb_sample/swc/720575940605101758.swc	ALLN
data/fafb_sample/swc/720575940640559165.swc	ALLN
data/fafb_sample/swc/720575940621500865.swc	ALLN
data/fafb_sample/swc/720575940618428830.swc	ALLN
data/fafb_sample/swc/720575940614944977.swc	ALLN
data/fafb_sample/swc/720575940652562081.swc	ALLN
data/fafb_sample/swc/720575940609959726.swc	ALLN
data/fafb_sample/swc/720575940630080763.swc	ALLN
data/fafb_sample/swc/720575940623137997.swc	ALLN
data/fafb_sample/swc/720575940635689829.swc	ALLN
data/fafb_sample/swc/720575940635092122.swc	ALLN
data/fafb_sample/swc/720575940635664046.swc	ALLN
data/fafb_sample/swc/720575940627605779.swc	ALLN
data/fafb_sample/swc/720575940616908177.swc	ALLN
data/fafb_sample/swc/720575940622637575.swc	ALLN
data/fafb_sample/swc/720575940617295901.swc	ALLN
data/fafb_sample/swc/720575940623437838.swc	ALLN
data/fafb_sample/swc/720575940612991381.swc	ALLN
data/fafb_sample/swc/720575940633156203.swc	ALLN
data/fafb_sample/swc/720575940617021234.swc	ALLN
data/fafb_sample/swc/720575940640415859.swc	ALLN
data/fafb_sample/swc/720575940614757974.swc	ALLN
data/fafb_sample/swc/720575940631558113.swc	ALLN
data/fafb_sample/swc/720575940620249941.swc	ALLN
data/fafb_sample/swc/720575940612461461.swc	ALLN
data/fafb_sample/swc/720575940642015477.swc	ALLN
data/fafb_sample/swc/720575940617140765.swc	ALLN
data/fafb_sample/swc/720575940628023685.swc	ALLN
data/fafb_sample/swc/720575940624361230.swc	ALLN
data/fafb_sample/swc/720575940613489617.swc	ALLN
data/fafb_sample/swc/720575940624422643.swc	ALLN
data/fafb_sample/swc/720575940614871336.swc	ALLN
data/fafb_sample/swc/720575940619007664.swc	ALLN
data/fafb_sample/swc/720575940648633988.swc	ALLN
data/fafb_sample/swc/720575940627173636.swc	ALLN
data/fafb_sample/swc/720575940640955637.swc	ALLN
data/fafb_sample/swc/720575940631526215.swc	ALLN
data/fafb_sample/swc/720575940638006086.swc	ALLN
data/fafb_sample/swc/720575940618552443.swc	ALLN
data/fafb_sample/swc/720575940632803212.swc	ALLN
data/fafb_sample/swc/720575940620565313.swc	ALLN
data/fafb_sample/swc/720575940621343838.swc	ALLN
data/fafb_sample/swc/720575940617938752.swc	ALLN
data/fafb_sample/swc/720575940628861188.swc	ALLN
data/fafb_sample/swc/720575940650581881.swc	ALLN
data/fafb_sample/swc/720575940623955637.swc	ALLN
data/fafb_sample/swc/720575940637845934.swc	ALLN
data/fafb_sample/swc/720575940628142352.swc	ALLN
data/fafb_sample/swc/720575940660217729.swc	ALLN
data/fafb_sample/swc/720575940623788040.swc	ALLN
data/fafb_sample/swc/720575940614774434.swc	ALLN
data/fafb_sample/swc/720575940630251791.swc	ALLN
data/fafb_sample/swc/720575940622338742.swc	ALLN
data/fafb_sample/swc/720575940659844225.swc	ALLN
data/fafb_sample/swc/720575940610157688.swc	ALLN
data/fafb_sample/swc/720575940619061662.swc	ALLN
data/fafb_sample/swc/720575940631284511.swc	gustatory
data/fafb_sample/swc/720575940625750105.swc	gustatory
data/fafb_sample/swc/720575940627036746.swc	gustatory
data/fafb_sample/swc/720575940635392910.swc	gustatory
data/fafb_sample/swc/720575940615853851.swc	gustatory
data/fafb_sample/swc/720575940640649691.swc	gustatory
data/fafb_sample/swc/720575940623172843.swc	gustatory
data/fafb_sample/swc/720575940622413508.swc	gustatory
data/fafb_sample/swc/720575940620698136.swc	gustatory
data/fafb_sample/swc/720575940628832256.swc	gustatory
data/fafb_sample/swc/720575940608295689.swc	gustatory
data/fafb_sample/swc/720575940641339611.swc	gustatory
data/fafb_sample/swc/720575940612010137.swc	gustatory
data/fafb_sample/swc/720575940629270339.swc	gustatory
data/fafb_sample/swc/720575940633455073.swc	gustatory
data/fafb_sample/swc/720575940626217744.swc	gustatory
data/fafb_sample/swc/720575940620926234.swc	gustatory
data/fafb_sample/swc/720575940638202345.swc	gustatory
data/fafb_sample/swc/720575940615677090.swc	gustatory
data/fafb_sample/swc/720575940638011994.swc	gustatory
data/fafb_sample/swc/720575940622298631.swc	gustatory
data/fafb_sample/swc/720575940638065469.swc	gustatory
data/fafb_sample/swc/720575940614163367.swc	gustatory
data/fafb_sample/swc/720575940660292225.swc	gustatory
data/fafb_sample/swc/720575940606205897.swc	gustatory
data/fafb_sample/swc/720575940629717097.swc	gustatory
data/fafb_sample/swc/720575940609913042.swc	gustatory
data/fafb_sample/swc/720575940621898665.swc	gustatory
data/fafb_sample/swc/720575940617857694.swc	gustatory
data/fafb_sample/swc/720575940621864060.swc	gustatory
data/fafb_sample/swc/720575940620692833.swc	gustatory
data/fafb_sample/swc/720575940619625792.swc	gustatory
data/fafb_sample/swc/720575940609369180.swc	gustatory
data/fafb_sample/swc/720575940618029733.swc	gustatory
data/fafb_sample/swc/720575940625632516.swc	gustatory
data/fafb_sample/swc/720575940628330256.swc	gustatory
data/fafb_sample/swc/720575940622313971.swc	gustatory
data/fafb_sample/swc/720575940604027168.swc	gustatory
data/fafb_sample/swc/720575940606801282.swc	gustatory
data/fafb_sample/swc/720575940616885538.swc	gustatory
data/fafb_sample/swc/720575940626016017.swc	gustatory
data/fafb_sample/swc/720575940606279179.swc	gustatory
data/fafb_sample/swc/720575940624373483.swc	gustatory
data/fafb_sample/swc/720575940646736772.swc	gustatory
data/fafb_sample/swc/720575940626674182.swc	gustatory
data/fafb_sample/swc/720575940638682787.swc	gustatory
data/fafb_sample/swc/720575940627764780.swc	gustatory
data/fafb_sample/swc/720575940612422579.swc	gustatory
data/fafb_sample/swc/720575940618466384.swc	gustatory
data/fafb_sample/swc/720575940618706043.swc	gustatory
data/fafb_sample/swc/720575940627907883.swc	gustatory
data/fafb_sample/swc/720575940625163790.swc	gustatory
data/fafb_sample/swc/720575940608787413.swc	gustatory
data/fafb_sample/swc/720575940618706811.swc	gustatory
data/fafb_sample/swc/720575940631020079.swc	gustatory
data/fafb_sample/swc/720575940617121819.swc	gustatory
data/fafb_sample/swc/720575940633733601.swc	gustatory
data/fafb_sample/swc/720575940632634911.swc	gustatory
data/fafb_sample/swc/720575940611678181.swc	gustatory
data/fafb_sample/swc/720575940629852866.swc	gustatory
data/fafb_sample/swc/720575940622853011.swc	gustatory
data/fafb_sample/swc/720575940611018714.swc	gustatory
data/fafb_sample/swc/720575940632706970.swc	gustatory
data/fafb_sample/swc/720575940632880173.swc	gustatory
data/fafb_sample/swc/720575940623626288.swc	gustatory
data/fafb_sample/swc/720575940631656504.swc	gustatory
data/fafb_sample/swc/720575940640390709.swc	gustatory
data/fafb_sample/swc/720575940632341452.swc	gustatory
data/fafb_sample/swc/720575940633165980.swc	gustatory
data/fafb_sample/swc/720575940639332736.swc	gustatory
data/fafb_sample/swc/720575940631898285.swc	gustatory
data/fafb_sample/swc/720575940625450498.swc	gustatory
data/fafb_sample/swc/720575940637742911.swc	gustatory
data/fafb_sample/swc/720575940623158154.swc	gustatory
data/fafb_sample/swc/720575940625021573.swc	gustatory
data/fafb_sample/swc/720575940610773090.swc	gustatory
data/fafb_sample/swc/720575940616616861.swc	gustatory
data/fafb_sample/swc/720575940614273292.swc	gustatory
data/fafb_sample/swc/720575940617801499.swc	gustatory
data/fafb_sample/swc/720575940626014218.swc	gustatory
data/fafb_sample/swc/720575940615903259.swc	gustatory
data/fafb_sample/swc/720575940636487598.swc	gustatory
data/fafb_sample/swc/720575940619287278.swc	gustatory
data/fafb_sample/swc/720575940610474610.swc	gustatory
data/fafb_sample/swc/720575940623173470.swc	gustatory
data/fafb_sample/swc/720575940619696133.swc	gustatory
data/fafb_sample/swc/720575940609314243.swc	gustatory
data/fafb_sample/swc/720575940632425919.swc	gustatory
data/fafb_sample/swc/720575940626703241.swc	gustatory
data/fafb_sample/swc/720575940609919897.swc	gustatory
data/fafb_sample/swc/720575940623138485.swc	gustatory
data/fafb_sample/swc/720575940621870349.swc	gustatory
data/fafb_sample/swc/720575940618601782.swc	gustatory
data/fafb_sample/swc/720575940612446866.swc	gustatory
data/fafb_sample/swc/720575940637650522.swc	gustatory
data/fafb_sample/swc/720575940632889389.swc	gustatory
data/fafb_sample/swc/720575940631069255.swc	gustatory
data/fafb_sample/swc/720575940624079544.swc	gustatory
data/fafb_sample/swc/720575940623804106.swc	gustatory
data/fafb_sample/swc/720575940618025199.swc	gustatory
data/fafb_sample/swc/720575940627578156.swc	gustatory
data/fafb_sample/swc/720575940627265265.swc	gustatory
data/fafb_sample/swc/720575940635172191.swc	gustatory
data/fafb_sample/swc/720575940638312262.swc	gustatory
data/fafb_sample/swc/720575940645743412.swc	gustatory
data/fafb_sample/swc/720575940622346180.swc	gustatory
data/fafb_sample/swc/720575940629593401.swc	gustatory
data/fafb_sample/swc/720575940634407566.swc	gustatory
data/fafb_sample/swc/720575940612670570.swc	gustatory
data/fafb_sample/swc/720575940623834300.swc	gustatory
data/fafb_sample/swc/720575940620332404.swc	gustatory
data/fafb_sample/swc/720575940639555928.swc	gustatory
data/fafb_sample/swc/720575940634859188.swc	gustatory
data/fafb_sample/swc/720575940627810347.swc	gustatory
data/fafb_sample/swc/720575940635630308.swc	gustatory
data/fafb_sample/swc/720575940624948867.swc	gustatory
data/fafb_sample/swc/720575940630702789.swc	gustatory
data/fafb_sample/swc/720575940620589838.swc	gustatory
data/fafb_sample/swc/720575940624449881.swc	gustatory
data/fafb_sample/swc/720575940602353632.swc	gustatory
data/fafb_sample/swc/720575940618887217.swc	gustatory
data/fafb_sample/swc/720575940634278295.swc	gustatory
data/fafb_sample/swc/720575940629211607.swc	gustatory
data/fafb_sample/swc/720575940638218173.swc	gustatory
data/fafb_sample/swc/720575940638183652.swc	gustatory
data/fafb_sample/swc/720575940622949820.swc	gustatory
data/fafb_sample/swc/720575940612208406.swc	gustatory
data/fafb_sample/swc/720575940627513210.swc	gustatory
data/fafb_sample/swc/720575940622405708.swc	gustatory
data/fafb_sample/swc/720575940630797113.swc	gustatory
data/fafb_sample/swc/720575940613061118.swc	gustatory
data/fafb_sample/swc/720575940635425893.swc	gustatory
data/fafb_sample/swc/720575940607347634.swc	gustatory
data/fafb_sample/swc/720575940622825736.swc	gustatory
data/fafb_sample/swc/720575940646212996.swc	gustatory
data/fafb_sample/swc/720575940611106453.swc	gustatory
data/fafb_sample/swc/720575940638419534.swc	gustatory
data/fafb_sample/swc/720575940629388135.swc	gustatory
data/fafb_sample/swc/720575940635391845.swc	gustatory
data/fafb_sample/swc/720575940632467923.swc	gustatory
data/fafb_sample/swc/720575940619928929.swc	gustatory
data/fafb_sample/swc/720575940606526421.swc	gustatory
data/fafb_sample/swc/720575940624352643.swc	gustatory
data/fafb_sample/swc/720575940624813437.swc	gustatory
data/fafb_sample/swc/720575940611849178.swc	gustatory
data/fafb_sample/swc/720575940606343945.swc	gustatory
data/fafb_sample/swc/720575940637130985.swc	gustatory
data/fafb_sample/swc/720575940624311881.swc	gustatory
data/fafb_sample/swc/720575940643065032.swc	gustatory
data/fafb_sample/swc/720575940630597839.swc	gustatory
data/fafb_sample/swc/720575940619387814.swc	gustatory
data/fafb_sample/swc/720575940611875570.swc	gustatory
data/fafb_sample/swc/720575940622731229.swc	gustatory
data/fafb_sample/swc/720575940615641798.swc	gustatory
data/fafb_sample/swc/720575940631423263.swc	gustatory
data/fafb_sample/swc/720575940616562150.swc	gustatory
data/fafb_sample/swc/720575940633189624.swc	gustatory
data/fafb_sample/swc/720575940627110672.swc	gustatory
data/fafb_sample/swc/720575940606254002.swc	gustatory
data/fafb_sample/swc/720575940621008895.swc	gustatory
data/fafb_sample/swc/720575940620856046.swc	gustatory
data/fafb_sample/swc/720575940621508479.swc	gustatory
data/fafb_sample/swc/720575940622902535.swc	gustatory
data/fafb_sample/swc/720575940618682526.swc	gustatory
data/fafb_sample/swc/720575940625861168.swc	gustatory
data/fafb_sample/swc/720575940609645124.swc	gustatory
data/fafb_sample/swc/720575940612556402.swc	gustatory
data/fafb_sample/swc/720575940632423394.swc	gustatory
data/fafb_sample/swc/720575940642088333.swc	gustatory
data/fafb_sample/swc/720575940629176663.swc	gustatory
data/fafb_sample/swc/720575940658442625.swc	gustatory
data/fafb_sample/swc/720575940618586862.swc	gustatory
data/fafb_sample/swc/720575940630911991.swc	gustatory
data/fafb_sample/swc/720575940617937543.swc	gustatory
data/fafb_sample/swc/720575940622136022.swc	gustatory
data/fafb_sample/swc/720575940627397263.swc	gustatory
data/fafb_sample/swc/720575940629510338.swc	gustatory
data/fafb_sample/swc/720575940622486922.swc	gustatory
data/fafb_sample/swc/720575940617674909.swc	gustatory
data/fafb_sample/swc/720575940630741701.swc	gustatory
data/fafb_sample/swc/720575940625507870.swc	gustatory
data/fafb_sample/swc/720575940608305161.swc	gustatory
data/fafb_sample/swc/720575940627490663.swc	gustatory
data/fafb_sample/swc/720575940615929373.swc	gustatory
data/fafb_sample/swc/720575940615274425.swc	gustatory
data/fafb_sample/swc/720575940625203504.swc	gustatory
data/fafb_sample/swc/720575940630552151.swc	gustatory
data/fafb_sample/swc/720575940637747519.swc	gustatory
data/fafb_sample/swc/720575940611211417.swc	gustatory
data/fafb_sample/swc/720575940630968335.swc	gustatory
data/fafb_sample/swc/720575940616167218.swc	gustatory
data/fafb_sample/swc/720575940607737099.swc	gustatory
data/fafb_sample/swc/720575940618388463.swc	gustatory
data/fafb_sample/swc/720575940628198503.swc	gustatory
data/fafb_sample/swc/720575940635990896.swc	gustatory
data/fafb_sample/swc/720575940610483162.swc	gustatory
data/fafb_sample/swc/720575940626022218.swc	gustatory
data/fafb_sample/swc/720575940616264788.swc	gustatory
data/fafb_sample/swc/720575940622743309.swc	gustatory
data/fafb_sample/swc/720575940616811265.swc	gustatory
data/fafb_sample/swc/720575940644965399.swc	gustatory
data/fafb_sample/swc/720575940628853239.swc	gustatory
data/fafb_sample/swc/720575940625741114.swc	gustatory
data/fafb_sample/swc/720575940627902268.swc	gustatory
data/fafb_sample/swc/720575940610788069.swc	gustatory
data/fafb_sample/swc/720575940621704197.swc	gustatory
data/fafb_sample/swc/720575940615134557.swc	gustatory
data/fafb_sample/swc/720575940619197093.swc	gustatory
data/fafb_sample/swc/720575940611168921.swc	gustatory
data/fafb_sample/swc/720575940617433830.swc	gustatory
data/fafb_sample/swc/720575940635176366.swc	gustatory
data/fafb_sample/swc/720575940627903804.swc	gustatory
data/fafb_sample/swc/720575940617239197.swc	gustatory
data/fafb_sample/swc/720575940645611652.swc	gustatory
data/fafb_sample/swc/720575940622585224.swc	gustatory
data/fafb_sample/swc/720575940617000768.swc	gustatory
data/fafb_sample/swc/720575940637165028.swc	gustatory
data/fafb_sample/swc/720575940633320628.swc	gustatory
data/fafb_sample/swc/720575940609306563.swc	gustatory
data/fafb_sample/swc/720575940615516319.swc	gustatory
data/fafb_sample/swc/720575940607500297.swc	gustatory
data/fafb_sample/swc/720575940630195909.swc	gustatory
data/fafb_sample/swc/720575940622371037.swc	gustatory
data/fafb_sample/swc/720575940611184819.swc	gustatory
data/fafb_sample/swc/720575940633366498.swc	gustatory
data/fafb_sample/swc/720575940657653633.swc	gustatory
data/fafb_sample/swc/720575940627454569.swc	gustatory
data/fafb_sample/swc/720575940622200233.swc	gustatory
data/fafb_sample/swc/720575940633143833.swc	gustatory
data/fafb_sample/swc/720575940606567125.swc	gustatory
data/fafb_sample/swc/720575940647084164.swc	gustatory
data/fafb_sample/swc/720575940633634199.swc	gustatory
data/fafb_sample/swc/720575940610259370.swc	gustatory
data/fafb_sample/swc/720575940642361485.swc	gustatory
data/fafb_sample/swc/720575940616971035.swc	gustatory
data/fafb_sample/swc/720575940608356053.swc	gustatory
data/fafb_sample/swc/720575940612920386.swc	gustatory
data/fafb_sample/swc/720575940627821896.swc	gustatory
data/fafb_sample/swc/720575940628524150.swc	gustatory
data/fafb_sample/swc/720575940612579053.swc	gustatory
data/fafb_sample/swc/720575940639259967.swc	gustatory
data/fafb_sample/swc/720575940631331855.swc	gustatory
data/fafb_sample/swc/720575940622861326.swc	gustatory
data/fafb_sample/swc/720575940632293346.swc	gustatory
data/fafb_sample/swc/720575940613601698.swc	gustatory
data/fafb_sample/swc/720575940629416318.swc	gustatory
data/fafb_sample/swc/720575940620797976.swc	gustatory
data/fafb_sample/swc/720575940619072513.swc	gustatory
data/fafb_sample/swc/720575940634023961.swc	gustatory
data/fafb_sample/swc/720575940637689728.swc	gustatory
data/fafb_sample/swc/720575940632627660.swc	gustatory
data/fafb_sample/swc/720575940609476562.swc	gustatory
data/fafb_sample/swc/720575940623660558.swc	gustatory
data/fafb_sample/swc/720575940637580102.swc	gustatory
data/fafb_sample/swc/720575940626241636.swc	gustatory
data/fafb_sample/swc/720575940628265467.swc	gustatory
data/fafb_sample/swc/720575940621082623.swc	gustatory
data/fafb_sample/swc/720575940624792197.swc	gustatory
data/fafb_sample/swc/720575940616308921.swc	gustatory
data/fafb_sample/swc/720575940615089369.swc	gustatory
data/fafb_sample/swc/720575940629146711.swc	gustatory
data/fafb_sample/swc/720575940610296622.swc	gustatory
data/fafb_sample/swc/720575940616851286.swc	gustatory
data/fafb_sample/swc/720575940628673474.swc	gustatory
data/fafb_sample/swc/720575940638608803.swc	gustatory
data/fafb_sample/swc/720575940617510720.swc	gustatory
data/fafb_sample/swc/720575940645126020.swc	gustatory
data/fafb_sample/swc/720575940632146340.swc	gustatory
data/fafb_sample/swc/720575940613786774.swc	gustatory
data/fafb_sample/swc/720575940625907143.swc	gustatory
data/fafb_sample/swc/720575940616177458.swc	gustatory
data/fafb_sample/swc/720575940621509759.swc	gustatory
data/fafb_sample/swc/720575940630553415.swc	gustatory
data/fafb_sample/swc/720575940621916952.swc	gustatory
data/fafb_sample/swc/720575940621375231.swc	gustatory
data/fafb_sample/swc/720575940614281266.swc	gustatory
data/fafb_sample/swc/720575940629112887.swc	gustatory
data/fafb_sample/swc/720575940635791167.swc	gustatory
data/fafb_sample/swc/720575940622450924.swc	gustatory
data/fafb_sample/swc/720575940613080751.swc	gustatory
data/fafb_sample/swc/720575940604714528.swc	gustatory
data/fafb_sample/swc/720575940619103435.swc	gustatory
data/fafb_sample/swc/720575940608296917.swc	gustatory
data/fafb_sample/swc/720575940626217226.swc	gustatory
data/fafb_sample/swc/720575940625032548.swc	gustatory
data/fafb_sample/swc/720575940610481370.swc	gustatory
data/fafb_sample/swc/720575940626284036.swc	gustatory
data/fafb_sample/swc/720575940606002609.swc	gustatory
data/fafb_sample/swc/720575940626015242.swc	gustatory
data/fafb_sample/swc/720575940633791935.swc	gustatory
data/fafb_sample/swc/720575940628131778.swc	gustatory
data/fafb_sample/swc/720575940624310345.swc	gustatory
data/fafb_sample/swc/720575940614208914.swc	gustatory
data/fafb_sample/swc/720575940623629292.swc	gustatory
data/fafb_sample/swc/720575940621754367.swc	gustatory
data/fafb_sample/swc/720575940624967305.swc	gustatory
data/fafb_sample/swc/720575940624968841.swc	gustatory
data/fafb_sample/swc/720575940618709371.swc	gustatory
data/fafb_sample/swc/720575940634672610.swc	gustatory
data/fafb_sample/swc/720575940629481516.swc	gustatory
data/fafb_sample/swc/720575940610683315.swc	gustatory
data/fafb_sample/swc/720575940644157988.swc	gustatory
data/fafb_sample/swc/720575940629821500.swc	gustatory
data/fafb_sample/swc/720575940612445938.swc	gustatory
data/fafb_sample/swc/720575940637507645.swc	gustatory
data/fafb_sample/swc/720575940627438906.swc	gustatory
data/fafb_sample/swc/720575940616742657.swc	gustatory
data/fafb_sample/swc/720575940640601563.swc	gustatory
data/fafb_sample/swc/720575940633303988.swc	gustatory
data/fafb_sample/swc/720575940623183083.swc	gustatory
data/fafb_sample/swc/720575940625696601.swc	gustatory
data/fafb_sample/swc/720575940622199593.swc	gustatory
data/fafb_sample/swc/720575940619155403.swc	gustatory
data/fafb_sample/swc/720575940614302370.swc	gustatory
data/fafb_sample/swc/720575940628616271.swc	gustatory
data/fafb_sample/swc/720575940626163697.swc	gustatory
data/fafb_sample/swc/720575940621689880.swc	gustatory
data/fafb_sample/swc/720575940634683743.swc	gustatory
data/fafb_sample/swc/720575940612612581.swc	gustatory
data/fafb_sample/swc/720575940614830239.swc	gustatory
data/fafb_sample/swc/720575940617597268.swc	gustatory
data/fafb_sample/swc/720575940625526805.swc	gustatory
data/fafb_sample/swc/720575940603765937.swc	gustatory
data/fafb_sample/swc/720575940631147148.swc	gustatory
data/fafb_sample/swc/720575940610259406.swc	gustatory
data/fafb_sample/swc/720575940620185515.swc	gustatory
data/fafb_sample/swc/720575940623843145.swc	gustatory
data/fafb_sample/swc/720575940624433027.swc	gustatory
data/fafb_sample/swc/720575940613996959.swc	gustatory
data/fafb_sample/swc/720575940624310676.swc	gustatory
data/fafb_sample/swc/720575940632510479.swc	gustatory
data/fafb_sample/swc/720575940630882039.swc	gustatory
data/fafb_sample/swc/720575940628962407.swc	gustatory
data/fafb_sample/swc/720575940630233916.swc	gustatory
data/fafb_sample/swc/720575940614211295.swc	gustatory
data/fafb_sample/swc/720575940639198653.swc	gustatory
data/fafb_sample/swc/720575940616163701.swc	gustatory
data/fafb_sample/swc/720575940625615705.swc	gustatory
data/fafb_sample/swc/720575940631106664.swc	gustatory
data/fafb_sample/swc/720575940631092947.swc	gustatory
data/fafb_sample/swc/720575940627394376.swc	gustatory
data/fafb_sample/swc/720575940633366242.swc	gustatory
data/fafb_sample/swc/720575940621778381.swc	gustatory
data/fafb_sample/swc/720575940609533230.swc	gustatory
data/fafb_sample/swc/720575940620289701.swc	gustatory
data/fafb_sample/swc/720575940603266592.swc	gustatory
data/fafb_sample/swc/720575940617181725.swc	gustatory
data/fafb_sample/swc/720575940639043280.swc	gustatory
data/fafb_sample/swc/720575940628116476.swc	gustatory
data/fafb_sample/swc/720575940617398502.swc	gustatory
data/fafb_sample/swc/720575940625752778.swc	gustatory
data/fafb_sample/swc/720575940621502051.swc	gustatory
data/fafb_sample/swc/720575940627692048.swc	gustatory
data/fafb_sample/swc/720575940628329546.swc	gustatory
data/fafb_sample/swc/720575940614734186.swc	gustatory
data/fafb_sample/swc/720575940619793940.swc	gustatory
data/fafb_sample/swc/720575940604590048.swc	gustatory
data/fafb_sample/swc/720575940610981362.swc	gustatory
data/fafb_sample/swc/720575940634796536.swc	gustatory
data/fafb_sample/swc/720575940608664184.swc	gustatory
data/fafb_sample/swc/720575940617094208.swc	gustatory
data/fafb_sample/swc/720575940637562469.swc	gustatory
data/fafb_sample/swc/720575940621506943.swc	gustatory
data/fafb_sample/swc/720575940629358807.swc	gustatory
data/fafb_sample/swc/720575940629884119.swc	gustatory
data/fafb_sample/swc/720575940612950568.swc	gustatory
data/fafb_sample/swc/720575940617828766.swc	gustatory
data/fafb_sample/swc/720575940622236671.swc	gustatory
data/fafb_sample/swc/720575940645084548.swc	gustatory
data/fafb_sample/swc/720575940620296641.swc	gustatory
data/fafb_sample/swc/720575940618788944.swc	gustatory
data/fafb_sample/swc/720575940631082124.swc	gustatory
data/fafb_sample/swc/720575940644464919.swc	gustatory
data/fafb_sample/swc/720575940628891774.swc	gustatory
data/fafb_sample/swc/720575940612582514.swc	gustatory
data/fafb_sample/swc/720575940624266061.swc	gustatory
data/fafb_sample/swc/720575940619659861.swc	gustatory
data/fafb_sample/swc/720575940627588218.swc	gustatory
data/fafb_sample/swc/720575940604852146.swc	gustatory
data/fafb_sample/swc/720575940624963786.swc	gustatory
data/fafb_sample/swc/720575940625031610.swc	gustatory
data/fafb_sample/swc/720575940604018208.swc	gustatory
data/fafb_sample/swc/720575940638631843.swc	gustatory
data/fafb_sample/swc/720575940638813016.swc	gustatory
data/fafb_sample/swc/720575940631393484.swc	gustatory
data/fafb_sample/swc/720575940622604109.swc	gustatory
data/fafb_sample/swc/720575940622358057.swc	gustatory
data/fafb_sample/swc/720575940627402568.swc	gustatory
data/fafb_sample/swc/720575940626287336.swc	gustatory
data/fafb_sample/swc/720575940630229007.swc	gustatory
data/fafb_sample/swc/720575940631204163.swc	gustatory
data/fafb_sample/swc/720575940619421823.swc	gustatory
data/fafb_sample/swc/720575940631454433.swc	gustatory
data/fafb_sample/swc/720575940637568838.swc	gustatory
data/fafb_sample/swc/720575940624976572.swc	gustatory
data/fafb_sample/swc/720575940614190709.swc	gustatory
data/fafb_sample/swc/720575940610649442.swc	gustatory
data/fafb_sample/swc/720575940619028208.swc	gustatory
data/fafb_sample/swc/720575940624805765.swc	gustatory
data/fafb_sample/swc/720575940615261073.swc	gustatory
data/fafb_sample/swc/720575940645332259.swc	gustatory
data/fafb_sample/swc/720575940624604560.swc	gustatory
data/fafb_sample/swc/720575940629025324.swc	gustatory
data/fafb_sample/swc/720575940632302161.swc	gustatory
data/fafb_sample/swc/720575940636985422.swc	gustatory
data/fafb_sample/swc/720575940630893196.swc	gustatory
data/fafb_sample/swc/720575940629009468.swc	gustatory
data/fafb_sample/swc/720575940626983952.swc	gustatory
data/fafb_sample/swc/720575940638163940.swc	DAN
data/fafb_sample/swc/720575940622338269.swc	DAN
data/fafb_sample/swc/720575940621216982.swc	DAN
data/fafb_sample/swc/720575940631117586.swc	DAN
data/fafb_sample/swc/720575940633163711.swc	DAN
data/fafb_sample/swc/720575940623082665.swc	DAN
data/fafb_sample/swc/720575940621165488.swc	DAN
data/fafb_sample/swc/720575940621072816.swc	DAN
data/fafb_sample/swc/720575940611129698.swc	DAN
data/fafb_sample/swc/720575940606909826.swc	DAN
data/fafb_sample/swc/720575940622495092.swc	DAN
data/fafb_sample/swc/720575940620260800.swc	DAN
data/fafb_sample/swc/720575940630691159.swc	DAN
data/fafb_sample/swc/720575940619299054.swc	DAN
data/fafb_sample/swc/720575940611918578.swc	DAN
data/fafb_sample/swc/720575940623398524.swc	DAN
data/fafb_sample/swc/720575940631758393.swc	DAN
data/fafb_sample/swc/720575940637928164.swc	DAN
data/fafb_sample/swc/720575940626071482.swc	DAN
data/fafb_sample/swc/720575940619245016.swc	DAN
data/fafb_sample/swc/720575940630500293.swc	DAN
data/fafb_sample/swc/720575940626300444.swc	DAN
data/fafb_sample/swc/720575940645158179.swc	DAN
data/fafb_sample/swc/720575940610523746.swc	DAN
data/fafb_sample/swc/720575940613155490.swc	DAN
data/fafb_sample/swc/720575940630650063.swc	DAN
data/fafb_sample/swc/720575940620576238.swc	DAN
data/fafb_sample/swc/720575940633816857.swc	DAN
data/fafb_sample/swc/720575940628687207.swc	DAN
data/fafb_sample/swc/720575940634475119.swc	DAN
data/fafb_sample/swc/720575940606598089.swc	DAN
data/fafb_sample/swc/720575940616312949.swc	DAN
data/fafb_sample/swc/720575940643311501.swc	DAN
data/fafb_sample/swc/720575940637391582.swc	DAN
data/fafb_sample/swc/720575940633688476.swc	DAN
data/fafb_sample/swc/720575940636355685.swc	DAN
data/fafb_sample/swc/720575940632107335.swc	DAN
data/fafb_sample/swc/720575940630397527.swc	DAN
data/fafb_sample/swc/720575940627194501.swc	DAN
data/fafb_sample/swc/720575940634652523.swc	DAN
data/fafb_sample/swc/720575940612586981.swc	DAN
data/fafb_sample/swc/720575940622879891.swc	DAN
data/fafb_sample/swc/720575940610181496.swc	DAN
data/fafb_sample/swc/720575940631636035.swc	DAN
data/fafb_sample/swc/720575940631576903.swc	DAN
data/fafb_sample/swc/720575940621085622.swc	DAN
data/fafb_sample/swc/720575940629190615.swc	DAN
data/fafb_sample/swc/720575940627110931.swc	DAN
data/fafb_sample/swc/720575940623442173.swc	DAN
data/fafb_sample/swc/720575940625338249.swc	DAN
data/fafb_sample/swc/720575940620423533.swc	DAN
data/fafb_sample/swc/720575940639566406.swc	DAN
data/fafb_sample/swc/720575940620352646.swc	DAN
data/fafb_sample/swc/720575940625343550.swc	DAN
data/fafb_sample/swc/720575940628615683.swc	DAN
data/fafb_sample/swc/720575940613647007.swc	DAN
data/fafb_sample/swc/720575940614677810.swc	DAN
data/fafb_sample/swc/720575940631222841.swc	DAN
data/fafb_sample/swc/720575940640747864.swc	DAN
data/fafb_sample/swc/720575940629379415.swc	DAN
data/fafb_sample/swc/720575940612802479.swc	DAN
data/fafb_sample/swc/720575940644747828.swc	DAN
data/fafb_sample/swc/720575940628933419.swc	DAN
data/fafb_sample/swc/720575940607511900.swc	DAN
data/fafb_sample/swc/720575940626135122.swc	DAN
data/fafb_sample/swc/720575940622384227.swc	DAN
data/fafb_sample/swc/720575940635789431.swc	DAN
data/fafb_sample/swc/720575940631198776.swc	DAN
data/fafb_sample/swc/720575940626506472.swc	DAN
data/fafb_sample/swc/720575940612755618.swc	DAN
data/fafb_sample/swc/720575940626555800.swc	DAN
data/fafb_sample/swc/720575940638048070.swc	DAN
data/fafb_sample/swc/720575940629235047.swc	DAN
data/fafb_sample/swc/720575940635779959.swc	DAN
data/fafb_sample/swc/720575940620497217.swc	DAN
data/fafb_sample/swc/720575940628996455.swc	DAN
data/fafb_sample/swc/720575940631844492.swc	DAN
data/fafb_sample/swc/720575940630684943.swc	DAN
data/fafb_sample/swc/720575940631843724.swc	DAN
data/fafb_sample/swc/720575940610569028.swc	DAN
data/fafb_sample/swc/720575940633573783.swc	DAN
data/fafb_sample/swc/720575940630996684.swc	DAN
data/fafb_sample/swc/720575940628427369.swc	DAN
data/fafb_sample/swc/720575940618130833.swc	DAN
data/fafb_sample/swc/720575940628549379.swc	DAN
data/fafb_sample/swc/720575940640770957.swc	DAN
data/fafb_sample/swc/720575940607287561.swc	DAN
data/fafb_sample/swc/720575940639684696.swc	DAN
data/fafb_sample/swc/720575940633406745.swc	DAN
data/fafb_sample/swc/720575940623456915.swc	DAN
data/fafb_sample/swc/720575940623696647.swc	DAN
data/fafb_sample/swc/720575940646288419.swc	DAN
data/fafb_sample/swc/720575940637114334.swc	DAN
data/fafb_sample/swc/720575940634655851.swc	DAN
data/fafb_sample/swc/720575940636309093.swc	DAN
data/fafb_sample/swc/720575940624687850.swc	DAN
data/fafb_sample/swc/720575940613529770.swc	DAN
data/fafb_sample/swc/720575940631688808.swc	DAN
data/fafb_sample/swc/720575940620379233.swc	DAN
data/fafb_sample/swc/720575940605280201.swc	DAN
data/fafb_sample/swc/720575940633515490.swc	DAN
data/fafb_sample/swc/720575940625615248.swc	DAN
data/fafb_sample/swc/720575940647147908.swc	DAN
data/fafb_sample/swc/720575940631577901.swc	DAN
data/fafb_sample/swc/720575940627954375.swc	DAN
data/fafb_sample/swc/720575940620585710.swc	DAN
data/fafb_sample/swc/720575940615405718.swc	DAN
data/fafb_sample/swc/720575940635356316.swc	DAN
data/fafb_sample/swc/720575940629960192.swc	DAN
data/fafb_sample/swc/720575940608429835.swc	DAN
data/fafb_sample/swc/720575940620341931.swc	DAN
data/fafb_sample/swc/720575940646582836.swc	DAN
data/fafb_sample/swc/720575940625185613.swc	DAN
data/fafb_sample/swc/720575940615607975.swc	DAN
data/fafb_sample/swc/720575940619917248.swc	DAN
data/fafb_sample/swc/720575940619301185.swc	DAN
data/fafb_sample/swc/720575940612643954.swc	DAN
data/fafb_sample/swc/720575940637439465.swc	DAN
data/fafb_sample/swc/720575940613338152.swc	DAN
data/fafb_sample/swc/720575940624406986.swc	DAN
data/fafb_sample/swc/720575940626878460.swc	DAN
data/fafb_sample/swc/720575940605113376.swc	DAN
data/fafb_sample/swc/720575940627741799.swc	DAN
data/fafb_sample/swc/720575940627644584.swc	DAN
data/fafb_sample/swc/720575940627565820.swc	DAN
data/fafb_sample/swc/720575940624658215.swc	DAN
data/fafb_sample/swc/720575940619506993.swc	DAN
data/fafb_sample/swc/720575940628743362.swc	DAN
data/fafb_sample/swc/720575940619101062.swc	DAN
data/fafb_sample/swc/720575940621082996.swc	DAN
data/fafb_sample/swc/720575940620488513.swc	DAN
data/fafb_sample/swc/720575940621397253.swc	DAN
data/fafb_sample/swc/720575940624859725.swc	DAN
data/fafb_sample/swc/720575940615953202.swc	DAN
data/fafb_sample/swc/720575940636461710.swc	DAN
data/fafb_sample/swc/720575940617242841.swc	DAN
data/fafb_sample/swc/720575940630166267.swc	DAN
data/fafb_sample/swc/720575940615750562.swc	DAN
data/fafb_sample/swc/720575940640048768.swc	DAN
data/fafb_sample/swc/720575940637109214.swc	DAN
data/fafb_sample/swc/720575940616643924.swc	DAN
data/fafb_sample/swc/720575940627549205.swc	DAN
data/fafb_sample/swc/720575940607794443.swc	DAN
data/fafb_sample/swc/720575940622701808.swc	DAN
data/fafb_sample/swc/720575940608071435.swc	DAN
data/fafb_sample/swc/720575940624206728.swc	DAN
data/fafb_sample/swc/720575940642603464.swc	DAN
data/fafb_sample/swc/720575940630076887.swc	DAN
data/fafb_sample/swc/720575940615682246.swc	DAN
data/fafb_sample/swc/720575940633145996.swc	DAN
data/fafb_sample/swc/720575940618910075.swc	DAN
data/fafb_sample/swc/720575940642592416.swc	DAN
data/fafb_sample/swc/720575940621245124.swc	DAN
data/fafb_sample/swc/720575940619844261.swc	DAN
data/fafb_sample/swc/720575940625128067.swc	DAN
data/fafb_sample/swc/720575940631745367.swc	DAN
data/fafb_sample/swc/720575940622950605.swc	DAN
data/fafb_sample/swc/720575940630794703.swc	DAN
data/fafb_sample/swc/720575940619251416.swc	DAN
data/fafb_sample/swc/720575940634640023.swc	DAN
data/fafb_sample/swc/720575940622107869.swc	DAN
data/fafb_sample/swc/720575940631730349.swc	DAN
data/fafb_sample/swc/720575940616986769.swc	DAN
data/fafb_sample/swc/720575940635838655.swc	DAN
data/fafb_sample/swc/720575940625352456.swc	DAN
data/fafb_sample/swc/720575940614293485.swc	DAN
data/fafb_sample/swc/720575940625683716.swc	DAN
data/fafb_sample/swc/720575940605891040.swc	DAN
data/fafb_sample/swc/720575940632541523.swc	DAN
data/fafb_sample/swc/720575940636659886.swc	DAN
data/fafb_sample/swc/720575940625568186.swc	DAN
data/fafb_sample/swc/720575940639077283.swc	DAN
data/fafb_sample/swc/720575940633541857.swc	DAN
data/fafb_sample/swc/720575940633142498.swc	DAN
data/fafb_sample/swc/720575940619676224.swc	DAN
data/fafb_sample/swc/720575940621462512.swc	DAN
data/fafb_sample/swc/720575940646852660.swc	DAN
data/fafb_sample/swc/720575940637390302.swc	DAN
data/fafb_sample/swc/720575940619244248.swc	DAN
data/fafb_sample/swc/720575940628094663.swc	DAN
data/fafb_sample/swc/720575940632872365.swc	DAN
data/fafb_sample/swc/720575940608166748.swc	DAN
data/fafb_sample/swc/720575940624442564.swc	DAN
data/fafb_sample/swc/720575940642733216.swc	DAN
data/fafb_sample/swc/720575940624661031.swc	DAN
data/fafb_sample/swc/720575940621136519.swc	DAN
data/fafb_sample/swc/720575940660053121.swc	DAN
data/fafb_sample/swc/720575940621861637.swc	DAN
data/fafb_sample/swc/720575940607066123.swc	DAN
data/fafb_sample/swc/720575940637672425.swc	DAN
data/fafb_sample/swc/720575940619785492.swc	DAN
data/fafb_sample/swc/720575940620812865.swc	DAN
data/fafb_sample/swc/720575940620938150.swc	DAN
data/fafb_sample/swc/720575940614991221.swc	DAN
data/fafb_sample/swc/720575940643950190.swc	DAN
data/fafb_sample/swc/720575940626420045.swc	DAN
data/fafb_sample/swc/720575940631443304.swc	DAN
data/fafb_sample/swc/720575940643790536.swc	DAN
data/fafb_sample/swc/720575940622100774.swc	DAN
data/fafb_sample/swc/720575940628708139.swc	DAN
data/fafb_sample/swc/720575940630777631.swc	DAN
data/fafb_sample/swc/720575940620424813.swc	DAN
data/fafb_sample/swc/720575940630816207.swc	DAN
data/fafb_sample/swc/720575940630828485.swc	DAN
data/fafb_sample/swc/720575940612623474.swc	DAN
data/fafb_sample/swc/720575940622387981.swc	DAN
data/fafb_sample/swc/720575940617903643.swc	DAN
data/fafb_sample/swc/720575940649675897.swc	DAN
data/fafb_sample/swc/720575940621284446.swc	DAN
data/fafb_sample/swc/720575940626158364.swc	DAN
data/fafb_sample/swc/720575940639075150.swc	DAN
data/fafb_sample/swc/720575940638940469.swc	DAN
data/fafb_sample/swc/720575940631274794.swc	DAN
data/fafb_sample/swc/720575940643542688.swc	DAN
data/fafb_sample/swc/720575940604479590.swc	DAN
data/fafb_sample/swc/720575940614629799.swc	DAN
data/fafb_sample/swc/720575940630465398.swc	DAN
data/fafb_sample/swc/720575940617553809.swc	DAN
data/fafb_sample/swc/720575940623201023.swc	DAN
data/fafb_sample/swc/720575940604861356.swc	DAN
data/fafb_sample/swc/720575940631017258.swc	DAN
data/fafb_sample/swc/720575940631005046.swc	DAN
data/fafb_sample/swc/720575940626455326.swc	DAN
data/fafb_sample/swc/720575940624629223.swc	DAN
data/fafb_sample/swc/720575940627542415.swc	DAN
data/fafb_sample/swc/720575940621811803.swc	DAN
data/fafb_sample/swc/720575940617145561.swc	DAN
data/fafb_sample/swc/720575940608168028.swc	DAN
data/fafb_sample/swc/720575940638548021.swc	DAN
data/fafb_sample/swc/720575940644146724.swc	DAN
data/fafb_sample/swc/720575940629774891.swc	DAN
data/fafb_sample/swc/720575940614759029.swc	DAN
data/fafb_sample/swc/720575940618744118.swc	DAN
data/fafb_sample/swc/720575940620922790.swc	DAN
data/fafb_sample/swc/720575940645932579.swc	DAN
data/fafb_sample/swc/720575940619402576.swc	DAN
data/fafb_sample/swc/720575940612920999.swc	DAN
data/fafb_sample/swc/720575940643543200.swc	DAN
data/fafb_sample/swc/720575940606196098.swc	DAN
data/fafb_sample/swc/720575940646564916.swc	DAN
data/fafb_sample/swc/720575940616882757.swc	DAN
data/fafb_sample/swc/720575940611789810.swc	DAN
data/fafb_sample/swc/720575940610934114.swc	DAN
data/fafb_sample/swc/720575940609180611.swc	DAN
data/fafb_sample/swc/720575940629188507.swc	DAN
data/fafb_sample/swc/720575940621945855.swc	DAN
data/fafb_sample/swc/720575940624317419.swc	DAN
data/fafb_sample/swc/720575940627594568.swc	DAN
data/fafb_sample/swc/720575940627390507.swc	DAN
data/fafb_sample/swc/720575940627532104.swc	DAN
data/fafb_sample/swc/720575940641062901.swc	DAN
data/fafb_sample/swc/720575940629564286.swc	DAN
data/fafb_sample/swc/720575940626022074.swc	DAN
data/fafb_sample/swc/720575940630446329.swc	DAN
data/fafb_sample/swc/720575940619824244.swc	DAN
data/fafb_sample/swc/720575940634551959.swc	DAN
data/fafb_sample/swc/720575940617691170.swc	DAN
data/fafb_sample/swc/720575940654661281.swc	DAN
data/fafb_sample/swc/720575940624545940.swc	DAN
data/fafb_sample/swc/720575940617466395.swc	DAN
data/fafb_sample/swc/720575940621900321.swc	DAN
data/fafb_sample/swc/720575940619893419.swc	DAN
data/fafb_sample/swc/720575940615816498.swc	DAN
data/fafb_sample/swc/720575940629579836.swc	DAN
data/fafb_sample/swc/720575940633832628.swc	DAN
data/fafb_sample/swc/720575940621040737.swc	DAN
data/fafb_sample/swc/720575940621617286.swc	DAN
data/fafb_sample/swc/720575940625931266.swc	DAN
data/fafb_sample/swc/720575940618842929.swc	DAN
data/fafb_sample/swc/720575940630998287.swc	DAN
data/fafb_sample/swc/720575940634953079.swc	DAN
data/fafb_sample/swc/720575940618943389.swc	DAN
data/fafb_sample/swc/720575940612857878.swc	DAN
data/fafb_sample/swc/720575940619823536.swc	DAN
data/fafb_sample/swc/720575940621434145.swc	DAN
data/fafb_sample/swc/720575940622996941.swc	DAN
data/fafb_sample/swc/720575940630722956.swc	DAN
data/fafb_sample/swc/720575940649658745.swc	DAN
data/fafb_sample/swc/720575940650745977.swc	DAN
data/fafb_sample/swc/720575940625898633.swc	DAN
data/fafb_sample/swc/720575940630892631.swc	DAN
data/fafb_sample/swc/720575940604728800.swc	DAN
data/fafb_sample/swc/720575940630498811.swc	DAN
data/fafb_sample/swc/720575940628836412.swc	DAN
data/fafb_sample/swc/720575940621166256.swc	DAN
data/fafb_sample/swc/720575940613732271.swc	DAN
data/fafb_sample/swc/720575940608186498.swc	DAN
data/fafb_sample/swc/720575940618775943.swc	DAN
data/fafb_sample/swc/720575940630868271.swc	DAN
data/fafb_sample/swc/720575940609414468.swc	DAN
data/fafb_sample/swc/720575940627103877.swc	DAN
data/fafb_sample/swc/720575940621825630.swc	DAN
data/fafb_sample/swc/720575940617701633.swc	DAN
data/fafb_sample/swc/720575940616682838.swc	DAN
data/fafb_sample/swc/720575940623792055.swc	DAN
data/fafb_sample/swc/720575940639358579.swc	DAN
data/fafb_sample/swc/720575940624742414.swc	DAN
data/fafb_sample/swc/720575940631184439.swc	DAN
data/fafb_sample/swc/720575940628609127.swc	DAN
data/fafb_sample/swc/720575940630913221.swc	DAN
data/fafb_sample/swc/720575940630536441.swc	DAN
data/fafb_sample/swc/720575940628526735.swc	DAN
data/fafb_sample/swc/720575940649649785.swc	DAN
data/fafb_sample/swc/720575940653360289.swc	DAN
data/fafb_sample/swc/720575940641509595.swc	DAN
data/fafb_sample/swc/720575940625525265.swc	DAN
data/fafb_sample/swc/720575940633733401.swc	DAN
data/fafb_sample/swc/720575940630318951.swc	DAN
data/fafb_sample/swc/720575940620681837.swc	DAN
data/fafb_sample/swc/720575940631095087.swc	DAN
data/fafb_sample/swc/720575940632344290.swc	DAN
data/fafb_sample/swc/720575940621226405.swc	DAN
data/fafb_sample/swc/720575940619322328.swc	DAN
data/fafb_sample/swc/720575940660271745.swc	DAN
data/fafb_sample/swc/720575940647165828.swc	DAN
data/fafb_sample/swc/720575940642631387.swc	DAN
data/fafb_sample/swc/720575940622410189.swc	DAN
data/fafb_sample/swc/720575940642744264.swc	DAN
data/fafb_sample/swc/720575940621504794.swc	DAN
data/fafb_sample/swc/720575940605221065.swc	DAN
data/fafb_sample/swc/720575940622944403.swc	DAN
data/fafb_sample/swc/720575940608442633.swc	DAN
data/fafb_sample/swc/720575940627680516.swc	DAN
data/fafb_sample/swc/720575940610430254.swc	DAN
data/fafb_sample/swc/720575940658674049.swc	DAN
data/fafb_sample/swc/720575940631118610.swc	DAN
data/fafb_sample/swc/720575940648330105.swc	DAN
data/fafb_sample/swc/720575940620390822.swc	DAN
data/fafb_sample/swc/720575940625926693.swc	DAN
data/fafb_sample/swc/720575940613426838.swc	DAN
data/fafb_sample/swc/720575940623979593.swc	DAN
data/fafb_sample/swc/720575940606584766.swc	bilateral
data/fafb_sample/swc/720575940618006417.swc	bilateral
data/fafb_sample/swc/720575940622355894.swc	bilateral
data/fafb_sample/swc/720575940621258198.swc	bilateral
data/fafb_sample/swc/720575940627285860.swc	bilateral
data/fafb_sample/swc/720575940616046815.swc	bilateral
data/fafb_sample/swc/720575940612003938.swc	bilateral
data/fafb_sample/swc/720575940622037139.swc	bilateral
data/fafb_sample/swc/720575940624411283.swc	bilateral
data/fafb_sample/swc/720575940638642776.swc	bilateral
data/fafb_sample/swc/720575940626230524.swc	bilateral
data/fafb_sample/swc/720575940618561721.swc	bilateral
data/fafb_sample/swc/720575940631058908.swc	bilateral
data/fafb_sample/swc/720575940622785780.swc	bilateral
data/fafb_sample/swc/720575940612860273.swc	bilateral
data/fafb_sample/swc/720575940640884899.swc	bilateral
data/fafb_sample/swc/720575940615505298.swc	bilateral
data/fafb_sample/swc/720575940632157970.swc	bilateral
data/fafb_sample/swc/720575940644651208.swc	bilateral
data/fafb_sample/swc/720575940609476873.swc	bilateral
data/fafb_sample/swc/720575940630884908.swc	bilateral
data/fafb_sample/swc/720575940623463804.swc	bilateral
data/fafb_sample/swc/720575940622229569.swc	bilateral
data/fafb_sample/swc/720575940613392101.swc	bilateral
data/fafb_sample/swc/720575940629467495.swc	bilateral
data/fafb_sample/swc/720575940611812069.swc	bilateral
data/fafb_sample/swc/720575940623642904.swc	bilateral
data/fafb_sample/swc/720575940629745980.swc	bilateral
data/fafb_sample/swc/720575940635422871.swc	bilateral
data/fafb_sample/swc/720575940622368477.swc	bilateral
data/fafb_sample/swc/720575940613642725.swc	bilateral
data/fafb_sample/swc/720575940621006672.swc	bilateral
data/fafb_sample/swc/720575940646058094.swc	bilateral
data/fafb_sample/swc/720575940642509348.swc	bilateral
data/fafb_sample/swc/720575940621096583.swc	bilateral
data/fafb_sample/swc/720575940609382155.swc	bilateral
data/fafb_sample/swc/720575940634128063.swc	bilateral
data/fafb_sample/swc/720575940626112526.swc	bilateral
data/fafb_sample/swc/720575940630935916.swc	bilateral
data/fafb_sample/swc/720575940627277754.swc	bilateral
data/fafb_sample/swc/720575940660340353.swc	bilateral
data/fafb_sample/swc/720575940636543668.swc	bilateral
data/fafb_sample/swc/720575940620781515.swc	bilateral
data/fafb_sample/swc/720575940622696944.swc	bilateral
data/fafb_sample/swc/720575940633201223.swc	bilateral
data/fafb_sample/swc/720575940640856739.swc	bilateral
data/fafb_sample/swc/720575940614547375.swc	bilateral
data/fafb_sample/swc/720575940628465156.swc	bilateral
data/fafb_sample/swc/720575940623747145.swc	bilateral
data/fafb_sample/swc/720575940628226697.swc	bilateral
data/fafb_sample/swc/720575940626390549.swc	bilateral
data/fafb_sample/swc/720575940630882131.swc	bilateral
data/fafb_sample/swc/720575940607887561.swc	bilateral
data/fafb_sample/swc/720575940628880808.swc	bilateral
data/fafb_sample/swc/720575940624966076.swc	bilateral
data/fafb_sample/swc/720575940617422731.swc	bilateral
data/fafb_sample/swc/720575940632669800.swc	bilateral
data/fafb_sample/swc/720575940615530123.swc	bilateral
data/fafb_sample/swc/720575940618425949.swc	bilateral
data/fafb_sample/swc/720575940627854162.swc	bilateral
data/fafb_sample/swc/720575940613493733.swc	bilateral
data/fafb_sample/swc/720575940618902100.swc	bilateral
data/fafb_sample/swc/720575940626843536.swc	bilateral
data/fafb_sample/swc/720575940623696152.swc	bilateral
data/fafb_sample/swc/720575940622855497.swc	bilateral
data/fafb_sample/swc/720575940616397068.swc	bilateral
data/fafb_sample/swc/720575940629474307.swc	bilateral
data/fafb_sample/swc/720575940607791113.swc	bilateral
data/fafb_sample/swc/720575940614377955.swc	bilateral
data/fafb_sample/swc/720575940628982268.swc	bilateral
data/fafb_sample/swc/720575940622729087.swc	bilateral
data/fafb_sample/swc/720575940619181551.swc	bilateral
data/fafb_sample/swc/720575940625493000.swc	bilateral
data/fafb_sample/swc/720575940622740991.swc	bilateral
data/fafb_sample/swc/720575940614918261.swc	bilateral
data/fafb_sample/swc/720575940632891961.swc	bilateral
data/fafb_sample/swc/720575940640064573.swc	bilateral
data/fafb_sample/swc/720575940630420674.swc	bilateral
data/fafb_sample/swc/720575940619962417.swc	bilateral
data/fafb_sample/swc/720575940609385592.swc	bilateral
data/fafb_sample/swc/720575940625917735.swc	bilateral
data/fafb_sample/swc/720575940616431138.swc	bilateral
data/fafb_sample/swc/720575940625733453.swc	bilateral
data/fafb_sample/swc/720575940632076751.swc	bilateral
data/fafb_sample/swc/720575940621570496.swc	bilateral
data/fafb_sample/swc/720575940629420273.swc	bilateral
data/fafb_sample/swc/720575940616558548.swc	bilateral
data/fafb_sample/swc/720575940613706911.swc	bilateral
data/fafb_sample/swc/720575940614606767.swc	bilateral
data/fafb_sample/swc/720575940612258218.swc	bilateral
data/fafb_sample/swc/720575940619046469.swc	bilateral
data/fafb_sample/swc/720575940606739390.swc	bilateral
data/fafb_sample/swc/720575940613091290.swc	bilateral
data/fafb_sample/swc/720575940628486673.swc	bilateral
data/fafb_sample/swc/720575940635742911.swc	bilateral
data/fafb_sample/swc/720575940620582747.swc	bilateral
data/fafb_sample/swc/720575940618076345.swc	bilateral
data/fafb_sample/swc/720575940613986454.swc	bilateral
data/fafb_sample/swc/720575940640163773.swc	bilateral
data/fafb_sample/swc/720575940615139247.swc	bilateral
data/fafb_sample/swc/720575940624331144.swc	bilateral
data/fafb_sample/swc/720575940625970471.swc	bilateral
data/fafb_sample/swc/720575940626077735.swc	bilateral
data/fafb_sample/swc/720575940628791812.swc	bilateral
data/fafb_sample/swc/720575940648131460.swc	bilateral
data/fafb_sample/swc/720575940613753007.swc	bilateral
data/fafb_sample/swc/720575940618003515.swc	bilateral
data/fafb_sample/swc/720575940621680041.swc	bilateral
data/fafb_sample/swc/720575940624259720.swc	bilateral
data/fafb_sample/swc/720575940626388499.swc	bilateral
data/fafb_sample/swc/720575940625328648.swc	bilateral
data/fafb_sample/swc/720575940620009270.swc	bilateral
data/fafb_sample/swc/720575940614857611.swc	bilateral
data/fafb_sample/swc/720575940622690636.swc	bilateral
data/fafb_sample/swc/720575940623149089.swc	bilateral
data/fafb_sample/swc/720575940615013939.swc	bilateral
data/fafb_sample/swc/720575940617088780.swc	bilateral
data/fafb_sample/swc/720575940620330801.swc	bilateral
data/fafb_sample/swc/720575940620030885.swc	bilateral
data/fafb_sample/swc/720575940624477587.swc	bilateral
data/fafb_sample/swc/720575940628438805.swc	bilateral
data/fafb_sample/swc/720575940623656157.swc	bilateral
data/fafb_sample/swc/720575940615903455.swc	bilateral
data/fafb_sample/swc/720575940623132510.swc	bilateral
data/fafb_sample/swc/720575940631149532.swc	bilateral
data/fafb_sample/swc/720575940633341727.swc	bilateral
data/fafb_sample/swc/720575940637663918.swc	bilateral
data/fafb_sample/swc/720575940622246538.swc	bilateral
data/fafb_sample/swc/720575940630926075.swc	bilateral
data/fafb_sample/swc/720575940647935028.swc	bilateral
data/fafb_sample/swc/720575940640141757.swc	bilateral
data/fafb_sample/swc/720575940617219933.swc	bilateral
data/fafb_sample/swc/720575940607915698.swc	bilateral
data/fafb_sample/swc/720575940638874182.swc	bilateral
data/fafb_sample/swc/720575940633789011.swc	bilateral
data/fafb_sample/swc/720575940653625846.swc	bilateral
data/fafb_sample/swc/720575940631668551.swc	bilateral
data/fafb_sample/swc/720575940624664905.swc	bilateral
data/fafb_sample/swc/720575940653433590.swc	bilateral
data/fafb_sample/swc/720575940635014807.swc	bilateral
data/fafb_sample/swc/720575940627348617.swc	bilateral
data/fafb_sample/swc/720575940633524063.swc	bilateral
data/fafb_sample/swc/720575940631445591.swc	bilateral
data/fafb_sample/swc/720575940625734588.swc	bilateral
data/fafb_sample/swc/720575940640846221.swc	bilateral
data/fafb_sample/swc/720575940622366814.swc	bilateral
data/fafb_sample/swc/720575940661325697.swc	bilateral
data/fafb_sample/swc/720575940633367121.swc	bilateral
data/fafb_sample/swc/720575940614231277.swc	bilateral
data/fafb_sample/swc/720575940620490177.swc	bilateral
data/fafb_sample/swc/720575940615622050.swc	bilateral
data/fafb_sample/swc/720575940633572004.swc	bilateral
data/fafb_sample/swc/720575940619251182.swc	bilateral
data/fafb_sample/swc/720575940612992986.swc	bilateral
data/fafb_sample/swc/720575940609910229.swc	bilateral
data/fafb_sample/swc/720575940609180718.swc	bilateral
data/fafb_sample/swc/720575940618179289.swc	bilateral
data/fafb_sample/swc/720575940606641342.swc	bilateral
data/fafb_sample/swc/720575940633471583.swc	bilateral
data/fafb_sample/swc/720575940622724521.swc	bilateral
data/fafb_sample/swc/720575940620995660.swc	bilateral
data/fafb_sample/swc/720575940613523685.swc	bilateral
data/fafb_sample/swc/720575940616662284.swc	bilateral
data/fafb_sample/swc/720575940637051503.swc	bilateral
data/fafb_sample/swc/720575940638924378.swc	bilateral
data/fafb_sample/swc/720575940610191509.swc	bilateral
data/fafb_sample/swc/720575940611674834.swc	bilateral
data/fafb_sample/swc/720575940622336280.swc	bilateral
data/fafb_sample/swc/720575940626731920.swc	bilateral
data/fafb_sample/swc/720575940627277242.swc	bilateral
data/fafb_sample/swc/720575940624081919.swc	bilateral
data/fafb_sample/swc/720575940650685305.swc	bilateral
data/fafb_sample/swc/720575940630568830.swc	bilateral
data/fafb_sample/swc/720575940635749227.swc	bilateral
data/fafb_sample/swc/720575940620913493.swc	bilateral
data/fafb_sample/swc/720575940633406668.swc	bilateral
data/fafb_sample/swc/720575940616713996.swc	bilateral
data/fafb_sample/swc/720575940623167838.swc	bilateral
data/fafb_sample/swc/720575940621800539.swc	bilateral
data/fafb_sample/swc/720575940637692302.swc	bilateral
data/fafb_sample/swc/720575940619698752.swc	bilateral
data/fafb_sample/swc/720575940643399534.swc	bilateral
data/fafb_sample/swc/720575940608357762.swc	bilateral
data/fafb_sample/swc/720575940613351018.swc	bilateral
data/fafb_sample/swc/720575940640352419.swc	bilateral
data/fafb_sample/swc/720575940605931948.swc	bilateral
data/fafb_sample/swc/720575940625809852.swc	bilateral
data/fafb_sample/swc/720575940647182371.swc	bilateral
data/fafb_sample/swc/720575940604933344.swc	bilateral
data/fafb_sample/swc/720575940635960730.swc	bilateral
data/fafb_sample/swc/720575940624250812.swc	bilateral
data/fafb_sample/swc/720575940626403917.swc	bilateral
data/fafb_sample/swc/720575940623210409.swc	bilateral
data/fafb_sample/swc/720575940630647678.swc	bilateral
data/fafb_sample/swc/720575940633292708.swc	bilateral
data/fafb_sample/swc/720575940637169015.swc	bilateral
data/fafb_sample/swc/720575940629945131.swc	bilateral
data/fafb_sample/swc/720575940623126697.swc	bilateral
data/fafb_sample/swc/720575940620544239.swc	bilateral
data/fafb_sample/swc/720575940612499150.swc	bilateral
data/fafb_sample/swc/720575940611405102.swc	bilateral
data/fafb_sample/swc/720575940618368157.swc	bilateral
data/fafb_sample/swc/720575940647253795.swc	bilateral
data/fafb_sample/swc/720575940620354687.swc	bilateral
data/fafb_sample/swc/720575940629502224.swc	bilateral
data/fafb_sample/swc/720575940625714104.swc	bilateral
data/fafb_sample/swc/720575940616870725.swc	bilateral
data/fafb_sample/swc/720575940603539424.swc	bilateral
data/fafb_sample/swc/720575940612204949.swc	bilateral
data/fafb_sample/swc/720575940622153363.swc	bilateral
data/fafb_sample/swc/720575940621758145.swc	bilateral
data/fafb_sample/swc/720575940648313209.swc	bilateral
data/fafb_sample/swc/720575940634619060.swc	bilateral
data/fafb_sample/swc/720575940630668538.swc	bilateral
data/fafb_sample/swc/720575940617528693.swc	bilateral
data/fafb_sample/swc/720575940637229454.swc	bilateral
data/fafb_sample/swc/720575940627151050.swc	bilateral
data/fafb_sample/swc/720575940621965744.swc	bilateral
data/fafb_sample/swc/720575940621005428.swc	bilateral
data/fafb_sample/swc/720575940627758744.swc	bilateral
data/fafb_sample/swc/720575940618606715.swc	TuBu
data/fafb_sample/swc/720575940612053221.swc	TuBu
data/fafb_sample/swc/720575940613116778.swc	TuBu
data/fafb_sample/swc/720575940622665165.swc	TuBu
data/fafb_sample/swc/720575940621022685.swc	TuBu
data/fafb_sample/swc/720575940614258482.swc	TuBu
data/fafb_sample/swc/720575940624592934.swc	TuBu
data/fafb_sample/swc/720575940631148589.swc	TuBu
data/fafb_sample/swc/720575940634997134.swc	TuBu
data/fafb_sample/swc/720575940627640475.swc	TuBu
data/fafb_sample/swc/720575940629875247.swc	TuBu
data/fafb_sample/swc/720575940635218350.swc	TuBu
data/fafb_sample/swc/720575940623220372.swc	TuBu
data/fafb_sample/swc/720575940628275500.swc	TuBu
data/fafb_sample/swc/720575940615976861.swc	TuBu
data/fafb_sample/swc/720575940635121433.swc	TuBu
data/fafb_sample/swc/720575940624318757.swc	TuBu
data/fafb_sample/swc/720575940604278705.swc	TuBu
data/fafb_sample/swc/720575940631822663.swc	TuBu
data/fafb_sample/swc/720575940612170989.swc	TuBu
data/fafb_sample/swc/720575940612938902.swc	TuBu
data/fafb_sample/swc/720575940634996878.swc	TuBu
data/fafb_sample/swc/720575940622655181.swc	TuBu
data/fafb_sample/swc/720575940640370128.swc	TuBu
data/fafb_sample/swc/720575940611425429.swc	TuBu
data/fafb_sample/swc/720575940636531519.swc	TuBu
data/fafb_sample/swc/720575940627778137.swc	TuBu
data/fafb_sample/swc/720575940632288569.swc	TuBu
data/fafb_sample/swc/720575940612047853.swc	TuBu
data/fafb_sample/swc/720575940613129322.swc	TuBu
data/fafb_sample/swc/720575940618851521.swc	TuBu
data/fafb_sample/swc/720575940642837870.swc	TuBu
data/fafb_sample/swc/720575940626817354.swc	TuBu
data/fafb_sample/swc/720575940630159160.swc	TuBu
data/fafb_sample/swc/720575940606933003.swc	TuBu
data/fafb_sample/swc/720575940638048419.swc	TuBu
data/fafb_sample/swc/720575940621501453.swc	TuBu
data/fafb_sample/swc/720575940629657931.swc	TuBu
data/fafb_sample/swc/720575940622283900.swc	TuBu
data/fafb_sample/swc/720575940617644372.swc	TuBu
data/fafb_sample/swc/720575940631831879.swc	TuBu
data/fafb_sample/swc/720575940632566355.swc	TuBu
data/fafb_sample/swc/720575940633228615.swc	TuBu
data/fafb_sample/swc/720575940650743030.swc	TuBu
data/fafb_sample/swc/720575940629133820.swc	TuBu
data/fafb_sample/swc/720575940626927635.swc	TuBu
data/fafb_sample/swc/720575940617546619.swc	TuBu
data/fafb_sample/swc/720575940621501709.swc	TuBu
data/fafb_sample/swc/720575940620182305.swc	TuBu
data/fafb_sample/swc/720575940629574927.swc	TuBu
data/fafb_sample/swc/720575940635068046.swc	TuBu
data/fafb_sample/swc/720575940624346917.swc	TuBu
data/fafb_sample/swc/720575940632880224.swc	TuBu
data/fafb_sample/swc/720575940609579470.swc	TuBu
data/fafb_sample/swc/720575940621696708.swc	TuBu
data/fafb_sample/swc/720575940632894304.swc	TuBu
data/fafb_sample/swc/720575940633305951.swc	TuBu
data/fafb_sample/swc/720575940637567822.swc	TuBu
data/fafb_sample/swc/720575940611969773.swc	TuBu
data/fafb_sample/swc/720575940609542754.swc	TuBu
data/fafb_sample/swc/720575940624852508.swc	TuBu
data/fafb_sample/swc/720575940621172941.swc	TuBu
data/fafb_sample/swc/720575940622409991.swc	TuBu
data/fafb_sample/swc/720575940619215451.swc	TuBu
data/fafb_sample/swc/720575940621656966.swc	TuBu
data/fafb_sample/swc/720575940632424722.swc	TuBu
data/fafb_sample/swc/720575940625805906.swc	TuBu
data/fafb_sample/swc/720575940612942998.swc	TuBu
data/fafb_sample/swc/720575940615072943.swc	TuBu
data/fafb_sample/swc/720575940637053766.swc	TuBu
data/fafb_sample/swc/720575940634381207.swc	TuBu
data/fafb_sample/swc/720575940620474072.swc	TuBu
data/fafb_sample/swc/720575940622494699.swc	TuBu
data/fafb_sample/swc/720575940650343926.swc	TuBu
data/fafb_sample/swc/720575940619784374.swc	TuBu
data/fafb_sample/swc/720575940631993555.swc	TuBu
data/fafb_sample/swc/720575940644525859.swc	TuBu
data/fafb_sample/swc/720575940626925843.swc	TuBu
data/fafb_sample/swc/720575940624634040.swc	TuBu
data/fafb_sample/swc/720575940620846806.swc	TuBu
data/fafb_sample/swc/720575940630706247.swc	TuBu
data/fafb_sample/swc/720575940618014343.swc	TuBu
data/fafb_sample/swc/720575940623109612.swc	TuBu
data/fafb_sample/swc/720575940625819535.swc	TuBu
data/fafb_sample/swc/720575940622073235.swc	TuBu
data/fafb_sample/swc/720575940620848342.swc	TuBu
data/fafb_sample/swc/720575940606697858.swc	TuBu
data/fafb_sample/swc/720575940625848330.swc	TuBu
data/fafb_sample/swc/720575940610437093.swc	TuBu
data/fafb_sample/swc/720575940606864905.swc	TuBu
data/fafb_sample/swc/720575940640173646.swc	TuBu
data/fafb_sample/swc/720575940620423518.swc	TuBu
data/fafb_sample/swc/720575940631824455.swc	TuBu
data/fafb_sample/swc/720575940619172079.swc	TuBu
data/fafb_sample/swc/720575940620254079.swc	TuBu
data/fafb_sample/swc/720575940615846356.swc	TuBu
data/fafb_sample/swc/720575940626048540.swc	TuBu
data/fafb_sample/swc/720575940636237540.swc	TuBu
data/fafb_sample/swc/720575940620105498.swc	TuBu
data/fafb_sample/swc/720575940629469378.swc	TuBu
data/fafb_sample/swc/720575940620614310.swc	TuBu
data/fafb_sample/swc/720575940604969161.swc	TuBu
data/fafb_sample/swc/720575940629704252.swc	TuBu
data/fafb_sample/swc/720575940615935325.swc	TuBu
data/fafb_sample/swc/720575940621116039.swc	TuBu
data/fafb_sample/swc/720575940625175960.swc	TuBu
data/fafb_sample/swc/720575940631124397.swc	TuBu
data/fafb_sample/swc/720575940643251236.swc	TuBu
data/fafb_sample/swc/720575940613090710.swc	TuBu
data/fafb_sample/swc/720575940622062474.swc	TuBu
data/fafb_sample/swc/720575940630144323.swc	TuBu
data/fafb_sample/swc/720575940629681168.swc	TuBu
data/fafb_sample/swc/720575940618994603.swc	TuBu
data/fafb_sample/swc/720575940610931058.swc	TuBu
data/fafb_sample/swc/720575940612324333.swc	TuBu
data/fafb_sample/swc/720575940625503369.swc	TuBu
data/fafb_sample/swc/720575940612498984.swc	TuBu
data/fafb_sample/swc/720575940640124379.swc	TuBu
data/fafb_sample/swc/720575940623619335.swc	TuBu
data/fafb_sample/swc/720575940647317113.swc	TuBu
data/fafb_sample/swc/720575940615984596.swc	TuBu
data/fafb_sample/swc/720575940643182372.swc	TuBu
data/fafb_sample/swc/720575940640234203.swc	TuBu
data/fafb_sample/swc/720575940615973076.swc	TuBu
data/fafb_sample/swc/720575940615957393.swc	TuBu
data/fafb_sample/swc/720575940609648226.swc	TuBu
data/fafb_sample/swc/720575940627243267.swc	TuBu
data/fafb_sample/swc/720575940628078908.swc	TuBu
data/fafb_sample/swc/720575940618570661.swc	TuBu
data/fafb_sample/swc/720575940636779753.swc	TuBu
data/fafb_sample/swc/720575940634916709.swc	TuBu
data/fafb_sample/swc/720575940606670859.swc	TuBu
data/fafb_sample/swc/720575940626780422.swc	TuBu
data/fafb_sample/swc/720575940630788639.swc	TuBu
data/fafb_sample/swc/720575940609716430.swc	TuBu
data/fafb_sample/swc/720575940626007573.swc	TuBu
data/fafb_sample/swc/720575940610556529.swc	TuBu
data/fafb_sample/swc/720575940619118427.swc	TuBu
data/fafb_sample/swc/720575940641663696.swc	TuBu
data/fafb_sample/swc/720575940611971058.swc	TuBu
data/fafb_sample/swc/720575940608931396.swc	TuBu
data/fafb_sample/swc/720575940618882475.swc	TuBu
data/fafb_sample/swc/720575940621052118.swc	TuBu
data/fafb_sample/swc/720575940649638009.swc	TuBu
data/fafb_sample/swc/720575940618399141.swc	TuBu
data/fafb_sample/swc/720575940610659045.swc	TuBu
data/fafb_sample/swc/720575940626715377.swc	TuBu
data/fafb_sample/swc/720575940638612190.swc	TuBu
data/fafb_sample/swc/720575940617172436.swc	TuBu
data/fafb_sample/swc/720575940618733377.swc	TuBu
data/fafb_sample/swc/720575940604782624.swc	unknown_sensory
data/fafb_sample/swc/720575940620532976.swc	unknown_sensory
data/fafb_sample/swc/720575940623951591.swc	unknown_sensory
data/fafb_sample/swc/720575940613004402.swc	unknown_sensory
data/fafb_sample/swc/720575940638836285.swc	unknown_sensory
data/fafb_sample/swc/720575940627989609.swc	unknown_sensory
data/fafb_sample/swc/720575940645524003.swc	unknown_sensory
data/fafb_sample/swc/720575940633895469.swc	unknown_sensory
data/fafb_sample/swc/720575940639487054.swc	unknown_sensory
data/fafb_sample/swc/720575940634755041.swc	unknown_sensory
data/fafb_sample/swc/720575940646039092.swc	unknown_sensory
data/fafb_sample/swc/720575940637330921.swc	unknown_sensory
data/fafb_sample/swc/720575940619652033.swc	unknown_sensory
data/fafb_sample/swc/720575940620528990.swc	unknown_sensory
data/fafb_sample/swc/720575940630806267.swc	unknown_sensory
data/fafb_sample/swc/720575940637321847.swc	unknown_sensory
data/fafb_sample/swc/720575940624305812.swc	unknown_sensory
data/fafb_sample/swc/720575940618497616.swc	unknown_sensory
data/fafb_sample/swc/720575940626767152.swc	unknown_sensory
data/fafb_sample/swc/720575940631049064.swc	unknown_sensory
data/fafb_sample/swc/720575940619668741.swc	unknown_sensory
data/fafb_sample/swc/720575940633759840.swc	unknown_sensory
data/fafb_sample/swc/720575940635964302.swc	unknown_sensory
data/fafb_sample/swc/720575940635501560.swc	unknown_sensory
data/fafb_sample/swc/720575940624724458.swc	unknown_sensory
data/fafb_sample/swc/720575940611388595.swc	unknown_sensory
data/fafb_sample/swc/720575940633194029.swc	unknown_sensory
data/fafb_sample/swc/720575940620983637.swc	unknown_sensory
data/fafb_sample/swc/720575940621207517.swc	unknown_sensory
data/fafb_sample/swc/720575940604241510.swc	unknown_sensory
data/fafb_sample/swc/720575940638280270.swc	unknown_sensory
data/fafb_sample/swc/720575940632743649.swc	unknown_sensory
data/fafb_sample/swc/720575940621717025.swc	unknown_sensory
data/fafb_sample/swc/720575940631963821.swc	unknown_sensory
data/fafb_sample/swc/720575940610897906.swc	unknown_sensory
data/fafb_sample/swc/720575940624502269.swc	unknown_sensory
data/fafb_sample/swc/720575940637415843.swc	unknown_sensory
data/fafb_sample/swc/720575940607166731.swc	unknown_sensory
data/fafb_sample/swc/720575940606239666.swc	unknown_sensory
data/fafb_sample/swc/720575940618062365.swc	unknown_sensory
data/fafb_sample/swc/720575940627107271.swc	unknown_sensory
data/fafb_sample/swc/720575940617034713.swc	unknown_sensory
data/fafb_sample/swc/720575940616286395.swc	unknown_sensory
data/fafb_sample/swc/720575940634085786.swc	unknown_sensory
data/fafb_sample/swc/720575940606163842.swc	unknown_sensory
data/fafb_sample/swc/720575940631070239.swc	unknown_sensory
data/fafb_sample/swc/720575940625471896.swc	unknown_sensory
data/fafb_sample/swc/720575940633579360.swc	unknown_sensory
data/fafb_sample/swc/720575940615072662.swc	unknown_sensory
data/fafb_sample/swc/720575940617095005.swc	unknown_sensory
data/fafb_sample/swc/720575940633129171.swc	unknown_sensory
data/fafb_sample/swc/720575940635254117.swc	unknown_sensory
data/fafb_sample/swc/720575940640912291.swc	unknown_sensory
data/fafb_sample/swc/720575940617303857.swc	unknown_sensory
data/fafb_sample/swc/720575940610156697.swc	unknown_sensory
data/fafb_sample/swc/720575940641058523.swc	unknown_sensory
data/fafb_sample/swc/720575940622198230.swc	unknown_sensory
data/fafb_sample/swc/720575940621106465.swc	unknown_sensory
data/fafb_sample/swc/720575940630574659.swc	unknown_sensory
data/fafb_sample/swc/720575940626109982.swc	unknown_sensory
data/fafb_sample/swc/720575940626396803.swc	unknown_sensory
data/fafb_sample/swc/720575940623056422.swc	unknown_sensory
data/fafb_sample/swc/720575940611959011.swc	unknown_sensory
data/fafb_sample/swc/720575940650760825.swc	unknown_sensory
data/fafb_sample/swc/720575940622198772.swc	unknown_sensory
data/fafb_sample/swc/720575940631462969.swc	unknown_sensory
data/fafb_sample/swc/720575940631205580.swc	unknown_sensory
data/fafb_sample/swc/720575940637107312.swc	unknown_sensory
data/fafb_sample/swc/720575940629887695.swc	unknown_sensory
data/fafb_sample/swc/720575940612256938.swc	unknown_sensory
data/fafb_sample/swc/720575940636709958.swc	unknown_sensory
data/fafb_sample/swc/720575940633221090.swc	unknown_sensory
data/fafb_sample/swc/720575940639786830.swc	unknown_sensory
data/fafb_sample/swc/720575940648377209.swc	unknown_sensory
data/fafb_sample/swc/720575940618220480.swc	unknown_sensory
data/fafb_sample/swc/720575940619421311.swc	unknown_sensory
data/fafb_sample/swc/720575940625941022.swc	unknown_sensory
data/fafb_sample/swc/720575940627854595.swc	unknown_sensory
data/fafb_sample/swc/720575940632040749.swc	unknown_sensory
data/fafb_sample/swc/720575940625101360.swc	unknown_sensory
data/fafb_sample/swc/720575940620910716.swc	unknown_sensory
data/fafb_sample/swc/720575940615133789.swc	unknown_sensory
data/fafb_sample/swc/720575940605161388.swc	unknown_sensory
data/fafb_sample/swc/720575940645493283.swc	unknown_sensory
data/fafb_sample/swc/720575940633129683.swc	unknown_sensory
data/fafb_sample/swc/720575940627274578.swc	unknown_sensory
data/fafb_sample/swc/720575940619316603.swc	unknown_sensory
data/fafb_sample/swc/720575940626679317.swc	unknown_sensory
data/fafb_sample/swc/720575940623013564.swc	unknown_sensory
data/fafb_sample/swc/720575940641265549.swc	unknown_sensory
data/fafb_sample/swc/720575940607152476.swc	unknown_sensory
data/fafb_sample/swc/720575940625653029.swc	unknown_sensory
data/fafb_sample/swc/720575940639972816.swc	unknown_sensory
data/fafb_sample/swc/720575940627979782.swc	unknown_sensory
data/fafb_sample/swc/720575940613347474.swc	unknown_sensory
data/fafb_sample/swc/720575940638086256.swc	unknown_sensory
data/fafb_sample/swc/720575940624910373.swc	unknown_sensory
data/fafb_sample/swc/720575940633816986.swc	unknown_sensory
data/fafb_sample/swc/720575940612312499.swc	unknown_sensory
data/fafb_sample/swc/720575940612487574.swc	unknown_sensory
data/fafb_sample/swc/720575940637896245.swc	unknown_sensory
data/fafb_sample/swc/720575940614641202.swc	unknown_sensory
data/fafb_sample/swc/720575940632644639.swc	unknown_sensory
data/fafb_sample/swc/720575940619697134.swc	unknown_sensory
data/fafb_sample/swc/720575940638619214.swc	unknown_sensory
data/fafb_sample/swc/720575940629172218.swc	unknown_sensory
data/fafb_sample/swc/720575940624905572.swc	unknown_sensory
data/fafb_sample/swc/720575940604355872.swc	unknown_sensory
data/fafb_sample/swc/720575940624245768.swc	unknown_sensory
data/fafb_sample/swc/720575940628527439.swc	unknown_sensory
data/fafb_sample/swc/720575940605682790.swc	unknown_sensory
data/fafb_sample/swc/720575940638357813.swc	unknown_sensory
data/fafb_sample/swc/720575940625871181.swc	unknown_sensory
data/fafb_sample/swc/720575940613684370.swc	unknown_sensory
data/fafb_sample/swc/720575940631572141.swc	unknown_sensory
data/fafb_sample/swc/720575940659479937.swc	unknown_sensory
data/fafb_sample/swc/720575940631429707.swc	unknown_sensory
data/fafb_sample/swc/720575940626311049.swc	unknown_sensory
data/fafb_sample/swc/720575940630434616.swc	unknown_sensory
data/fafb_sample/swc/720575940630654539.swc	unknown_sensory
data/fafb_sample/swc/720575940633968045.swc	unknown_sensory
data/fafb_sample/swc/720575940627575596.swc	unknown_sensory
data/fafb_sample/swc/720575940619864596.swc	unknown_sensory
data/fafb_sample/swc/720575940630866939.swc	unknown_sensory
data/fafb_sample/swc/720575940653233569.swc	unknown_sensory
data/fafb_sample/swc/720575940625785731.swc	unknown_sensory
data/fafb_sample/swc/720575940622575754.swc	unknown_sensory
data/fafb_sample/swc/720575940627107465.swc	unknown_sensory
data/fafb_sample/swc/720575940622144648.swc	unknown_sensory
data/fafb_sample/swc/720575940644676900.swc	unknown_sensory
data/fafb_sample/swc/720575940645108936.swc	unknown_sensory
data/fafb_sample/swc/720575940638726717.swc	unknown_sensory
data/fafb_sample/swc/720575940624342569.swc	brain_motor_neuron
data/fafb_sample/swc/720575940622235930.swc	brain_motor_neuron
data/fafb_sample/swc/720575940615596850.swc	brain_motor_neuron
data/fafb_sample/swc/720575940639021757.swc	brain_motor_neuron
data/fafb_sample/swc/720575940616340639.swc	brain_motor_neuron
data/fafb_sample/swc/720575940616570966.swc	brain_motor_neuron
data/fafb_sample/swc/720575940628743752.swc	brain_motor_neuron
data/fafb_sample/swc/720575940618238523.swc	brain_motor_neuron
data/fafb_sample/swc/720575940629936348.swc	brain_motor_neuron
data/fafb_sample/swc/720575940622361270.swc	brain_motor_neuron
data/fafb_sample/swc/720575940621126384.swc	brain_motor_neuron
data/fafb_sample/swc/720575940629183643.swc	brain_motor_neuron
data/fafb_sample/swc/720575940607641010.swc	brain_motor_neuron
data/fafb_sample/swc/720575940632281927.swc	brain_motor_neuron
data/fafb_sample/swc/720575940646274670.swc	brain_motor_neuron
data/fafb_sample/swc/720575940610679876.swc	brain_motor_neuron
data/fafb_sample/swc/720575940620982966.swc	brain_motor_neuron
data/fafb_sample/swc/720575940633185567.swc	brain_motor_neuron
data/fafb_sample/swc/720575940635360924.swc	brain_motor_neuron
data/fafb_sample/swc/720575940636044143.swc	brain_motor_neuron
data/fafb_sample/swc/720575940624554170.swc	brain_motor_neuron
data/fafb_sample/swc/720575940637662697.swc	brain_motor_neuron
data/fafb_sample/swc/720575940660219265.swc	brain_motor_neuron
data/fafb_sample/swc/720575940622168052.swc	brain_motor_neuron
data/fafb_sample/swc/720575940640640061.swc	brain_motor_neuron
data/fafb_sample/swc/720575940629464582.swc	brain_motor_neuron
data/fafb_sample/swc/720575940614734754.swc	brain_motor_neuron
data/fafb_sample/swc/720575940634813536.swc	brain_motor_neuron
data/fafb_sample/swc/720575940635776760.swc	brain_motor_neuron
data/fafb_sample/swc/720575940629561347.swc	brain_motor_neuron
data/fafb_sample/swc/720575940623352063.swc	brain_motor_neuron
data/fafb_sample/swc/720575940619682368.swc	brain_motor_neuron
data/fafb_sample/swc/720575940622008560.swc	brain_motor_neuron
data/fafb_sample/swc/720575940630580854.swc	brain_motor_neuron
data/fafb_sample/swc/720575940645527918.swc	brain_motor_neuron
data/fafb_sample/swc/720575940624967612.swc	brain_motor_neuron
data/fafb_sample/swc/720575940628781333.swc	brain_motor_neuron
data/fafb_sample/swc/720575940618519710.swc	brain_motor_neuron
data/fafb_sample/swc/720575940647474979.swc	brain_motor_neuron
data/fafb_sample/swc/720575940626939737.swc	brain_motor_neuron
data/fafb_sample/swc/720575940628372613.swc	brain_motor_neuron
data/fafb_sample/swc/720575940622810153.swc	brain_motor_neuron
data/fafb_sample/swc/720575940640681680.swc	brain_motor_neuron
data/fafb_sample/swc/720575940636165624.swc	brain_motor_neuron
data/fafb_sample/swc/720575940622137633.swc	brain_motor_neuron
data/fafb_sample/swc/720575940620025620.swc	brain_motor_neuron
data/fafb_sample/swc/720575940630868793.swc	brain_motor_neuron
data/fafb_sample/swc/720575940618600246.swc	brain_motor_neuron
data/fafb_sample/swc/720575940630139386.swc	brain_motor_neuron
data/fafb_sample/swc/720575940624327572.swc	brain_motor_neuron
data/fafb_sample/swc/720575940620182181.swc	brain_motor_neuron
data/fafb_sample/swc/720575940607880578.swc	brain_motor_neuron
data/fafb_sample/swc/720575940624117528.swc	brain_motor_neuron
data/fafb_sample/swc/720575940621351412.swc	brain_motor_neuron
data/fafb_sample/swc/720575940628096586.swc	brain_motor_neuron
data/fafb_sample/swc/720575940624943084.swc	brain_motor_neuron
data/fafb_sample/swc/720575940626094350.swc	brain_motor_neuron
data/fafb_sample/swc/720575940620008112.swc	brain_motor_neuron
data/fafb_sample/swc/720575940615500030.swc	brain_motor_neuron
data/fafb_sample/swc/720575940645528430.swc	brain_motor_neuron
data/fafb_sample/swc/720575940625799513.swc	brain_motor_neuron
data/fafb_sample/swc/720575940621169690.swc	brain_motor_neuron
data/fafb_sample/swc/720575940618165019.swc	brain_motor_neuron
data/fafb_sample/swc/720575940618539810.swc	brain_motor_neuron
data/fafb_sample/swc/720575940623390246.swc	brain_motor_neuron
data/fafb_sample/swc/720575940641811419.swc	brain_motor_neuron
data/fafb_sample/swc/720575940605287358.swc	brain_motor_neuron
data/fafb_sample/swc/720575940630865724.swc	brain_motor_neuron
data/fafb_sample/swc/720575940625612474.swc	brain_motor_neuron
data/fafb_sample/swc/720575940628998659.swc	brain_motor_neuron
data/fafb_sample/swc/720575940620553654.swc	brain_motor_neuron
data/fafb_sample/swc/720575940633710756.swc	brain_motor_neuron
data/fafb_sample/swc/720575940632898105.swc	brain_motor_neuron
data/fafb_sample/swc/720575940650119289.swc	brain_motor_neuron
data/fafb_sample/swc/720575940661338497.swc	brain_motor_neuron
data/fafb_sample/swc/720575940628997123.swc	brain_motor_neuron
data/fafb_sample/swc/720575940623457535.swc	brain_motor_neuron
data/fafb_sample/swc/720575940621586854.swc	brain_motor_neuron
data/fafb_sample/swc/720575940628826128.swc	brain_motor_neuron
data/fafb_sample/swc/720575940613935535.swc	brain_motor_neuron
data/fafb_sample/swc/720575940615197747.swc	brain_motor_neuron
data/fafb_sample/swc/720575940644726432.swc	brain_motor_neuron
data/fafb_sample/swc/720575940623415849.swc	brain_motor_neuron
data/fafb_sample/swc/720575940623473335.swc	brain_motor_neuron
data/fafb_sample/swc/720575940607193986.swc	brain_motor_neuron
data/fafb_sample/swc/720575940623137818.swc	brain_motor_neuron
data/fafb_sample/swc/720575940624679463.swc	brain_motor_neuron
data/fafb_sample/swc/720575940628164612.swc	brain_motor_neuron
data/fafb_sample/swc/720575940633195148.swc	brain_motor_neuron
data/fafb_sample/swc/720575940610792290.swc	brain_motor_neuron
data/fafb_sample/swc/720575940630233404.swc	brain_motor_neuron
data/fafb_sample/swc/720575940632304711.swc	brain_motor_neuron
data/fafb_sample/swc/720575940614386070.swc	brain_motor_neuron
data/fafb_sample/swc/720575940617403622.swc	brain_motor_neuron
data/fafb_sample/swc/720575940612888178.swc	brain_motor_neuron
data/fafb_sample/swc/720575940645697828.swc	brain_motor_neuron
data/fafb_sample/swc/720575940608078347.swc	brain_motor_neuron
data/fafb_sample/swc/720575940611008718.swc	brain_motor_neuron
data/fafb_sample/swc/720575940648804217.swc	brain_motor_neuron
data/fafb_sample/swc/720575940627410451.swc	brain_motor_neuron
data/fafb_sample/swc/720575940623993015.swc	brain_motor_neuron
data/fafb_sample/swc/720575940631715896.swc	brain_motor_neuron
data/fafb_sample/swc/720575940631999080.swc	brain_motor_neuron
data/fafb_sample/swc/720575940629810748.swc	brain_motor_neuron
data/fafb_sample/swc/720575940629778554.swc	brain_motor_neuron
data/fafb_sample/swc/720575940631023099.swc	brain_motor_neuron
data/fafb_sample/swc/720575940612455338.swc	MBON
data/fafb_sample/swc/720575940643309197.swc	MBON
data/fafb_sample/swc/720575940635082347.swc	MBON
data/fafb_sample/swc/720575940627144069.swc	MBON
data/fafb_sample/swc/720575940631177803.swc	MBON
data/fafb_sample/swc/720575940611344078.swc	MBON
data/fafb_sample/swc/720575940628757547.swc	MBON
data/fafb_sample/swc/720575940652390134.swc	MBON
data/fafb_sample/swc/720575940607155890.swc	MBON
data/fafb_sample/swc/720575940645304430.swc	MBON
data/fafb_sample/swc/720575940616463477.swc	MBON
data/fafb_sample/swc/720575940624694503.swc	MBON
data/fafb_sample/swc/720575940642142861.swc	MBON
data/fafb_sample/swc/720575940621164720.swc	MBON
data/fafb_sample/swc/720575940628783363.swc	MBON
data/fafb_sample/swc/720575940622997453.swc	MBON
data/fafb_sample/swc/720575940615221811.swc	MBON
data/fafb_sample/swc/720575940629585602.swc	MBON
data/fafb_sample/swc/720575940622093436.swc	MBON
data/fafb_sample/swc/720575940637902938.swc	MBON
data/fafb_sample/swc/720575940624539284.swc	MBON
data/fafb_sample/swc/720575940622979277.swc	MBON
data/fafb_sample/swc/720575940626744921.swc	MBON
data/fafb_sample/swc/720575940623182847.swc	MBON
data/fafb_sample/swc/720575940638526278.swc	MBON
data/fafb_sample/swc/720575940643700640.swc	MBON
data/fafb_sample/swc/720575940624489964.swc	MBON
data/fafb_sample/swc/720575940647328900.swc	MBON
data/fafb_sample/swc/720575940624117245.swc	MBON
data/fafb_sample/swc/720575940623464316.swc	MBON
data/fafb_sample/swc/720575940623841463.swc	MBON
data/fafb_sample/swc/720575940633209647.swc	MBON
data/fafb_sample/swc/720575940630864847.swc	MBON
data/fafb_sample/swc/720575940623001480.swc	MBON
data/fafb_sample/swc/720575940623750325.swc	MBON
data/fafb_sample/swc/720575940635063135.swc	MBON
data/fafb_sample/swc/720575940634482783.swc	MBON
data/fafb_sample/swc/720575940626833021.swc	MBON
data/fafb_sample/swc/720575940626109315.swc	MBON
data/fafb_sample/swc/720575940632118343.swc	MBON
data/fafb_sample/swc/720575940626315010.swc	MBON
data/fafb_sample/swc/720575940618008859.swc	MBON
data/fafb_sample/swc/720575940623201833.swc	MBON
data/fafb_sample/swc/720575940614892182.swc	MBON
data/fafb_sample/swc/720575940606953858.swc	MBON
data/fafb_sample/swc/720575940621828443.swc	MBON
data/fafb_sample/swc/720575940643696288.swc	MBON
data/fafb_sample/swc/720575940620464321.swc	MBON
data/fafb_sample/swc/720575940616398303.swc	MBON
data/fafb_sample/swc/720575940617552340.swc	MBON
data/fafb_sample/swc/720575940634822751.swc	MBON
data/fafb_sample/swc/720575940620715224.swc	MBON
data/fafb_sample/swc/720575940629981440.swc	MBON
data/fafb_sample/swc/720575940639556467.swc	MBON
data/fafb_sample/swc/720575940624696810.swc	MBON
data/fafb_sample/swc/720575940644615716.swc	MBON
data/fafb_sample/swc/720575940635841143.swc	MBON
data/fafb_sample/swc/720575940636992368.swc	MBON
data/fafb_sample/swc/720575940624590316.swc	MBON
data/fafb_sample/swc/720575940630767959.swc	MBON
data/fafb_sample/swc/720575940623381956.swc	MBON
data/fafb_sample/swc/720575940617302365.swc	MBON
data/fafb_sample/swc/720575940610647416.swc	MBON
data/fafb_sample/swc/720575940617760257.swc	MBON
data/fafb_sample/swc/720575940624185095.swc	MBON
data/fafb_sample/swc/720575940618249797.swc	MBON
data/fafb_sample/swc/720575940643863496.swc	MBON
data/fafb_sample/swc/720575940623905719.swc	MBON
data/fafb_sample/swc/720575940639697827.swc	MBON
data/fafb_sample/swc/720575940630496374.swc	MBON
data/fafb_sample/swc/720575940629422086.swc	MBON
data/fafb_sample/swc/720575940629856515.swc	MBON
data/fafb_sample/swc/720575940624280328.swc	MBON
data/fafb_sample/swc/720575940628734376.swc	MBON
data/fafb_sample/swc/720575940630075703.swc	MBON
data/fafb_sample/swc/720575940614392999.swc	MBON
data/fafb_sample/swc/720575940632535756.swc	MBON
data/fafb_sample/swc/720575940609959637.swc	MBON
data/fafb_sample/swc/720575940614595218.swc	MBON
data/fafb_sample/swc/720575940650386553.swc	MBON
data/fafb_sample/swc/720575940624659943.swc	MBON
data/fafb_sample/swc/720575940608304220.swc	MBON
data/fafb_sample/swc/720575940617567206.swc	MBON
data/fafb_sample/swc/720575940629529722.swc	MBON
data/fafb_sample/swc/720575940612196850.swc	MBON
data/fafb_sample/swc/720575940614026193.swc	MBON
data/fafb_sample/swc/720575940638163428.swc	MBON
data/fafb_sample/swc/720575940638028607.swc	MBON
data/fafb_sample/swc/720575940637934308.swc	MBON
data/fafb_sample/swc/720575940617749538.swc	MBON
data/fafb_sample/swc/720575940623377802.swc	MBON
data/fafb_sample/swc/720575940638774606.swc	MBON
data/fafb_sample/swc/720575940632943277.swc	MBON
data/fafb_sample/swc/720575940621777391.swc	MBON
data/fafb_sample/swc/720575940619810389.swc	MBON
data/fafb_sample/swc/720575940610964946.swc	MBON
data/fafb_sample/swc/720575940624746940.swc	mAL
data/fafb_sample/swc/720575940619011494.swc	mAL
data/fafb_sample/swc/720575940604308401.swc	mAL
data/fafb_sample/swc/720575940608883780.swc	mAL
data/fafb_sample/swc/720575940631622225.swc	mAL
data/fafb_sample/swc/720575940617898456.swc	mAL
data/fafb_sample/swc/720575940615626018.swc	mAL
data/fafb_sample/swc/720575940647006516.swc	mAL
data/fafb_sample/swc/720575940634186906.swc	mAL
data/fafb_sample/swc/720575940620038433.swc	mAL
data/fafb_sample/swc/720575940628384778.swc	mAL
data/fafb_sample/swc/720575940626670869.swc	mAL
data/fafb_sample/swc/720575940638792611.swc	mAL
data/fafb_sample/swc/720575940625616521.swc	mAL
data/fafb_sample/swc/720575940627020487.swc	mAL
data/fafb_sample/swc/720575940644308503.swc	mAL
data/fafb_sample/swc/720575940645173960.swc	mAL
data/fafb_sample/swc/720575940626829840.swc	mAL
data/fafb_sample/swc/720575940612987134.swc	mAL
data/fafb_sample/swc/720575940625115422.swc	mAL
data/fafb_sample/swc/720575940633644183.swc	mAL
data/fafb_sample/swc/720575940634462304.swc	mAL
data/fafb_sample/swc/720575940629583914.swc	mAL
data/fafb_sample/swc/720575940631366061.swc	mAL
data/fafb_sample/swc/720575940615311628.swc	mAL
data/fafb_sample/swc/720575940609237187.swc	mAL
data/fafb_sample/swc/720575940636247273.swc	mAL
data/fafb_sample/swc/720575940632894690.swc	mAL
data/fafb_sample/swc/720575940660123777.swc	mAL
data/fafb_sample/swc/720575940625147645.swc	mAL
data/fafb_sample/swc/720575940620818029.swc	mAL
data/fafb_sample/swc/720575940624427466.swc	mAL
data/fafb_sample/swc/720575940634102639.swc	mAL
data/fafb_sample/swc/720575940641590491.swc	mAL
data/fafb_sample/swc/720575940611780648.swc	mAL
data/fafb_sample/swc/720575940611667173.swc	mAL
data/fafb_sample/swc/720575940646663044.swc	mAL
data/fafb_sample/swc/720575940628471811.swc	mAL
data/fafb_sample/swc/720575940614799007.swc	mAL
data/fafb_sample/swc/720575940619695750.swc	mAL
data/fafb_sample/swc/720575940631850521.swc	mAL
data/fafb_sample/swc/720575940628842314.swc	mAL
data/fafb_sample/swc/720575940637756760.swc	mAL
data/fafb_sample/swc/720575940637232447.swc	mAL
data/fafb_sample/swc/720575940630890040.swc	mAL
data/fafb_sample/swc/720575940621181004.swc	mAL
data/fafb_sample/swc/720575940633612258.swc	mAL
data/fafb_sample/swc/720575940622302727.swc	mAL
data/fafb_sample/swc/720575940609551826.swc	mAL
data/fafb_sample/swc/720575940628943619.swc	mAL
data/fafb_sample/swc/720575940629701451.swc	mAL
data/fafb_sample/swc/720575940614859893.swc	mAL
data/fafb_sample/swc/720575940646250804.swc	mAL
data/fafb_sample/swc/720575940614686003.swc	mAL
data/fafb_sample/swc/720575940623083046.swc	mAL
data/fafb_sample/swc/720575940636608142.swc	mAL
data/fafb_sample/swc/720575940623079095.swc	mAL
data/fafb_sample/swc/720575940632603548.swc	mAL
data/fafb_sample/swc/720575940623675367.swc	mAL
data/fafb_sample/swc/720575940622609591.swc	mAL
data/fafb_sample/swc/720575940641632653.swc	mAL
data/fafb_sample/swc/720575940620506049.swc	mAL
data/fafb_sample/swc/720575940631965357.swc	mAL
data/fafb_sample/swc/720575940661309057.swc	mAL
data/fafb_sample/swc/720575940619684928.swc	mAL
data/fafb_sample/swc/720575940621511704.swc	mAL
data/fafb_sample/swc/720575940629401163.swc	mAL
data/fafb_sample/swc/720575940616404820.swc	mAL
data/fafb_sample/swc/720575940642526756.swc	mAL
data/fafb_sample/swc/720575940621222792.swc	mAL
data/fafb_sample/swc/720575940616747830.swc	mAL
data/fafb_sample/swc/720575940627080872.swc	mAL
data/fafb_sample/swc/720575940613106582.swc	mAL
data/fafb_sample/swc/720575940634702967.swc	mAL
data/fafb_sample/swc/720575940618691419.swc	mAL
data/fafb_sample/swc/720575940628573911.swc	mAL
data/fafb_sample/swc/720575940634739886.swc	mAL
data/fafb_sample/swc/720575940614921501.swc	hygrosensory
data/fafb_sample/swc/720575940614711638.swc	hygrosensory
data/fafb_sample/swc/720575940635916942.swc	hygrosensory
data/fafb_sample/swc/720575940617665950.swc	hygrosensory
data/fafb_sample/swc/720575940623065013.swc	hygrosensory
data/fafb_sample/swc/720575940622700749.swc	hygrosensory
data/fafb_sample/swc/720575940627150991.swc	hygrosensory
data/fafb_sample/swc/720575940625148174.swc	hygrosensory
data/fafb_sample/swc/720575940614842262.swc	hygrosensory
data/fafb_sample/swc/720575940643707246.swc	hygrosensory
data/fafb_sample/swc/720575940622457028.swc	hygrosensory
data/fafb_sample/swc/720575940610460514.swc	hygrosensory
data/fafb_sample/swc/720575940626580361.swc	hygrosensory
data/fafb_sample/swc/720575940609792206.swc	hygrosensory
data/fafb_sample/swc/720575940617969961.swc	hygrosensory
data/fafb_sample/swc/720575940614570793.swc	hygrosensory
data/fafb_sample/swc/720575940615553397.swc	hygrosensory
data/fafb_sample/swc/720575940622112726.swc	hygrosensory
data/fafb_sample/swc/720575940618531544.swc	hygrosensory
data/fafb_sample/swc/720575940605264305.swc	hygrosensory
data/fafb_sample/swc/720575940604931249.swc	hygrosensory
data/fafb_sample/swc/720575940629693302.swc	hygrosensory
data/fafb_sample/swc/720575940625868184.swc	hygrosensory
data/fafb_sample/swc/720575940603820716.swc	hygrosensory
data/fafb_sample/swc/720575940633280107.swc	hygrosensory
data/fafb_sample/swc/720575940623030861.swc	hygrosensory
data/fafb_sample/swc/720575940613942557.swc	hygrosensory
data/fafb_sample/swc/720575940632714465.swc	hygrosensory
data/fafb_sample/swc/720575940638300093.swc	hygrosensory
data/fafb_sample/swc/720575940620602236.swc	hygrosensory
data/fafb_sample/swc/720575940620847086.swc	hygrosensory
data/fafb_sample/swc/720575940638509952.swc	hygrosensory
data/fafb_sample/swc/720575940622625097.swc	hygrosensory
data/fafb_sample/swc/720575940618574983.swc	hygrosensory
data/fafb_sample/swc/720575940613942045.swc	hygrosensory
data/fafb_sample/swc/720575940620459702.swc	hygrosensory
data/fafb_sample/swc/720575940628945516.swc	hygrosensory
data/fafb_sample/swc/720575940613942301.swc	hygrosensory
data/fafb_sample/swc/720575940630271862.swc	hygrosensory
data/fafb_sample/swc/720575940635767524.swc	hygrosensory
data/fafb_sample/swc/720575940623476661.swc	hygrosensory
data/fafb_sample/swc/720575940620634537.swc	hygrosensory
data/fafb_sample/swc/720575940622581651.swc	hygrosensory
data/fafb_sample/swc/720575940633274524.swc	hygrosensory
data/fafb_sample/swc/720575940625657928.swc	hygrosensory
data/fafb_sample/swc/720575940637096026.swc	hygrosensory
data/fafb_sample/swc/720575940614634786.swc	hygrosensory
data/fafb_sample/swc/720575940617986089.swc	hygrosensory
data/fafb_sample/swc/720575940627264262.swc	hygrosensory
data/fafb_sample/swc/720575940621009023.swc	hygrosensory
data/fafb_sample/swc/720575940617986345.swc	hygrosensory
data/fafb_sample/swc/720575940619075073.swc	hygrosensory
data/fafb_sample/swc/720575940620644446.swc	hygrosensory
data/fafb_sample/swc/720575940617987113.swc	hygrosensory
data/fafb_sample/swc/720575940637494837.swc	hygrosensory
data/fafb_sample/swc/720575940624011278.swc	hygrosensory
data/fafb_sample/swc/720575940630644281.swc	hygrosensory
data/fafb_sample/swc/720575940613914774.swc	hygrosensory
data/fafb_sample/swc/720575940651079158.swc	hygrosensory
data/fafb_sample/swc/720575940614996018.swc	hygrosensory
data/fafb_sample/swc/720575940633670904.swc	hygrosensory
data/fafb_sample/swc/720575940623209703.swc	hygrosensory
data/fafb_sample/swc/720575940648747385.swc	hygrosensory
data/fafb_sample/swc/720575940629275898.swc	hygrosensory
data/fafb_sample/swc/720575940627271230.swc	hygrosensory
data/fafb_sample/swc/720575940626125626.swc	hygrosensory
data/fafb_sample/swc/720575940613941533.swc	hygrosensory
data/fafb_sample/swc/720575940634781620.swc	hygrosensory
data/fafb_sample/swc/720575940616239873.swc	hygrosensory
data/fafb_sample/swc/720575940611377893.swc	hygrosensory
data/fafb_sample/swc/720575940630282297.swc	hygrosensory
data/fafb_sample/swc/720575940614919709.swc	hygrosensory
data/fafb_sample/swc/720575940626256992.swc	hygrosensory
data/fafb_sample/swc/720575940624673936.swc	hygrosensory
data/fafb_sample/swc/720575940626469519.swc	ocellar
data/fafb_sample/swc/720575940608126338.swc	ocellar
data/fafb_sample/swc/720575940615097490.swc	ocellar
data/fafb_sample/swc/720575940623634876.swc	ocellar
data/fafb_sample/swc/720575940615155631.swc	ocellar
data/fafb_sample/swc/720575940628112765.swc	ocellar
data/fafb_sample/swc/720575940632267112.swc	ocellar
data/fafb_sample/swc/720575940635155351.swc	ocellar
data/fafb_sample/swc/720575940632377913.swc	ocellar
data/fafb_sample/swc/720575940612733809.swc	ocellar
data/fafb_sample/swc/720575940645418007.swc	ocellar
data/fafb_sample/swc/720575940630751031.swc	ocellar
data/fafb_sample/swc/720575940616245446.swc	ocellar
data/fafb_sample/swc/720575940640142141.swc	ocellar
data/fafb_sample/swc/720575940627781395.swc	ocellar
data/fafb_sample/swc/720575940625314547.swc	ocellar
data/fafb_sample/swc/720575940628912390.swc	ocellar
data/fafb_sample/swc/720575940638511332.swc	ocellar
data/fafb_sample/swc/720575940621561697.swc	ocellar
data/fafb_sample/swc/720575940629666971.swc	ocellar
data/fafb_sample/swc/720575940621563841.swc	ocellar
data/fafb_sample/swc/720575940627552125.swc	ocellar
data/fafb_sample/swc/720575940609125641.swc	ocellar
data/fafb_sample/swc/720575940630282106.swc	ocellar
data/fafb_sample/swc/720575940621521323.swc	ocellar
data/fafb_sample/swc/720575940640230307.swc	ocellar
data/fafb_sample/swc/720575940620279376.swc	ocellar
data/fafb_sample/swc/720575940642544347.swc	ocellar
data/fafb_sample/swc/720575940621945385.swc	ocellar
data/fafb_sample/swc/720575940620321995.swc	ocellar
data/fafb_sample/swc/720575940634807708.swc	ocellar
data/fafb_sample/swc/720575940637046158.swc	ocellar
data/fafb_sample/swc/720575940628416232.swc	ocellar
data/fafb_sample/swc/720575940606139564.swc	ocellar
data/fafb_sample/swc/720575940634180833.swc	ocellar
data/fafb_sample/swc/720575940632231193.swc	ocellar
data/fafb_sample/swc/720575940627388056.swc	ocellar
data/fafb_sample/swc/720575940633771371.swc	ocellar
data/fafb_sample/swc/720575940622318085.swc	ocellar
data/fafb_sample/swc/720575940650265977.swc	ocellar
data/fafb_sample/swc/720575940627100346.swc	ocellar
data/fafb_sample/swc/720575940632192075.swc	ocellar
data/fafb_sample/swc/720575940626425034.swc	ocellar
data/fafb_sample/swc/720575940618765637.swc	ocellar
data/fafb_sample/swc/720575940621202670.swc	ocellar
data/fafb_sample/swc/720575940624615753.swc	ocellar
data/fafb_sample/swc/720575940622917500.swc	ocellar
data/fafb_sample/swc/720575940627702547.swc	ocellar
data/fafb_sample/swc/720575940613256086.swc	ocellar
data/fafb_sample/swc/720575940627972485.swc	ocellar
data/fafb_sample/swc/720575940631622393.swc	ocellar
data/fafb_sample/swc/720575940635338687.swc	ocellar
data/fafb_sample/swc/720575940633394861.swc	ocellar
data/fafb_sample/swc/720575940627874503.swc	ocellar
data/fafb_sample/swc/720575940609735363.swc	ocellar
data/fafb_sample/swc/720575940630169499.swc	ocellar
data/fafb_sample/swc/720575940622649633.swc	ocellar
data/fafb_sample/swc/720575940629102891.swc	ocellar
data/fafb_sample/swc/720575940621734126.swc	ocellar
data/fafb_sample/swc/720575940614236712.swc	ocellar
data/fafb_sample/swc/720575940622342494.swc	ocellar
data/fafb_sample/swc/720575940631187287.swc	ocellar
data/fafb_sample/swc/720575940633513645.swc	ocellar
